chunk_id,source_id,category,culture_region,norm_type,title,norm_statement,latent_variables,acceptable_when,unacceptable_when,ambiguity_factors,keywords,retrieval_text
RAG_SAC001,SAC001,family,US,adult independence,US: Adult Independence,Adult autonomy and privacy are commonly respected; informing parents is kind but not always expected.,actor; family member; age/status difference; public/private setting; autonomy vs obligation; tone,"The action is more likely to be acceptable when it respects the relevant relationship, minimizes embarrassment or harm, follows local expectations, and is communicated with appropriate consent or explanation.","The action is more likely to be unacceptable when it violates privacy, respect, hierarchy, reciprocity, commitment, or care expectations, especially in public or with a vulnerable/lower-power target.","Key ambiguity factors include relationship closeness, tone, consent, public vs private setting, relative status, and whether the action is routine, invited, necessary, or repeated.",adult; adult independence; always; autonomy; elders; expected; family; independence; informing; kind; marriage; norm; parents; privacy; relatives; respected; support; us,"Culture or social context: US. Norm domain: Adult Independence. Situation category: family. Norm: Adult autonomy and privacy are commonly respected; informing parents is kind but not always expected. Relevant latent variables: actor, family member, age/status difference, public/private setting, autonomy vs obligation, tone. Acceptable when: The action is more likely to be acceptable when it respects the relevant relationship, minimizes embarrassment or harm, follows local expectations, and is communicated with appropriate consent or explanation. Unacceptable when: The action is more likely to be unacceptable when it violates privacy, respect, hierarchy, reciprocity, commitment, or care expectations, especially in public or with a vulnerable/lower-power target. Ambiguity factors: Key ambiguity factors include relationship closeness, tone, consent, public vs private setting, relative status, and whether the action is routine, invited, necessary, or repeated."
RAG_SAC002,SAC002,family,China,family-involvement,China: Family Involvement,"Major life decisions are often shared with family, but expectations vary by age, distance, and family relationship.",actor; family member; age/status difference; public/private setting; autonomy vs obligation; tone,"The action is more likely to be acceptable when it respects the relevant relationship, minimizes embarrassment or harm, follows local expectations, and is communicated with appropriate consent or explanation.","The action is more likely to be unacceptable when it violates privacy, respect, hierarchy, reciprocity, commitment, or care expectations, especially in public or with a vulnerable/lower-power target.","Key ambiguity factors include relationship closeness, tone, consent, public vs private setting, relative status, and whether the action is routine, invited, necessary, or repeated.",china; decisions; distance; elders; expectations; family; family involvement; life; major; marriage; norm; often; parents; relationship; relatives; shared; support; vary,"Culture or social context: China. Norm domain: Family Involvement. Situation category: family. Norm: Major life decisions are often shared with family, but expectations vary by age, distance, and family relationship. Relevant latent variables: actor, family member, age/status difference, public/private setting, autonomy vs obligation, tone. Acceptable when: The action is more likely to be acceptable when it respects the relevant relationship, minimizes embarrassment or harm, follows local expectations, and is communicated with appropriate consent or explanation. Unacceptable when: The action is more likely to be unacceptable when it violates privacy, respect, hierarchy, reciprocity, commitment, or care expectations, especially in public or with a vulnerable/lower-power target. Ambiguity factors: Key ambiguity factors include relationship closeness, tone, consent, public vs private setting, relative status, and whether the action is routine, invited, necessary, or repeated."
RAG_SAC003,SAC003,family,US,personal-boundary,US: Personal Boundary,"Personal time and emotional boundaries are generally accepted, especially if communicated respectfully.",actor; family member; age/status difference; public/private setting; autonomy vs obligation; tone,"The action is more likely to be acceptable when it respects the relevant relationship, minimizes embarrassment or harm, follows local expectations, and is communicated with appropriate consent or explanation.","The action is more likely to be unacceptable when it violates privacy, respect, hierarchy, reciprocity, commitment, or care expectations, especially in public or with a vulnerable/lower-power target.","Key ambiguity factors include relationship closeness, tone, consent, public vs private setting, relative status, and whether the action is routine, invited, necessary, or repeated.",accepted; boundaries; communicated; elders; emotional; especially; family; marriage; norm; parents; personal; personal boundary; relatives; respectfully; support; time; us,"Culture or social context: US. Norm domain: Personal Boundary. Situation category: family. Norm: Personal time and emotional boundaries are generally accepted, especially if communicated respectfully. Relevant latent variables: actor, family member, age/status difference, public/private setting, autonomy vs obligation, tone. Acceptable when: The action is more likely to be acceptable when it respects the relevant relationship, minimizes embarrassment or harm, follows local expectations, and is communicated with appropriate consent or explanation. Unacceptable when: The action is more likely to be unacceptable when it violates privacy, respect, hierarchy, reciprocity, commitment, or care expectations, especially in public or with a vulnerable/lower-power target. Ambiguity factors: Key ambiguity factors include relationship closeness, tone, consent, public vs private setting, relative status, and whether the action is routine, invited, necessary, or repeated."
RAG_SAC004,SAC004,family,Italy,family-gathering,Italy: Family Gathering,"Family gatherings can be socially important, but acceptability depends on frequency, explanation, and relationship closeness.",actor; family member; age/status difference; public/private setting; autonomy vs obligation; tone,"The action is more likely to be acceptable when it respects the relevant relationship, minimizes embarrassment or harm, follows local expectations, and is communicated with appropriate consent or explanation.","The action is more likely to be unacceptable when it violates privacy, respect, hierarchy, reciprocity, commitment, or care expectations, especially in public or with a vulnerable/lower-power target.","Key ambiguity factors include relationship closeness, tone, consent, public vs private setting, relative status, and whether the action is routine, invited, necessary, or repeated.",closeness; elders; explanation; family; family gathering; frequency; gatherings; italy; marriage; norm; parents; relationship; relatives; socially; support,"Culture or social context: Italy. Norm domain: Family Gathering. Situation category: family. Norm: Family gatherings can be socially important, but acceptability depends on frequency, explanation, and relationship closeness. Relevant latent variables: actor, family member, age/status difference, public/private setting, autonomy vs obligation, tone. Acceptable when: The action is more likely to be acceptable when it respects the relevant relationship, minimizes embarrassment or harm, follows local expectations, and is communicated with appropriate consent or explanation. Unacceptable when: The action is more likely to be unacceptable when it violates privacy, respect, hierarchy, reciprocity, commitment, or care expectations, especially in public or with a vulnerable/lower-power target. Ambiguity factors: Key ambiguity factors include relationship closeness, tone, consent, public vs private setting, relative status, and whether the action is routine, invited, necessary, or repeated."
RAG_SAC005,SAC005,family,US,financial-independence,US: Financial Independence,"Individual financial responsibility is emphasized, but emergencies or close family obligations may change expectations.",actor; family member; age/status difference; public/private setting; autonomy vs obligation; tone,"The action is more likely to be acceptable when it respects the relevant relationship, minimizes embarrassment or harm, follows local expectations, and is communicated with appropriate consent or explanation.","The action is more likely to be unacceptable when it violates privacy, respect, hierarchy, reciprocity, commitment, or care expectations, especially in public or with a vulnerable/lower-power target.","Key ambiguity factors include relationship closeness, tone, consent, public vs private setting, relative status, and whether the action is routine, invited, necessary, or repeated.",change; close; elders; emergencies; emphasized; expectations; family; financial; financial independence; individual; marriage; norm; obligations; parents; relatives; responsibility; support; us,"Culture or social context: US. Norm domain: Financial Independence. Situation category: family. Norm: Individual financial responsibility is emphasized, but emergencies or close family obligations may change expectations. Relevant latent variables: actor, family member, age/status difference, public/private setting, autonomy vs obligation, tone. Acceptable when: The action is more likely to be acceptable when it respects the relevant relationship, minimizes embarrassment or harm, follows local expectations, and is communicated with appropriate consent or explanation. Unacceptable when: The action is more likely to be unacceptable when it violates privacy, respect, hierarchy, reciprocity, commitment, or care expectations, especially in public or with a vulnerable/lower-power target. Ambiguity factors: Key ambiguity factors include relationship closeness, tone, consent, public vs private setting, relative status, and whether the action is routine, invited, necessary, or repeated."
RAG_SAC006,SAC006,family,India,extended-family,India: Extended Family,"Family support may be expected, but obligation depends on resources, relationship, and circumstances.",actor; family member; age/status difference; public/private setting; autonomy vs obligation; tone,"The action is more likely to be acceptable when it respects the relevant relationship, minimizes embarrassment or harm, follows local expectations, and is communicated with appropriate consent or explanation.","The action is more likely to be unacceptable when it violates privacy, respect, hierarchy, reciprocity, commitment, or care expectations, especially in public or with a vulnerable/lower-power target.","Key ambiguity factors include relationship closeness, tone, consent, public vs private setting, relative status, and whether the action is routine, invited, necessary, or repeated.",circumstances; elders; expected; extended family; family; india; marriage; norm; obligation; parents; relationship; relatives; resources; support,"Culture or social context: India. Norm domain: Extended Family. Situation category: family. Norm: Family support may be expected, but obligation depends on resources, relationship, and circumstances. Relevant latent variables: actor, family member, age/status difference, public/private setting, autonomy vs obligation, tone. Acceptable when: The action is more likely to be acceptable when it respects the relevant relationship, minimizes embarrassment or harm, follows local expectations, and is communicated with appropriate consent or explanation. Unacceptable when: The action is more likely to be unacceptable when it violates privacy, respect, hierarchy, reciprocity, commitment, or care expectations, especially in public or with a vulnerable/lower-power target. Ambiguity factors: Key ambiguity factors include relationship closeness, tone, consent, public vs private setting, relative status, and whether the action is routine, invited, necessary, or repeated."
RAG_SAC007,SAC007,family,Korea,elder-respect,Korea: Elder Respect,Public criticism of parents can be seen as disrespectful because elder respect and family reputation are important.,actor; family member; age/status difference; public/private setting; autonomy vs obligation; tone,"The action is more likely to be acceptable when it respects the relevant relationship, minimizes embarrassment or harm, follows local expectations, and is communicated with appropriate consent or explanation.","The action is more likely to be unacceptable when it violates privacy, respect, hierarchy, reciprocity, commitment, or care expectations, especially in public or with a vulnerable/lower-power target.","Key ambiguity factors include relationship closeness, tone, consent, public vs private setting, relative status, and whether the action is routine, invited, necessary, or repeated.",because; criticism; disrespectful; elder; elder respect; elders; family; korea; marriage; norm; parents; public; relatives; reputation; respect; seen; support,"Culture or social context: Korea. Norm domain: Elder Respect. Situation category: family. Norm: Public criticism of parents can be seen as disrespectful because elder respect and family reputation are important. Relevant latent variables: actor, family member, age/status difference, public/private setting, autonomy vs obligation, tone. Acceptable when: The action is more likely to be acceptable when it respects the relevant relationship, minimizes embarrassment or harm, follows local expectations, and is communicated with appropriate consent or explanation. Unacceptable when: The action is more likely to be unacceptable when it violates privacy, respect, hierarchy, reciprocity, commitment, or care expectations, especially in public or with a vulnerable/lower-power target. Ambiguity factors: Key ambiguity factors include relationship closeness, tone, consent, public vs private setting, relative status, and whether the action is routine, invited, necessary, or repeated."
RAG_SAC008,SAC008,family,US,individual-expression,US: Individual Expression,"Open disagreement is allowed, but public criticism may still be viewed as hurtful depending on tone.",actor; family member; age/status difference; public/private setting; autonomy vs obligation; tone,"The action is more likely to be acceptable when it respects the relevant relationship, minimizes embarrassment or harm, follows local expectations, and is communicated with appropriate consent or explanation.","The action is more likely to be unacceptable when it violates privacy, respect, hierarchy, reciprocity, commitment, or care expectations, especially in public or with a vulnerable/lower-power target.","Key ambiguity factors include relationship closeness, tone, consent, public vs private setting, relative status, and whether the action is routine, invited, necessary, or repeated.",allowed; criticism; disagreement; elders; family; hurtful; individual expression; marriage; norm; open; parents; public; relatives; still; support; tone; us; viewed,"Culture or social context: US. Norm domain: Individual Expression. Situation category: family. Norm: Open disagreement is allowed, but public criticism may still be viewed as hurtful depending on tone. Relevant latent variables: actor, family member, age/status difference, public/private setting, autonomy vs obligation, tone. Acceptable when: The action is more likely to be acceptable when it respects the relevant relationship, minimizes embarrassment or harm, follows local expectations, and is communicated with appropriate consent or explanation. Unacceptable when: The action is more likely to be unacceptable when it violates privacy, respect, hierarchy, reciprocity, commitment, or care expectations, especially in public or with a vulnerable/lower-power target. Ambiguity factors: Key ambiguity factors include relationship closeness, tone, consent, public vs private setting, relative status, and whether the action is routine, invited, necessary, or repeated."
RAG_SAC009,SAC009,family,US,personal-boundary,US: Personal Boundary,Directly setting boundaries around personal life decisions is generally acceptable when done respectfully.,actor; family member; age/status difference; public/private setting; autonomy vs obligation; tone,"The action is more likely to be acceptable when it respects the relevant relationship, minimizes embarrassment or harm, follows local expectations, and is communicated with appropriate consent or explanation.","The action is more likely to be unacceptable when it violates privacy, respect, hierarchy, reciprocity, commitment, or care expectations, especially in public or with a vulnerable/lower-power target.","Key ambiguity factors include relationship closeness, tone, consent, public vs private setting, relative status, and whether the action is routine, invited, necessary, or repeated.",around; boundaries; decisions; directly; done; elders; family; life; marriage; norm; parents; personal; personal boundary; relatives; respectfully; setting; support; us,"Culture or social context: US. Norm domain: Personal Boundary. Situation category: family. Norm: Directly setting boundaries around personal life decisions is generally acceptable when done respectfully. Relevant latent variables: actor, family member, age/status difference, public/private setting, autonomy vs obligation, tone. Acceptable when: The action is more likely to be acceptable when it respects the relevant relationship, minimizes embarrassment or harm, follows local expectations, and is communicated with appropriate consent or explanation. Unacceptable when: The action is more likely to be unacceptable when it violates privacy, respect, hierarchy, reciprocity, commitment, or care expectations, especially in public or with a vulnerable/lower-power target. Ambiguity factors: Key ambiguity factors include relationship closeness, tone, consent, public vs private setting, relative status, and whether the action is routine, invited, necessary, or repeated."
RAG_SAC010,SAC010,family,China,family-advice,China: Family Advice,"Marriage advice from relatives may be common, but younger adults may still set boundaries depending on tone and relationship.",actor; family member; age/status difference; public/private setting; autonomy vs obligation; tone,"The action is more likely to be acceptable when it respects the relevant relationship, minimizes embarrassment or harm, follows local expectations, and is communicated with appropriate consent or explanation.","The action is more likely to be unacceptable when it violates privacy, respect, hierarchy, reciprocity, commitment, or care expectations, especially in public or with a vulnerable/lower-power target.","Key ambiguity factors include relationship closeness, tone, consent, public vs private setting, relative status, and whether the action is routine, invited, necessary, or repeated.",adults; advice; boundaries; china; common; elders; family; family advice; from; marriage; norm; parents; relationship; relatives; still; support; tone; younger,"Culture or social context: China. Norm domain: Family Advice. Situation category: family. Norm: Marriage advice from relatives may be common, but younger adults may still set boundaries depending on tone and relationship. Relevant latent variables: actor, family member, age/status difference, public/private setting, autonomy vs obligation, tone. Acceptable when: The action is more likely to be acceptable when it respects the relevant relationship, minimizes embarrassment or harm, follows local expectations, and is communicated with appropriate consent or explanation. Unacceptable when: The action is more likely to be unacceptable when it violates privacy, respect, hierarchy, reciprocity, commitment, or care expectations, especially in public or with a vulnerable/lower-power target. Ambiguity factors: Key ambiguity factors include relationship closeness, tone, consent, public vs private setting, relative status, and whether the action is routine, invited, necessary, or repeated."
RAG_SAC011,SAC011,relationship,US,workplace-privacy,US: Workplace Privacy,Relationship status is usually considered private in professional settings.,actor; partner/friend; privacy; trust; consent; public/private setting; closeness,"The action is more likely to be acceptable when it respects the relevant relationship, minimizes embarrassment or harm, follows local expectations, and is communicated with appropriate consent or explanation.","The action is more likely to be unacceptable when it violates privacy, respect, hierarchy, reciprocity, commitment, or care expectations, especially in public or with a vulnerable/lower-power target.","Key ambiguity factors include relationship closeness, tone, consent, public vs private setting, relative status, and whether the action is routine, invited, necessary, or repeated.",considered; dating; family introduction; jealousy; norm; partner; privacy; private; professional; relationship; settings; status; trust; us; workplace privacy,"Culture or social context: US. Norm domain: Workplace Privacy. Situation category: relationship. Norm: Relationship status is usually considered private in professional settings. Relevant latent variables: actor, partner/friend, privacy, trust, consent, public/private setting, closeness. Acceptable when: The action is more likely to be acceptable when it respects the relevant relationship, minimizes embarrassment or harm, follows local expectations, and is communicated with appropriate consent or explanation. Unacceptable when: The action is more likely to be unacceptable when it violates privacy, respect, hierarchy, reciprocity, commitment, or care expectations, especially in public or with a vulnerable/lower-power target. Ambiguity factors: Key ambiguity factors include relationship closeness, tone, consent, public vs private setting, relative status, and whether the action is routine, invited, necessary, or repeated."
RAG_SAC012,SAC012,relationship,India,marriage-salience,India: Marriage Salience,"Marriage may be commonly discussed socially, but asking in a workplace can still be intrusive.",actor; partner/friend; privacy; trust; consent; public/private setting; closeness,"The action is more likely to be acceptable when it respects the relevant relationship, minimizes embarrassment or harm, follows local expectations, and is communicated with appropriate consent or explanation.","The action is more likely to be unacceptable when it violates privacy, respect, hierarchy, reciprocity, commitment, or care expectations, especially in public or with a vulnerable/lower-power target.","Key ambiguity factors include relationship closeness, tone, consent, public vs private setting, relative status, and whether the action is routine, invited, necessary, or repeated.",asking; dating; discussed; family introduction; india; intrusive; jealousy; marriage; marriage salience; norm; partner; privacy; relationship; socially; still; trust; workplace,"Culture or social context: India. Norm domain: Marriage Salience. Situation category: relationship. Norm: Marriage may be commonly discussed socially, but asking in a workplace can still be intrusive. Relevant latent variables: actor, partner/friend, privacy, trust, consent, public/private setting, closeness. Acceptable when: The action is more likely to be acceptable when it respects the relevant relationship, minimizes embarrassment or harm, follows local expectations, and is communicated with appropriate consent or explanation. Unacceptable when: The action is more likely to be unacceptable when it violates privacy, respect, hierarchy, reciprocity, commitment, or care expectations, especially in public or with a vulnerable/lower-power target. Ambiguity factors: Key ambiguity factors include relationship closeness, tone, consent, public vs private setting, relative status, and whether the action is routine, invited, necessary, or repeated."
RAG_SAC013,SAC013,relationship,US,privacy,US: Privacy,"Acceptability depends on closeness, consent, and whether the person is comfortable discussing it publicly.",actor; partner/friend; privacy; trust; consent; public/private setting; closeness,"The action is more likely to be acceptable when it respects the relevant relationship, minimizes embarrassment or harm, follows local expectations, and is communicated with appropriate consent or explanation.","The action is more likely to be unacceptable when it violates privacy, respect, hierarchy, reciprocity, commitment, or care expectations, especially in public or with a vulnerable/lower-power target.","Key ambiguity factors include relationship closeness, tone, consent, public vs private setting, relative status, and whether the action is routine, invited, necessary, or repeated.",closeness; comfortable; consent; dating; discussing; family introduction; jealousy; norm; partner; person; privacy; publicly; relationship; trust; us; whether,"Culture or social context: US. Norm domain: Privacy. Situation category: relationship. Norm: Acceptability depends on closeness, consent, and whether the person is comfortable discussing it publicly. Relevant latent variables: actor, partner/friend, privacy, trust, consent, public/private setting, closeness. Acceptable when: The action is more likely to be acceptable when it respects the relevant relationship, minimizes embarrassment or harm, follows local expectations, and is communicated with appropriate consent or explanation. Unacceptable when: The action is more likely to be unacceptable when it violates privacy, respect, hierarchy, reciprocity, commitment, or care expectations, especially in public or with a vulnerable/lower-power target. Ambiguity factors: Key ambiguity factors include relationship closeness, tone, consent, public vs private setting, relative status, and whether the action is routine, invited, necessary, or repeated."
RAG_SAC014,SAC014,relationship,Japan,privacy-and-harmony,Japan: Privacy And Harmony,Publicly raising private topics may embarrass the person and disturb social harmony.,actor; partner/friend; privacy; trust; consent; public/private setting; closeness,"The action is more likely to be acceptable when it respects the relevant relationship, minimizes embarrassment or harm, follows local expectations, and is communicated with appropriate consent or explanation.","The action is more likely to be unacceptable when it violates privacy, respect, hierarchy, reciprocity, commitment, or care expectations, especially in public or with a vulnerable/lower-power target.","Key ambiguity factors include relationship closeness, tone, consent, public vs private setting, relative status, and whether the action is routine, invited, necessary, or repeated.",dating; disturb; embarrass; family introduction; harmony; japan; jealousy; norm; partner; person; privacy; privacy and harmony; private; publicly; raising; relationship; social; topics,"Culture or social context: Japan. Norm domain: Privacy And Harmony. Situation category: relationship. Norm: Publicly raising private topics may embarrass the person and disturb social harmony. Relevant latent variables: actor, partner/friend, privacy, trust, consent, public/private setting, closeness. Acceptable when: The action is more likely to be acceptable when it respects the relevant relationship, minimizes embarrassment or harm, follows local expectations, and is communicated with appropriate consent or explanation. Unacceptable when: The action is more likely to be unacceptable when it violates privacy, respect, hierarchy, reciprocity, commitment, or care expectations, especially in public or with a vulnerable/lower-power target. Ambiguity factors: Key ambiguity factors include relationship closeness, tone, consent, public vs private setting, relative status, and whether the action is routine, invited, necessary, or repeated."
RAG_SAC015,SAC015,relationship,US,relationship-privacy,US: Relationship Privacy,Privacy and consent are important in relationships; suspicion does not usually justify checking someone’s phone.,actor; partner/friend; privacy; trust; consent; public/private setting; closeness,"The action is more likely to be acceptable when it respects the relevant relationship, minimizes embarrassment or harm, follows local expectations, and is communicated with appropriate consent or explanation.","The action is more likely to be unacceptable when it violates privacy, respect, hierarchy, reciprocity, commitment, or care expectations, especially in public or with a vulnerable/lower-power target.","Key ambiguity factors include relationship closeness, tone, consent, public vs private setting, relative status, and whether the action is routine, invited, necessary, or repeated.",checking; consent; dating; does; family introduction; jealousy; justify; norm; partner; phone; privacy; relationship; relationship privacy; relationships; someone; suspicion; trust; us,"Culture or social context: US. Norm domain: Relationship Privacy. Situation category: relationship. Norm: Privacy and consent are important in relationships; suspicion does not usually justify checking someone’s phone. Relevant latent variables: actor, partner/friend, privacy, trust, consent, public/private setting, closeness. Acceptable when: The action is more likely to be acceptable when it respects the relevant relationship, minimizes embarrassment or harm, follows local expectations, and is communicated with appropriate consent or explanation. Unacceptable when: The action is more likely to be unacceptable when it violates privacy, respect, hierarchy, reciprocity, commitment, or care expectations, especially in public or with a vulnerable/lower-power target. Ambiguity factors: Key ambiguity factors include relationship closeness, tone, consent, public vs private setting, relative status, and whether the action is routine, invited, necessary, or repeated."
RAG_SAC016,SAC016,relationship,Brazil,relationship-trust,Brazil: Relationship Trust,Trust and privacy are still important; jealousy may be understood emotionally but does not make the action acceptable.,actor; partner/friend; privacy; trust; consent; public/private setting; closeness,"The action is more likely to be acceptable when it respects the relevant relationship, minimizes embarrassment or harm, follows local expectations, and is communicated with appropriate consent or explanation.","The action is more likely to be unacceptable when it violates privacy, respect, hierarchy, reciprocity, commitment, or care expectations, especially in public or with a vulnerable/lower-power target.","Key ambiguity factors include relationship closeness, tone, consent, public vs private setting, relative status, and whether the action is routine, invited, necessary, or repeated.",action; brazil; dating; does; emotionally; family introduction; jealousy; make; norm; partner; privacy; relationship; relationship trust; still; trust; understood,"Culture or social context: Brazil. Norm domain: Relationship Trust. Situation category: relationship. Norm: Trust and privacy are still important; jealousy may be understood emotionally but does not make the action acceptable. Relevant latent variables: actor, partner/friend, privacy, trust, consent, public/private setting, closeness. Acceptable when: The action is more likely to be acceptable when it respects the relevant relationship, minimizes embarrassment or harm, follows local expectations, and is communicated with appropriate consent or explanation. Unacceptable when: The action is more likely to be unacceptable when it violates privacy, respect, hierarchy, reciprocity, commitment, or care expectations, especially in public or with a vulnerable/lower-power target. Ambiguity factors: Key ambiguity factors include relationship closeness, tone, consent, public vs private setting, relative status, and whether the action is routine, invited, necessary, or repeated."
RAG_SAC017,SAC017,relationship,Germany,direct-communication,Germany: Direct Communication,"Direct feedback may be acceptable, but kindness and relationship context still matter.",actor; partner/friend; privacy; trust; consent; public/private setting; closeness,"The action is more likely to be acceptable when it respects the relevant relationship, minimizes embarrassment or harm, follows local expectations, and is communicated with appropriate consent or explanation.","The action is more likely to be unacceptable when it violates privacy, respect, hierarchy, reciprocity, commitment, or care expectations, especially in public or with a vulnerable/lower-power target.","Key ambiguity factors include relationship closeness, tone, consent, public vs private setting, relative status, and whether the action is routine, invited, necessary, or repeated.",context; dating; direct; direct communication; family introduction; feedback; germany; jealousy; kindness; matter; norm; partner; privacy; relationship; still; trust,"Culture or social context: Germany. Norm domain: Direct Communication. Situation category: relationship. Norm: Direct feedback may be acceptable, but kindness and relationship context still matter. Relevant latent variables: actor, partner/friend, privacy, trust, consent, public/private setting, closeness. Acceptable when: The action is more likely to be acceptable when it respects the relevant relationship, minimizes embarrassment or harm, follows local expectations, and is communicated with appropriate consent or explanation. Unacceptable when: The action is more likely to be unacceptable when it violates privacy, respect, hierarchy, reciprocity, commitment, or care expectations, especially in public or with a vulnerable/lower-power target. Ambiguity factors: Key ambiguity factors include relationship closeness, tone, consent, public vs private setting, relative status, and whether the action is routine, invited, necessary, or repeated."
RAG_SAC018,SAC018,relationship,Thailand,face-saving,Thailand: Face Saving,Direct negative comments may embarrass the person; softer indirect feedback is preferred.,actor; partner/friend; privacy; trust; consent; public/private setting; closeness,"The action is more likely to be acceptable when it respects the relevant relationship, minimizes embarrassment or harm, follows local expectations, and is communicated with appropriate consent or explanation.","The action is more likely to be unacceptable when it violates privacy, respect, hierarchy, reciprocity, commitment, or care expectations, especially in public or with a vulnerable/lower-power target.","Key ambiguity factors include relationship closeness, tone, consent, public vs private setting, relative status, and whether the action is routine, invited, necessary, or repeated.",comments; dating; direct; embarrass; face saving; family introduction; feedback; indirect; jealousy; negative; norm; partner; person; preferred; privacy; relationship; softer; thailand,"Culture or social context: Thailand. Norm domain: Face Saving. Situation category: relationship. Norm: Direct negative comments may embarrass the person; softer indirect feedback is preferred. Relevant latent variables: actor, partner/friend, privacy, trust, consent, public/private setting, closeness. Acceptable when: The action is more likely to be acceptable when it respects the relevant relationship, minimizes embarrassment or harm, follows local expectations, and is communicated with appropriate consent or explanation. Unacceptable when: The action is more likely to be unacceptable when it violates privacy, respect, hierarchy, reciprocity, commitment, or care expectations, especially in public or with a vulnerable/lower-power target. Ambiguity factors: Key ambiguity factors include relationship closeness, tone, consent, public vs private setting, relative status, and whether the action is routine, invited, necessary, or repeated."
RAG_SAC019,SAC019,relationship,US,autonomy,US: Autonomy,Relationship pacing is often treated as an individual choice.,actor; partner/friend; privacy; trust; consent; public/private setting; closeness,"The action is more likely to be acceptable when it respects the relevant relationship, minimizes embarrassment or harm, follows local expectations, and is communicated with appropriate consent or explanation.","The action is more likely to be unacceptable when it violates privacy, respect, hierarchy, reciprocity, commitment, or care expectations, especially in public or with a vulnerable/lower-power target.","Key ambiguity factors include relationship closeness, tone, consent, public vs private setting, relative status, and whether the action is routine, invited, necessary, or repeated.",autonomy; choice; dating; family introduction; individual; jealousy; norm; often; pacing; partner; privacy; relationship; treated; trust; us,"Culture or social context: US. Norm domain: Autonomy. Situation category: relationship. Norm: Relationship pacing is often treated as an individual choice. Relevant latent variables: actor, partner/friend, privacy, trust, consent, public/private setting, closeness. Acceptable when: The action is more likely to be acceptable when it respects the relevant relationship, minimizes embarrassment or harm, follows local expectations, and is communicated with appropriate consent or explanation. Unacceptable when: The action is more likely to be unacceptable when it violates privacy, respect, hierarchy, reciprocity, commitment, or care expectations, especially in public or with a vulnerable/lower-power target. Ambiguity factors: Key ambiguity factors include relationship closeness, tone, consent, public vs private setting, relative status, and whether the action is routine, invited, necessary, or repeated."
RAG_SAC020,SAC020,relationship,China,family-introduction,China: Family Introduction,"Meeting family may signal seriousness, but timing expectations vary across families and regions.",actor; partner/friend; privacy; trust; consent; public/private setting; closeness,"The action is more likely to be acceptable when it respects the relevant relationship, minimizes embarrassment or harm, follows local expectations, and is communicated with appropriate consent or explanation.","The action is more likely to be unacceptable when it violates privacy, respect, hierarchy, reciprocity, commitment, or care expectations, especially in public or with a vulnerable/lower-power target.","Key ambiguity factors include relationship closeness, tone, consent, public vs private setting, relative status, and whether the action is routine, invited, necessary, or repeated.",across; china; dating; expectations; families; family; family introduction; jealousy; meeting; norm; partner; privacy; regions; relationship; seriousness; signal; timing; trust,"Culture or social context: China. Norm domain: Family Introduction. Situation category: relationship. Norm: Meeting family may signal seriousness, but timing expectations vary across families and regions. Relevant latent variables: actor, partner/friend, privacy, trust, consent, public/private setting, closeness. Acceptable when: The action is more likely to be acceptable when it respects the relevant relationship, minimizes embarrassment or harm, follows local expectations, and is communicated with appropriate consent or explanation. Unacceptable when: The action is more likely to be unacceptable when it violates privacy, respect, hierarchy, reciprocity, commitment, or care expectations, especially in public or with a vulnerable/lower-power target. Ambiguity factors: Key ambiguity factors include relationship closeness, tone, consent, public vs private setting, relative status, and whether the action is routine, invited, necessary, or repeated."
RAG_SAC021,SAC021,workplace,US,informal-workplace,US: Informal Workplace,Many workplaces use first names to signal approachability and flat hierarchy.,employee; coworker/manager; hierarchy; professional role; public/private setting; policy expectations,"The action is more likely to be acceptable when it respects the relevant relationship, minimizes embarrassment or harm, follows local expectations, and is communicated with appropriate consent or explanation.","The action is more likely to be unacceptable when it violates privacy, respect, hierarchy, reciprocity, commitment, or care expectations, especially in public or with a vulnerable/lower-power target.","Key ambiguity factors include relationship closeness, tone, consent, public vs private setting, relative status, and whether the action is routine, invited, necessary, or repeated.",approachability; boss; coworker; feedback; first; flat; hierarchy; informal workplace; manager; many; names; norm; overtime; signal; us; workplace; workplaces,"Culture or social context: US. Norm domain: Informal Workplace. Situation category: workplace. Norm: Many workplaces use first names to signal approachability and flat hierarchy. Relevant latent variables: employee, coworker/manager, hierarchy, professional role, public/private setting, policy expectations. Acceptable when: The action is more likely to be acceptable when it respects the relevant relationship, minimizes embarrassment or harm, follows local expectations, and is communicated with appropriate consent or explanation. Unacceptable when: The action is more likely to be unacceptable when it violates privacy, respect, hierarchy, reciprocity, commitment, or care expectations, especially in public or with a vulnerable/lower-power target. Ambiguity factors: Key ambiguity factors include relationship closeness, tone, consent, public vs private setting, relative status, and whether the action is routine, invited, necessary, or repeated."
RAG_SAC022,SAC022,workplace,Japan,formal-hierarchy,Japan: Formal Hierarchy,Titles and honorifics often express respect for hierarchy and role.,employee; coworker/manager; hierarchy; professional role; public/private setting; policy expectations,"The action is more likely to be acceptable when it respects the relevant relationship, minimizes embarrassment or harm, follows local expectations, and is communicated with appropriate consent or explanation.","The action is more likely to be unacceptable when it violates privacy, respect, hierarchy, reciprocity, commitment, or care expectations, especially in public or with a vulnerable/lower-power target.","Key ambiguity factors include relationship closeness, tone, consent, public vs private setting, relative status, and whether the action is routine, invited, necessary, or repeated.",boss; coworker; express; feedback; formal hierarchy; hierarchy; honorifics; japan; manager; norm; often; overtime; respect; role; titles; workplace,"Culture or social context: Japan. Norm domain: Formal Hierarchy. Situation category: workplace. Norm: Titles and honorifics often express respect for hierarchy and role. Relevant latent variables: employee, coworker/manager, hierarchy, professional role, public/private setting, policy expectations. Acceptable when: The action is more likely to be acceptable when it respects the relevant relationship, minimizes embarrassment or harm, follows local expectations, and is communicated with appropriate consent or explanation. Unacceptable when: The action is more likely to be unacceptable when it violates privacy, respect, hierarchy, reciprocity, commitment, or care expectations, especially in public or with a vulnerable/lower-power target. Ambiguity factors: Key ambiguity factors include relationship closeness, tone, consent, public vs private setting, relative status, and whether the action is routine, invited, necessary, or repeated."
RAG_SAC023,SAC023,workplace,Netherlands,direct-discussion,Netherlands: Direct Discussion,Direct disagreement can be acceptable when focused on ideas rather than personal criticism.,employee; coworker/manager; hierarchy; professional role; public/private setting; policy expectations,"The action is more likely to be acceptable when it respects the relevant relationship, minimizes embarrassment or harm, follows local expectations, and is communicated with appropriate consent or explanation.","The action is more likely to be unacceptable when it violates privacy, respect, hierarchy, reciprocity, commitment, or care expectations, especially in public or with a vulnerable/lower-power target.","Key ambiguity factors include relationship closeness, tone, consent, public vs private setting, relative status, and whether the action is routine, invited, necessary, or repeated.",boss; coworker; criticism; direct; direct discussion; disagreement; feedback; focused; ideas; manager; netherlands; norm; overtime; personal; rather; than; when; workplace,"Culture or social context: Netherlands. Norm domain: Direct Discussion. Situation category: workplace. Norm: Direct disagreement can be acceptable when focused on ideas rather than personal criticism. Relevant latent variables: employee, coworker/manager, hierarchy, professional role, public/private setting, policy expectations. Acceptable when: The action is more likely to be acceptable when it respects the relevant relationship, minimizes embarrassment or harm, follows local expectations, and is communicated with appropriate consent or explanation. Unacceptable when: The action is more likely to be unacceptable when it violates privacy, respect, hierarchy, reciprocity, commitment, or care expectations, especially in public or with a vulnerable/lower-power target. Ambiguity factors: Key ambiguity factors include relationship closeness, tone, consent, public vs private setting, relative status, and whether the action is routine, invited, necessary, or repeated."
RAG_SAC024,SAC024,workplace,China,authority-and-face,China: Authority And Face,Public disagreement with a manager may cause loss of face; private discussion is often preferred.,employee; coworker/manager; hierarchy; professional role; public/private setting; policy expectations,"The action is more likely to be acceptable when it respects the relevant relationship, minimizes embarrassment or harm, follows local expectations, and is communicated with appropriate consent or explanation.","The action is more likely to be unacceptable when it violates privacy, respect, hierarchy, reciprocity, commitment, or care expectations, especially in public or with a vulnerable/lower-power target.","Key ambiguity factors include relationship closeness, tone, consent, public vs private setting, relative status, and whether the action is routine, invited, necessary, or repeated.",authority and face; boss; cause; china; coworker; disagreement; discussion; face; feedback; loss; manager; norm; often; overtime; preferred; private; public; with,"Culture or social context: China. Norm domain: Authority And Face. Situation category: workplace. Norm: Public disagreement with a manager may cause loss of face; private discussion is often preferred. Relevant latent variables: employee, coworker/manager, hierarchy, professional role, public/private setting, policy expectations. Acceptable when: The action is more likely to be acceptable when it respects the relevant relationship, minimizes embarrassment or harm, follows local expectations, and is communicated with appropriate consent or explanation. Unacceptable when: The action is more likely to be unacceptable when it violates privacy, respect, hierarchy, reciprocity, commitment, or care expectations, especially in public or with a vulnerable/lower-power target. Ambiguity factors: Key ambiguity factors include relationship closeness, tone, consent, public vs private setting, relative status, and whether the action is routine, invited, necessary, or repeated."
RAG_SAC025,SAC025,workplace,Germany,work-life-boundary,Germany: Work Life Boundary,Leaving on time after completing work is generally compatible with work-life balance norms.,employee; coworker/manager; hierarchy; professional role; public/private setting; policy expectations,"The action is more likely to be acceptable when it respects the relevant relationship, minimizes embarrassment or harm, follows local expectations, and is communicated with appropriate consent or explanation.","The action is more likely to be unacceptable when it violates privacy, respect, hierarchy, reciprocity, commitment, or care expectations, especially in public or with a vulnerable/lower-power target.","Key ambiguity factors include relationship closeness, tone, consent, public vs private setting, relative status, and whether the action is routine, invited, necessary, or repeated.",after; balance; boss; compatible; completing; coworker; feedback; germany; leaving; manager; norm; norms; overtime; time; with; work; work life; work life boundary,"Culture or social context: Germany. Norm domain: Work Life Boundary. Situation category: workplace. Norm: Leaving on time after completing work is generally compatible with work-life balance norms. Relevant latent variables: employee, coworker/manager, hierarchy, professional role, public/private setting, policy expectations. Acceptable when: The action is more likely to be acceptable when it respects the relevant relationship, minimizes embarrassment or harm, follows local expectations, and is communicated with appropriate consent or explanation. Unacceptable when: The action is more likely to be unacceptable when it violates privacy, respect, hierarchy, reciprocity, commitment, or care expectations, especially in public or with a vulnerable/lower-power target. Ambiguity factors: Key ambiguity factors include relationship closeness, tone, consent, public vs private setting, relative status, and whether the action is routine, invited, necessary, or repeated."
RAG_SAC026,SAC026,workplace,Japan,overtime-presence,Japan: Overtime Presence,"Staying later may signal commitment in some workplaces, though norms are changing.",employee; coworker/manager; hierarchy; professional role; public/private setting; policy expectations,"The action is more likely to be acceptable when it respects the relevant relationship, minimizes embarrassment or harm, follows local expectations, and is communicated with appropriate consent or explanation.","The action is more likely to be unacceptable when it violates privacy, respect, hierarchy, reciprocity, commitment, or care expectations, especially in public or with a vulnerable/lower-power target.","Key ambiguity factors include relationship closeness, tone, consent, public vs private setting, relative status, and whether the action is routine, invited, necessary, or repeated.",boss; changing; commitment; coworker; feedback; japan; later; manager; norm; norms; overtime; overtime presence; signal; some; staying; though; workplace; workplaces,"Culture or social context: Japan. Norm domain: Overtime Presence. Situation category: workplace. Norm: Staying later may signal commitment in some workplaces, though norms are changing. Relevant latent variables: employee, coworker/manager, hierarchy, professional role, public/private setting, policy expectations. Acceptable when: The action is more likely to be acceptable when it respects the relevant relationship, minimizes embarrassment or harm, follows local expectations, and is communicated with appropriate consent or explanation. Unacceptable when: The action is more likely to be unacceptable when it violates privacy, respect, hierarchy, reciprocity, commitment, or care expectations, especially in public or with a vulnerable/lower-power target. Ambiguity factors: Key ambiguity factors include relationship closeness, tone, consent, public vs private setting, relative status, and whether the action is routine, invited, necessary, or repeated."
RAG_SAC027,SAC027,workplace,US,work-life-separation,US: Work Life Separation,After-work socializing is usually optional and personal time is respected.,employee; coworker/manager; hierarchy; professional role; public/private setting; policy expectations,"The action is more likely to be acceptable when it respects the relevant relationship, minimizes embarrassment or harm, follows local expectations, and is communicated with appropriate consent or explanation.","The action is more likely to be unacceptable when it violates privacy, respect, hierarchy, reciprocity, commitment, or care expectations, especially in public or with a vulnerable/lower-power target.","Key ambiguity factors include relationship closeness, tone, consent, public vs private setting, relative status, and whether the action is routine, invited, necessary, or repeated.",after work; boss; coworker; feedback; manager; norm; optional; overtime; personal; respected; socializing; time; us; work life separation; workplace,"Culture or social context: US. Norm domain: Work Life Separation. Situation category: workplace. Norm: After-work socializing is usually optional and personal time is respected. Relevant latent variables: employee, coworker/manager, hierarchy, professional role, public/private setting, policy expectations. Acceptable when: The action is more likely to be acceptable when it respects the relevant relationship, minimizes embarrassment or harm, follows local expectations, and is communicated with appropriate consent or explanation. Unacceptable when: The action is more likely to be unacceptable when it violates privacy, respect, hierarchy, reciprocity, commitment, or care expectations, especially in public or with a vulnerable/lower-power target. Ambiguity factors: Key ambiguity factors include relationship closeness, tone, consent, public vs private setting, relative status, and whether the action is routine, invited, necessary, or repeated."
RAG_SAC028,SAC028,workplace,Japan,team-bonding,Japan: Team Bonding,"After-work gatherings may support team cohesion, but expectations vary by company and generation.",employee; coworker/manager; hierarchy; professional role; public/private setting; policy expectations,"The action is more likely to be acceptable when it respects the relevant relationship, minimizes embarrassment or harm, follows local expectations, and is communicated with appropriate consent or explanation.","The action is more likely to be unacceptable when it violates privacy, respect, hierarchy, reciprocity, commitment, or care expectations, especially in public or with a vulnerable/lower-power target.","Key ambiguity factors include relationship closeness, tone, consent, public vs private setting, relative status, and whether the action is routine, invited, necessary, or repeated.",after work; boss; cohesion; company; coworker; expectations; feedback; gatherings; generation; japan; manager; norm; overtime; support; team; team bonding; vary; workplace,"Culture or social context: Japan. Norm domain: Team Bonding. Situation category: workplace. Norm: After-work gatherings may support team cohesion, but expectations vary by company and generation. Relevant latent variables: employee, coworker/manager, hierarchy, professional role, public/private setting, policy expectations. Acceptable when: The action is more likely to be acceptable when it respects the relevant relationship, minimizes embarrassment or harm, follows local expectations, and is communicated with appropriate consent or explanation. Unacceptable when: The action is more likely to be unacceptable when it violates privacy, respect, hierarchy, reciprocity, commitment, or care expectations, especially in public or with a vulnerable/lower-power target. Ambiguity factors: Key ambiguity factors include relationship closeness, tone, consent, public vs private setting, relative status, and whether the action is routine, invited, necessary, or repeated."
RAG_SAC029,SAC029,workplace,Germany,direct-feedback,Germany: Direct Feedback,"Directness may be acceptable, but professional respect and specificity are still expected.",employee; coworker/manager; hierarchy; professional role; public/private setting; policy expectations,"The action is more likely to be acceptable when it respects the relevant relationship, minimizes embarrassment or harm, follows local expectations, and is communicated with appropriate consent or explanation.","The action is more likely to be unacceptable when it violates privacy, respect, hierarchy, reciprocity, commitment, or care expectations, especially in public or with a vulnerable/lower-power target.","Key ambiguity factors include relationship closeness, tone, consent, public vs private setting, relative status, and whether the action is routine, invited, necessary, or repeated.",boss; coworker; direct feedback; directness; expected; feedback; germany; manager; norm; overtime; professional; respect; specificity; still; workplace,"Culture or social context: Germany. Norm domain: Direct Feedback. Situation category: workplace. Norm: Directness may be acceptable, but professional respect and specificity are still expected. Relevant latent variables: employee, coworker/manager, hierarchy, professional role, public/private setting, policy expectations. Acceptable when: The action is more likely to be acceptable when it respects the relevant relationship, minimizes embarrassment or harm, follows local expectations, and is communicated with appropriate consent or explanation. Unacceptable when: The action is more likely to be unacceptable when it violates privacy, respect, hierarchy, reciprocity, commitment, or care expectations, especially in public or with a vulnerable/lower-power target. Ambiguity factors: Key ambiguity factors include relationship closeness, tone, consent, public vs private setting, relative status, and whether the action is routine, invited, necessary, or repeated."
RAG_SAC030,SAC030,workplace,Thailand,face-saving,Thailand: Face Saving,Feedback is often expected to be softened to avoid embarrassment.,employee; coworker/manager; hierarchy; professional role; public/private setting; policy expectations,"The action is more likely to be acceptable when it respects the relevant relationship, minimizes embarrassment or harm, follows local expectations, and is communicated with appropriate consent or explanation.","The action is more likely to be unacceptable when it violates privacy, respect, hierarchy, reciprocity, commitment, or care expectations, especially in public or with a vulnerable/lower-power target.","Key ambiguity factors include relationship closeness, tone, consent, public vs private setting, relative status, and whether the action is routine, invited, necessary, or repeated.",avoid; boss; coworker; embarrassment; expected; face saving; feedback; manager; norm; often; overtime; softened; thailand; workplace,"Culture or social context: Thailand. Norm domain: Face Saving. Situation category: workplace. Norm: Feedback is often expected to be softened to avoid embarrassment. Relevant latent variables: employee, coworker/manager, hierarchy, professional role, public/private setting, policy expectations. Acceptable when: The action is more likely to be acceptable when it respects the relevant relationship, minimizes embarrassment or harm, follows local expectations, and is communicated with appropriate consent or explanation. Unacceptable when: The action is more likely to be unacceptable when it violates privacy, respect, hierarchy, reciprocity, commitment, or care expectations, especially in public or with a vulnerable/lower-power target. Ambiguity factors: Key ambiguity factors include relationship closeness, tone, consent, public vs private setting, relative status, and whether the action is routine, invited, necessary, or repeated."
RAG_SAC031,SAC031,workplace,France,boundary,France: Boundary,"Delayed replies to non-urgent messages can be acceptable, especially outside work hours.",employee; coworker/manager; hierarchy; professional role; public/private setting; policy expectations,"The action is more likely to be acceptable when it respects the relevant relationship, minimizes embarrassment or harm, follows local expectations, and is communicated with appropriate consent or explanation.","The action is more likely to be unacceptable when it violates privacy, respect, hierarchy, reciprocity, commitment, or care expectations, especially in public or with a vulnerable/lower-power target.","Key ambiguity factors include relationship closeness, tone, consent, public vs private setting, relative status, and whether the action is routine, invited, necessary, or repeated.",boss; boundary; coworker; delayed; especially; feedback; france; hours; manager; messages; non urgent; norm; outside; overtime; replies; work; workplace,"Culture or social context: France. Norm domain: Boundary. Situation category: workplace. Norm: Delayed replies to non-urgent messages can be acceptable, especially outside work hours. Relevant latent variables: employee, coworker/manager, hierarchy, professional role, public/private setting, policy expectations. Acceptable when: The action is more likely to be acceptable when it respects the relevant relationship, minimizes embarrassment or harm, follows local expectations, and is communicated with appropriate consent or explanation. Unacceptable when: The action is more likely to be unacceptable when it violates privacy, respect, hierarchy, reciprocity, commitment, or care expectations, especially in public or with a vulnerable/lower-power target. Ambiguity factors: Key ambiguity factors include relationship closeness, tone, consent, public vs private setting, relative status, and whether the action is routine, invited, necessary, or repeated."
RAG_SAC032,SAC032,workplace,Japan,responsiveness,Japan: Responsiveness,"Promptness is valued, but expectations depend on urgency and workplace policy.",employee; coworker/manager; hierarchy; professional role; public/private setting; policy expectations,"The action is more likely to be acceptable when it respects the relevant relationship, minimizes embarrassment or harm, follows local expectations, and is communicated with appropriate consent or explanation.","The action is more likely to be unacceptable when it violates privacy, respect, hierarchy, reciprocity, commitment, or care expectations, especially in public or with a vulnerable/lower-power target.","Key ambiguity factors include relationship closeness, tone, consent, public vs private setting, relative status, and whether the action is routine, invited, necessary, or repeated.",boss; coworker; depend; expectations; feedback; japan; manager; norm; overtime; policy; promptness; responsiveness; urgency; valued; workplace,"Culture or social context: Japan. Norm domain: Responsiveness. Situation category: workplace. Norm: Promptness is valued, but expectations depend on urgency and workplace policy. Relevant latent variables: employee, coworker/manager, hierarchy, professional role, public/private setting, policy expectations. Acceptable when: The action is more likely to be acceptable when it respects the relevant relationship, minimizes embarrassment or harm, follows local expectations, and is communicated with appropriate consent or explanation. Unacceptable when: The action is more likely to be unacceptable when it violates privacy, respect, hierarchy, reciprocity, commitment, or care expectations, especially in public or with a vulnerable/lower-power target. Ambiguity factors: Key ambiguity factors include relationship closeness, tone, consent, public vs private setting, relative status, and whether the action is routine, invited, necessary, or repeated."
RAG_SAC033,SAC033,workplace,US,accountability,US: Accountability,"Reporting may be acceptable for serious issues, but minor mistakes are often handled directly first.",employee; coworker/manager; hierarchy; professional role; public/private setting; policy expectations,"The action is more likely to be acceptable when it respects the relevant relationship, minimizes embarrassment or harm, follows local expectations, and is communicated with appropriate consent or explanation.","The action is more likely to be unacceptable when it violates privacy, respect, hierarchy, reciprocity, commitment, or care expectations, especially in public or with a vulnerable/lower-power target.","Key ambiguity factors include relationship closeness, tone, consent, public vs private setting, relative status, and whether the action is routine, invited, necessary, or repeated.",accountability; boss; coworker; directly; feedback; first; handled; issues; manager; minor; mistakes; norm; often; overtime; reporting; serious; us; workplace,"Culture or social context: US. Norm domain: Accountability. Situation category: workplace. Norm: Reporting may be acceptable for serious issues, but minor mistakes are often handled directly first. Relevant latent variables: employee, coworker/manager, hierarchy, professional role, public/private setting, policy expectations. Acceptable when: The action is more likely to be acceptable when it respects the relevant relationship, minimizes embarrassment or harm, follows local expectations, and is communicated with appropriate consent or explanation. Unacceptable when: The action is more likely to be unacceptable when it violates privacy, respect, hierarchy, reciprocity, commitment, or care expectations, especially in public or with a vulnerable/lower-power target. Ambiguity factors: Key ambiguity factors include relationship closeness, tone, consent, public vs private setting, relative status, and whether the action is routine, invited, necessary, or repeated."
RAG_SAC034,SAC034,workplace,China,group-harmony,China: Group Harmony,Bypassing the coworker may be seen as damaging harmony and trust unless the issue is serious.,employee; coworker/manager; hierarchy; professional role; public/private setting; policy expectations,"The action is more likely to be acceptable when it respects the relevant relationship, minimizes embarrassment or harm, follows local expectations, and is communicated with appropriate consent or explanation.","The action is more likely to be unacceptable when it violates privacy, respect, hierarchy, reciprocity, commitment, or care expectations, especially in public or with a vulnerable/lower-power target.","Key ambiguity factors include relationship closeness, tone, consent, public vs private setting, relative status, and whether the action is routine, invited, necessary, or repeated.",boss; bypassing; china; coworker; damaging; feedback; group harmony; harmony; issue; manager; norm; overtime; seen; serious; trust; unless; workplace,"Culture or social context: China. Norm domain: Group Harmony. Situation category: workplace. Norm: Bypassing the coworker may be seen as damaging harmony and trust unless the issue is serious. Relevant latent variables: employee, coworker/manager, hierarchy, professional role, public/private setting, policy expectations. Acceptable when: The action is more likely to be acceptable when it respects the relevant relationship, minimizes embarrassment or harm, follows local expectations, and is communicated with appropriate consent or explanation. Unacceptable when: The action is more likely to be unacceptable when it violates privacy, respect, hierarchy, reciprocity, commitment, or care expectations, especially in public or with a vulnerable/lower-power target. Ambiguity factors: Key ambiguity factors include relationship closeness, tone, consent, public vs private setting, relative status, and whether the action is routine, invited, necessary, or repeated."
RAG_SAC035,SAC035,workplace,Italy,expressive-discussion,Italy: Expressive Discussion,"Conversational overlap can occur, but repeated interruption may still be disrespectful.",employee; coworker/manager; hierarchy; professional role; public/private setting; policy expectations,"The action is more likely to be acceptable when it respects the relevant relationship, minimizes embarrassment or harm, follows local expectations, and is communicated with appropriate consent or explanation.","The action is more likely to be unacceptable when it violates privacy, respect, hierarchy, reciprocity, commitment, or care expectations, especially in public or with a vulnerable/lower-power target.","Key ambiguity factors include relationship closeness, tone, consent, public vs private setting, relative status, and whether the action is routine, invited, necessary, or repeated.",boss; conversational; coworker; disrespectful; expressive discussion; feedback; interruption; italy; manager; norm; occur; overlap; overtime; repeated; still; workplace,"Culture or social context: Italy. Norm domain: Expressive Discussion. Situation category: workplace. Norm: Conversational overlap can occur, but repeated interruption may still be disrespectful. Relevant latent variables: employee, coworker/manager, hierarchy, professional role, public/private setting, policy expectations. Acceptable when: The action is more likely to be acceptable when it respects the relevant relationship, minimizes embarrassment or harm, follows local expectations, and is communicated with appropriate consent or explanation. Unacceptable when: The action is more likely to be unacceptable when it violates privacy, respect, hierarchy, reciprocity, commitment, or care expectations, especially in public or with a vulnerable/lower-power target. Ambiguity factors: Key ambiguity factors include relationship closeness, tone, consent, public vs private setting, relative status, and whether the action is routine, invited, necessary, or repeated."
RAG_SAC036,SAC036,workplace,Japan,turn-taking,Japan: Turn Taking,Interrupting can signal disrespect and disrupt orderly discussion.,employee; coworker/manager; hierarchy; professional role; public/private setting; policy expectations,"The action is more likely to be acceptable when it respects the relevant relationship, minimizes embarrassment or harm, follows local expectations, and is communicated with appropriate consent or explanation.","The action is more likely to be unacceptable when it violates privacy, respect, hierarchy, reciprocity, commitment, or care expectations, especially in public or with a vulnerable/lower-power target.","Key ambiguity factors include relationship closeness, tone, consent, public vs private setting, relative status, and whether the action is routine, invited, necessary, or repeated.",boss; coworker; discussion; disrespect; disrupt; feedback; interrupting; japan; manager; norm; orderly; overtime; signal; turn taking; workplace,"Culture or social context: Japan. Norm domain: Turn Taking. Situation category: workplace. Norm: Interrupting can signal disrespect and disrupt orderly discussion. Relevant latent variables: employee, coworker/manager, hierarchy, professional role, public/private setting, policy expectations. Acceptable when: The action is more likely to be acceptable when it respects the relevant relationship, minimizes embarrassment or harm, follows local expectations, and is communicated with appropriate consent or explanation. Unacceptable when: The action is more likely to be unacceptable when it violates privacy, respect, hierarchy, reciprocity, commitment, or care expectations, especially in public or with a vulnerable/lower-power target. Ambiguity factors: Key ambiguity factors include relationship closeness, tone, consent, public vs private setting, relative status, and whether the action is routine, invited, necessary, or repeated."
RAG_SAC037,SAC037,communication,US,constructive-feedback,US: Constructive Feedback,"Feedback is acceptable when invited, but harsh wording may hurt the relationship.",speaker; listener; directness; face-saving; tone; public/private setting,"The action is more likely to be acceptable when it respects the relevant relationship, minimizes embarrassment or harm, follows local expectations, and is communicated with appropriate consent or explanation.","The action is more likely to be unacceptable when it violates privacy, respect, hierarchy, reciprocity, commitment, or care expectations, especially in public or with a vulnerable/lower-power target.","Key ambiguity factors include relationship closeness, tone, consent, public vs private setting, relative status, and whether the action is routine, invited, necessary, or repeated.",communication; constructive feedback; directness; face; feedback; harmony; harsh; hurt; invited; norm; politeness; relationship; tone; us; when; wording,"Culture or social context: US. Norm domain: Constructive Feedback. Situation category: communication. Norm: Feedback is acceptable when invited, but harsh wording may hurt the relationship. Relevant latent variables: speaker, listener, directness, face-saving, tone, public/private setting. Acceptable when: The action is more likely to be acceptable when it respects the relevant relationship, minimizes embarrassment or harm, follows local expectations, and is communicated with appropriate consent or explanation. Unacceptable when: The action is more likely to be unacceptable when it violates privacy, respect, hierarchy, reciprocity, commitment, or care expectations, especially in public or with a vulnerable/lower-power target. Ambiguity factors: Key ambiguity factors include relationship closeness, tone, consent, public vs private setting, relative status, and whether the action is routine, invited, necessary, or repeated."
RAG_SAC038,SAC038,communication,Japan,indirect-feedback,Japan: Indirect Feedback,Indirect phrasing is often preferred to preserve the friend’s dignity.,speaker; listener; directness; face-saving; tone; public/private setting,"The action is more likely to be acceptable when it respects the relevant relationship, minimizes embarrassment or harm, follows local expectations, and is communicated with appropriate consent or explanation.","The action is more likely to be unacceptable when it violates privacy, respect, hierarchy, reciprocity, commitment, or care expectations, especially in public or with a vulnerable/lower-power target.","Key ambiguity factors include relationship closeness, tone, consent, public vs private setting, relative status, and whether the action is routine, invited, necessary, or repeated.",communication; dignity; directness; face; feedback; friend; harmony; indirect; indirect feedback; japan; norm; often; phrasing; politeness; preferred; preserve; tone,"Culture or social context: Japan. Norm domain: Indirect Feedback. Situation category: communication. Norm: Indirect phrasing is often preferred to preserve the friend’s dignity. Relevant latent variables: speaker, listener, directness, face-saving, tone, public/private setting. Acceptable when: The action is more likely to be acceptable when it respects the relevant relationship, minimizes embarrassment or harm, follows local expectations, and is communicated with appropriate consent or explanation. Unacceptable when: The action is more likely to be unacceptable when it violates privacy, respect, hierarchy, reciprocity, commitment, or care expectations, especially in public or with a vulnerable/lower-power target. Ambiguity factors: Key ambiguity factors include relationship closeness, tone, consent, public vs private setting, relative status, and whether the action is routine, invited, necessary, or repeated."
RAG_SAC039,SAC039,communication,US,conversational-respect,US: Conversational Respect,Abruptly ending a call is usually considered disrespectful unless there is a safety concern.,speaker; listener; directness; face-saving; tone; public/private setting,"The action is more likely to be acceptable when it respects the relevant relationship, minimizes embarrassment or harm, follows local expectations, and is communicated with appropriate consent or explanation.","The action is more likely to be unacceptable when it violates privacy, respect, hierarchy, reciprocity, commitment, or care expectations, especially in public or with a vulnerable/lower-power target.","Key ambiguity factors include relationship closeness, tone, consent, public vs private setting, relative status, and whether the action is routine, invited, necessary, or repeated.",abruptly; call; communication; concern; considered; conversational respect; directness; disrespectful; ending; face; feedback; harmony; norm; politeness; safety; there; tone; unless,"Culture or social context: US. Norm domain: Conversational Respect. Situation category: communication. Norm: Abruptly ending a call is usually considered disrespectful unless there is a safety concern. Relevant latent variables: speaker, listener, directness, face-saving, tone, public/private setting. Acceptable when: The action is more likely to be acceptable when it respects the relevant relationship, minimizes embarrassment or harm, follows local expectations, and is communicated with appropriate consent or explanation. Unacceptable when: The action is more likely to be unacceptable when it violates privacy, respect, hierarchy, reciprocity, commitment, or care expectations, especially in public or with a vulnerable/lower-power target. Ambiguity factors: Key ambiguity factors include relationship closeness, tone, consent, public vs private setting, relative status, and whether the action is routine, invited, necessary, or repeated."
RAG_SAC040,SAC040,communication,Brazil,expressive-conflict,Brazil: Expressive Conflict,"Emotional expression may be more tolerated, but abruptly ending communication can still damage trust.",speaker; listener; directness; face-saving; tone; public/private setting,"The action is more likely to be acceptable when it respects the relevant relationship, minimizes embarrassment or harm, follows local expectations, and is communicated with appropriate consent or explanation.","The action is more likely to be unacceptable when it violates privacy, respect, hierarchy, reciprocity, commitment, or care expectations, especially in public or with a vulnerable/lower-power target.","Key ambiguity factors include relationship closeness, tone, consent, public vs private setting, relative status, and whether the action is routine, invited, necessary, or repeated.",abruptly; brazil; communication; damage; directness; emotional; ending; expression; expressive conflict; face; feedback; harmony; more; norm; politeness; still; tolerated; tone,"Culture or social context: Brazil. Norm domain: Expressive Conflict. Situation category: communication. Norm: Emotional expression may be more tolerated, but abruptly ending communication can still damage trust. Relevant latent variables: speaker, listener, directness, face-saving, tone, public/private setting. Acceptable when: The action is more likely to be acceptable when it respects the relevant relationship, minimizes embarrassment or harm, follows local expectations, and is communicated with appropriate consent or explanation. Unacceptable when: The action is more likely to be unacceptable when it violates privacy, respect, hierarchy, reciprocity, commitment, or care expectations, especially in public or with a vulnerable/lower-power target. Ambiguity factors: Key ambiguity factors include relationship closeness, tone, consent, public vs private setting, relative status, and whether the action is routine, invited, necessary, or repeated."
RAG_SAC041,SAC041,communication,US,confidence,US: Confidence,"Eye contact often signals confidence, but neurodiversity, shyness, or respect may affect interpretation.",speaker; listener; directness; face-saving; tone; public/private setting,"The action is more likely to be acceptable when it respects the relevant relationship, minimizes embarrassment or harm, follows local expectations, and is communicated with appropriate consent or explanation.","The action is more likely to be unacceptable when it violates privacy, respect, hierarchy, reciprocity, commitment, or care expectations, especially in public or with a vulnerable/lower-power target.","Key ambiguity factors include relationship closeness, tone, consent, public vs private setting, relative status, and whether the action is routine, invited, necessary, or repeated.",affect; communication; confidence; contact; directness; face; feedback; harmony; interpretation; neurodiversity; norm; often; politeness; respect; shyness; signals; tone; us,"Culture or social context: US. Norm domain: Confidence. Situation category: communication. Norm: Eye contact often signals confidence, but neurodiversity, shyness, or respect may affect interpretation. Relevant latent variables: speaker, listener, directness, face-saving, tone, public/private setting. Acceptable when: The action is more likely to be acceptable when it respects the relevant relationship, minimizes embarrassment or harm, follows local expectations, and is communicated with appropriate consent or explanation. Unacceptable when: The action is more likely to be unacceptable when it violates privacy, respect, hierarchy, reciprocity, commitment, or care expectations, especially in public or with a vulnerable/lower-power target. Ambiguity factors: Key ambiguity factors include relationship closeness, tone, consent, public vs private setting, relative status, and whether the action is routine, invited, necessary, or repeated."
RAG_SAC042,SAC042,communication,Japan,respect,Japan: Respect,Reduced direct eye contact can be interpreted as respectful rather than evasive.,speaker; listener; directness; face-saving; tone; public/private setting,"The action is more likely to be acceptable when it respects the relevant relationship, minimizes embarrassment or harm, follows local expectations, and is communicated with appropriate consent or explanation.","The action is more likely to be unacceptable when it violates privacy, respect, hierarchy, reciprocity, commitment, or care expectations, especially in public or with a vulnerable/lower-power target.","Key ambiguity factors include relationship closeness, tone, consent, public vs private setting, relative status, and whether the action is routine, invited, necessary, or repeated.",communication; contact; direct; directness; evasive; face; feedback; harmony; interpreted; japan; norm; politeness; rather; reduced; respect; respectful; than; tone,"Culture or social context: Japan. Norm domain: Respect. Situation category: communication. Norm: Reduced direct eye contact can be interpreted as respectful rather than evasive. Relevant latent variables: speaker, listener, directness, face-saving, tone, public/private setting. Acceptable when: The action is more likely to be acceptable when it respects the relevant relationship, minimizes embarrassment or harm, follows local expectations, and is communicated with appropriate consent or explanation. Unacceptable when: The action is more likely to be unacceptable when it violates privacy, respect, hierarchy, reciprocity, commitment, or care expectations, especially in public or with a vulnerable/lower-power target. Ambiguity factors: Key ambiguity factors include relationship closeness, tone, consent, public vs private setting, relative status, and whether the action is routine, invited, necessary, or repeated."
RAG_SAC043,SAC043,communication,Korea,hierarchy-and-politeness,Korea: Hierarchy And Politeness,"Formal speech can show respect, especially when relationship closeness is unclear.",speaker; listener; directness; face-saving; tone; public/private setting,"The action is more likely to be acceptable when it respects the relevant relationship, minimizes embarrassment or harm, follows local expectations, and is communicated with appropriate consent or explanation.","The action is more likely to be unacceptable when it violates privacy, respect, hierarchy, reciprocity, commitment, or care expectations, especially in public or with a vulnerable/lower-power target.","Key ambiguity factors include relationship closeness, tone, consent, public vs private setting, relative status, and whether the action is routine, invited, necessary, or repeated.",closeness; communication; directness; especially; face; feedback; formal; harmony; hierarchy and politeness; korea; norm; politeness; relationship; respect; show; speech; tone; unclear,"Culture or social context: Korea. Norm domain: Hierarchy And Politeness. Situation category: communication. Norm: Formal speech can show respect, especially when relationship closeness is unclear. Relevant latent variables: speaker, listener, directness, face-saving, tone, public/private setting. Acceptable when: The action is more likely to be acceptable when it respects the relevant relationship, minimizes embarrassment or harm, follows local expectations, and is communicated with appropriate consent or explanation. Unacceptable when: The action is more likely to be unacceptable when it violates privacy, respect, hierarchy, reciprocity, commitment, or care expectations, especially in public or with a vulnerable/lower-power target. Ambiguity factors: Key ambiguity factors include relationship closeness, tone, consent, public vs private setting, relative status, and whether the action is routine, invited, necessary, or repeated."
RAG_SAC044,SAC044,communication,US,informality,US: Informality,Formal language is polite but may create distance in casual peer interactions.,speaker; listener; directness; face-saving; tone; public/private setting,"The action is more likely to be acceptable when it respects the relevant relationship, minimizes embarrassment or harm, follows local expectations, and is communicated with appropriate consent or explanation.","The action is more likely to be unacceptable when it violates privacy, respect, hierarchy, reciprocity, commitment, or care expectations, especially in public or with a vulnerable/lower-power target.","Key ambiguity factors include relationship closeness, tone, consent, public vs private setting, relative status, and whether the action is routine, invited, necessary, or repeated.",casual; communication; create; directness; distance; face; feedback; formal; harmony; informality; interactions; language; norm; peer; polite; politeness; tone; us,"Culture or social context: US. Norm domain: Informality. Situation category: communication. Norm: Formal language is polite but may create distance in casual peer interactions. Relevant latent variables: speaker, listener, directness, face-saving, tone, public/private setting. Acceptable when: The action is more likely to be acceptable when it respects the relevant relationship, minimizes embarrassment or harm, follows local expectations, and is communicated with appropriate consent or explanation. Unacceptable when: The action is more likely to be unacceptable when it violates privacy, respect, hierarchy, reciprocity, commitment, or care expectations, especially in public or with a vulnerable/lower-power target. Ambiguity factors: Key ambiguity factors include relationship closeness, tone, consent, public vs private setting, relative status, and whether the action is routine, invited, necessary, or repeated."
RAG_SAC045,SAC045,communication,US,emotional-expression,US: Emotional Expression,"Open emotional communication is often valued, but privacy is also respected.",speaker; listener; directness; face-saving; tone; public/private setting,"The action is more likely to be acceptable when it respects the relevant relationship, minimizes embarrassment or harm, follows local expectations, and is communicated with appropriate consent or explanation.","The action is more likely to be unacceptable when it violates privacy, respect, hierarchy, reciprocity, commitment, or care expectations, especially in public or with a vulnerable/lower-power target.","Key ambiguity factors include relationship closeness, tone, consent, public vs private setting, relative status, and whether the action is routine, invited, necessary, or repeated.",also; communication; directness; emotional; emotional expression; face; feedback; harmony; norm; often; open; politeness; privacy; respected; tone; us; valued,"Culture or social context: US. Norm domain: Emotional Expression. Situation category: communication. Norm: Open emotional communication is often valued, but privacy is also respected. Relevant latent variables: speaker, listener, directness, face-saving, tone, public/private setting. Acceptable when: The action is more likely to be acceptable when it respects the relevant relationship, minimizes embarrassment or harm, follows local expectations, and is communicated with appropriate consent or explanation. Unacceptable when: The action is more likely to be unacceptable when it violates privacy, respect, hierarchy, reciprocity, commitment, or care expectations, especially in public or with a vulnerable/lower-power target. Ambiguity factors: Key ambiguity factors include relationship closeness, tone, consent, public vs private setting, relative status, and whether the action is routine, invited, necessary, or repeated."
RAG_SAC046,SAC046,communication,Finland,reserved-communication,Finland: Reserved Communication,Concise communication and emotional privacy are often socially acceptable.,speaker; listener; directness; face-saving; tone; public/private setting,"The action is more likely to be acceptable when it respects the relevant relationship, minimizes embarrassment or harm, follows local expectations, and is communicated with appropriate consent or explanation.","The action is more likely to be unacceptable when it violates privacy, respect, hierarchy, reciprocity, commitment, or care expectations, especially in public or with a vulnerable/lower-power target.","Key ambiguity factors include relationship closeness, tone, consent, public vs private setting, relative status, and whether the action is routine, invited, necessary, or repeated.",communication; concise; directness; emotional; face; feedback; finland; harmony; norm; often; politeness; privacy; reserved communication; socially; tone,"Culture or social context: Finland. Norm domain: Reserved Communication. Situation category: communication. Norm: Concise communication and emotional privacy are often socially acceptable. Relevant latent variables: speaker, listener, directness, face-saving, tone, public/private setting. Acceptable when: The action is more likely to be acceptable when it respects the relevant relationship, minimizes embarrassment or harm, follows local expectations, and is communicated with appropriate consent or explanation. Unacceptable when: The action is more likely to be unacceptable when it violates privacy, respect, hierarchy, reciprocity, commitment, or care expectations, especially in public or with a vulnerable/lower-power target. Ambiguity factors: Key ambiguity factors include relationship closeness, tone, consent, public vs private setting, relative status, and whether the action is routine, invited, necessary, or repeated."
RAG_SAC047,SAC047,social_etiquette,US urban,privacy,US urban: Privacy,"In many large cities, limited interaction with strangers is normal.",guest/host; relationship closeness; public/private setting; reciprocity; punctuality; respect,"The action is more likely to be acceptable when it respects the relevant relationship, minimizes embarrassment or harm, follows local expectations, and is communicated with appropriate consent or explanation.","The action is more likely to be unacceptable when it violates privacy, respect, hierarchy, reciprocity, commitment, or care expectations, especially in public or with a vulnerable/lower-power target.","Key ambiguity factors include relationship closeness, tone, consent, public vs private setting, relative status, and whether the action is routine, invited, necessary, or repeated.",attention; cities; etiquette; gift; guest; host; interaction; large; limited; many; norm; normal; phone; privacy; punctuality; social; strangers; urban,"Culture or social context: US urban. Norm domain: Privacy. Situation category: social etiquette. Norm: In many large cities, limited interaction with strangers is normal. Relevant latent variables: guest/host, relationship closeness, public/private setting, reciprocity, punctuality, respect. Acceptable when: The action is more likely to be acceptable when it respects the relevant relationship, minimizes embarrassment or harm, follows local expectations, and is communicated with appropriate consent or explanation. Unacceptable when: The action is more likely to be unacceptable when it violates privacy, respect, hierarchy, reciprocity, commitment, or care expectations, especially in public or with a vulnerable/lower-power target. Ambiguity factors: Key ambiguity factors include relationship closeness, tone, consent, public vs private setting, relative status, and whether the action is routine, invited, necessary, or repeated."
RAG_SAC048,SAC048,social_etiquette,Southern US,friendliness,Southern US: Friendliness,"Greeting strangers can be expected in some communities, but not every setting requires it.",guest/host; relationship closeness; public/private setting; reciprocity; punctuality; respect,"The action is more likely to be acceptable when it respects the relevant relationship, minimizes embarrassment or harm, follows local expectations, and is communicated with appropriate consent or explanation.","The action is more likely to be unacceptable when it violates privacy, respect, hierarchy, reciprocity, commitment, or care expectations, especially in public or with a vulnerable/lower-power target.","Key ambiguity factors include relationship closeness, tone, consent, public vs private setting, relative status, and whether the action is routine, invited, necessary, or repeated.",attention; communities; etiquette; every; expected; friendliness; gift; greeting; guest; host; norm; phone; punctuality; requires; setting; social; some; southern,"Culture or social context: Southern US. Norm domain: Friendliness. Situation category: social etiquette. Norm: Greeting strangers can be expected in some communities, but not every setting requires it. Relevant latent variables: guest/host, relationship closeness, public/private setting, reciprocity, punctuality, respect. Acceptable when: The action is more likely to be acceptable when it respects the relevant relationship, minimizes embarrassment or harm, follows local expectations, and is communicated with appropriate consent or explanation. Unacceptable when: The action is more likely to be unacceptable when it violates privacy, respect, hierarchy, reciprocity, commitment, or care expectations, especially in public or with a vulnerable/lower-power target. Ambiguity factors: Key ambiguity factors include relationship closeness, tone, consent, public vs private setting, relative status, and whether the action is routine, invited, necessary, or repeated."
RAG_SAC049,SAC049,social_etiquette,US,privacy,US: Privacy,"Age can be treated as personal information, especially for adults.",guest/host; relationship closeness; public/private setting; reciprocity; punctuality; respect,"The action is more likely to be acceptable when it respects the relevant relationship, minimizes embarrassment or harm, follows local expectations, and is communicated with appropriate consent or explanation.","The action is more likely to be unacceptable when it violates privacy, respect, hierarchy, reciprocity, commitment, or care expectations, especially in public or with a vulnerable/lower-power target.","Key ambiguity factors include relationship closeness, tone, consent, public vs private setting, relative status, and whether the action is routine, invited, necessary, or repeated.",adults; attention; especially; etiquette; gift; guest; host; information; norm; personal; phone; privacy; punctuality; social; treated; us,"Culture or social context: US. Norm domain: Privacy. Situation category: social etiquette. Norm: Age can be treated as personal information, especially for adults. Relevant latent variables: guest/host, relationship closeness, public/private setting, reciprocity, punctuality, respect. Acceptable when: The action is more likely to be acceptable when it respects the relevant relationship, minimizes embarrassment or harm, follows local expectations, and is communicated with appropriate consent or explanation. Unacceptable when: The action is more likely to be unacceptable when it violates privacy, respect, hierarchy, reciprocity, commitment, or care expectations, especially in public or with a vulnerable/lower-power target. Ambiguity factors: Key ambiguity factors include relationship closeness, tone, consent, public vs private setting, relative status, and whether the action is routine, invited, necessary, or repeated."
RAG_SAC050,SAC050,social_etiquette,China,social-role,China: Social Role,"Age may help determine forms of address and seniority, but context and relationship matter.",guest/host; relationship closeness; public/private setting; reciprocity; punctuality; respect,"The action is more likely to be acceptable when it respects the relevant relationship, minimizes embarrassment or harm, follows local expectations, and is communicated with appropriate consent or explanation.","The action is more likely to be unacceptable when it violates privacy, respect, hierarchy, reciprocity, commitment, or care expectations, especially in public or with a vulnerable/lower-power target.","Key ambiguity factors include relationship closeness, tone, consent, public vs private setting, relative status, and whether the action is routine, invited, necessary, or repeated.",address; attention; china; context; determine; etiquette; forms; gift; guest; help; host; matter; norm; phone; punctuality; relationship; seniority; social,"Culture or social context: China. Norm domain: Social Role. Situation category: social etiquette. Norm: Age may help determine forms of address and seniority, but context and relationship matter. Relevant latent variables: guest/host, relationship closeness, public/private setting, reciprocity, punctuality, respect. Acceptable when: The action is more likely to be acceptable when it respects the relevant relationship, minimizes embarrassment or harm, follows local expectations, and is communicated with appropriate consent or explanation. Unacceptable when: The action is more likely to be unacceptable when it violates privacy, respect, hierarchy, reciprocity, commitment, or care expectations, especially in public or with a vulnerable/lower-power target. Ambiguity factors: Key ambiguity factors include relationship closeness, tone, consent, public vs private setting, relative status, and whether the action is routine, invited, necessary, or repeated."
RAG_SAC051,SAC051,social_etiquette,US,body-privacy,US: Body Privacy,Unsolicited body comments are commonly viewed as hurtful or inappropriate.,guest/host; relationship closeness; public/private setting; reciprocity; punctuality; respect,"The action is more likely to be acceptable when it respects the relevant relationship, minimizes embarrassment or harm, follows local expectations, and is communicated with appropriate consent or explanation.","The action is more likely to be unacceptable when it violates privacy, respect, hierarchy, reciprocity, commitment, or care expectations, especially in public or with a vulnerable/lower-power target.","Key ambiguity factors include relationship closeness, tone, consent, public vs private setting, relative status, and whether the action is routine, invited, necessary, or repeated.",attention; body; body privacy; comments; etiquette; gift; guest; host; hurtful; inappropriate; norm; phone; punctuality; social; unsolicited; us; viewed,"Culture or social context: US. Norm domain: Body Privacy. Situation category: social etiquette. Norm: Unsolicited body comments are commonly viewed as hurtful or inappropriate. Relevant latent variables: guest/host, relationship closeness, public/private setting, reciprocity, punctuality, respect. Acceptable when: The action is more likely to be acceptable when it respects the relevant relationship, minimizes embarrassment or harm, follows local expectations, and is communicated with appropriate consent or explanation. Unacceptable when: The action is more likely to be unacceptable when it violates privacy, respect, hierarchy, reciprocity, commitment, or care expectations, especially in public or with a vulnerable/lower-power target. Ambiguity factors: Key ambiguity factors include relationship closeness, tone, consent, public vs private setting, relative status, and whether the action is routine, invited, necessary, or repeated."
RAG_SAC052,SAC052,social_etiquette,China,casual-observation,China: Casual Observation,"Such comments may be intended as casual concern, but they can still be hurtful.",guest/host; relationship closeness; public/private setting; reciprocity; punctuality; respect,"The action is more likely to be acceptable when it respects the relevant relationship, minimizes embarrassment or harm, follows local expectations, and is communicated with appropriate consent or explanation.","The action is more likely to be unacceptable when it violates privacy, respect, hierarchy, reciprocity, commitment, or care expectations, especially in public or with a vulnerable/lower-power target.","Key ambiguity factors include relationship closeness, tone, consent, public vs private setting, relative status, and whether the action is routine, invited, necessary, or repeated.",attention; casual; casual observation; china; comments; concern; etiquette; gift; guest; host; hurtful; intended; norm; phone; punctuality; social; still; such,"Culture or social context: China. Norm domain: Casual Observation. Situation category: social etiquette. Norm: Such comments may be intended as casual concern, but they can still be hurtful. Relevant latent variables: guest/host, relationship closeness, public/private setting, reciprocity, punctuality, respect. Acceptable when: The action is more likely to be acceptable when it respects the relevant relationship, minimizes embarrassment or harm, follows local expectations, and is communicated with appropriate consent or explanation. Unacceptable when: The action is more likely to be unacceptable when it violates privacy, respect, hierarchy, reciprocity, commitment, or care expectations, especially in public or with a vulnerable/lower-power target. Ambiguity factors: Key ambiguity factors include relationship closeness, tone, consent, public vs private setting, relative status, and whether the action is routine, invited, necessary, or repeated."
RAG_SAC053,SAC053,social_etiquette,Germany,fairness-and-precision,Germany: Fairness And Precision,Exact bill splitting is commonly seen as fair and practical.,guest/host; relationship closeness; public/private setting; reciprocity; punctuality; respect,"The action is more likely to be acceptable when it respects the relevant relationship, minimizes embarrassment or harm, follows local expectations, and is communicated with appropriate consent or explanation.","The action is more likely to be unacceptable when it violates privacy, respect, hierarchy, reciprocity, commitment, or care expectations, especially in public or with a vulnerable/lower-power target.","Key ambiguity factors include relationship closeness, tone, consent, public vs private setting, relative status, and whether the action is routine, invited, necessary, or repeated.",attention; bill; etiquette; exact; fair; fairness and precision; germany; gift; guest; host; norm; phone; practical; punctuality; seen; social; splitting,"Culture or social context: Germany. Norm domain: Fairness And Precision. Situation category: social etiquette. Norm: Exact bill splitting is commonly seen as fair and practical. Relevant latent variables: guest/host, relationship closeness, public/private setting, reciprocity, punctuality, respect. Acceptable when: The action is more likely to be acceptable when it respects the relevant relationship, minimizes embarrassment or harm, follows local expectations, and is communicated with appropriate consent or explanation. Unacceptable when: The action is more likely to be unacceptable when it violates privacy, respect, hierarchy, reciprocity, commitment, or care expectations, especially in public or with a vulnerable/lower-power target. Ambiguity factors: Key ambiguity factors include relationship closeness, tone, consent, public vs private setting, relative status, and whether the action is routine, invited, necessary, or repeated."
RAG_SAC054,SAC054,social_etiquette,China,host-generosity,China: Host Generosity,"The host may be expected to pay, but splitting can be acceptable among peers or younger groups.",guest/host; relationship closeness; public/private setting; reciprocity; punctuality; respect,"The action is more likely to be acceptable when it respects the relevant relationship, minimizes embarrassment or harm, follows local expectations, and is communicated with appropriate consent or explanation.","The action is more likely to be unacceptable when it violates privacy, respect, hierarchy, reciprocity, commitment, or care expectations, especially in public or with a vulnerable/lower-power target.","Key ambiguity factors include relationship closeness, tone, consent, public vs private setting, relative status, and whether the action is routine, invited, necessary, or repeated.",among; attention; china; etiquette; expected; gift; groups; guest; host; host generosity; norm; peers; phone; punctuality; social; splitting; younger,"Culture or social context: China. Norm domain: Host Generosity. Situation category: social etiquette. Norm: The host may be expected to pay, but splitting can be acceptable among peers or younger groups. Relevant latent variables: guest/host, relationship closeness, public/private setting, reciprocity, punctuality, respect. Acceptable when: The action is more likely to be acceptable when it respects the relevant relationship, minimizes embarrassment or harm, follows local expectations, and is communicated with appropriate consent or explanation. Unacceptable when: The action is more likely to be unacceptable when it violates privacy, respect, hierarchy, reciprocity, commitment, or care expectations, especially in public or with a vulnerable/lower-power target. Ambiguity factors: Key ambiguity factors include relationship closeness, tone, consent, public vs private setting, relative status, and whether the action is routine, invited, necessary, or repeated."
RAG_SAC055,SAC055,social_etiquette,Germany,punctuality,Germany: Punctuality,Punctuality is strongly valued and lateness may be seen as disrespectful.,guest/host; relationship closeness; public/private setting; reciprocity; punctuality; respect,"The action is more likely to be acceptable when it respects the relevant relationship, minimizes embarrassment or harm, follows local expectations, and is communicated with appropriate consent or explanation.","The action is more likely to be unacceptable when it violates privacy, respect, hierarchy, reciprocity, commitment, or care expectations, especially in public or with a vulnerable/lower-power target.","Key ambiguity factors include relationship closeness, tone, consent, public vs private setting, relative status, and whether the action is routine, invited, necessary, or repeated.",attention; disrespectful; etiquette; germany; gift; guest; host; lateness; norm; phone; punctuality; seen; social; strongly; valued,"Culture or social context: Germany. Norm domain: Punctuality. Situation category: social etiquette. Norm: Punctuality is strongly valued and lateness may be seen as disrespectful. Relevant latent variables: guest/host, relationship closeness, public/private setting, reciprocity, punctuality, respect. Acceptable when: The action is more likely to be acceptable when it respects the relevant relationship, minimizes embarrassment or harm, follows local expectations, and is communicated with appropriate consent or explanation. Unacceptable when: The action is more likely to be unacceptable when it violates privacy, respect, hierarchy, reciprocity, commitment, or care expectations, especially in public or with a vulnerable/lower-power target. Ambiguity factors: Key ambiguity factors include relationship closeness, tone, consent, public vs private setting, relative status, and whether the action is routine, invited, necessary, or repeated."
RAG_SAC056,SAC056,social_etiquette,Brazil,flexible-time,Brazil: Flexible Time,"Some social settings have flexible timing, but lateness is not universally acceptable.",guest/host; relationship closeness; public/private setting; reciprocity; punctuality; respect,"The action is more likely to be acceptable when it respects the relevant relationship, minimizes embarrassment or harm, follows local expectations, and is communicated with appropriate consent or explanation.","The action is more likely to be unacceptable when it violates privacy, respect, hierarchy, reciprocity, commitment, or care expectations, especially in public or with a vulnerable/lower-power target.","Key ambiguity factors include relationship closeness, tone, consent, public vs private setting, relative status, and whether the action is routine, invited, necessary, or repeated.",attention; brazil; etiquette; flexible; flexible time; gift; guest; have; host; lateness; norm; phone; punctuality; settings; social; some; timing; universally,"Culture or social context: Brazil. Norm domain: Flexible Time. Situation category: social etiquette. Norm: Some social settings have flexible timing, but lateness is not universally acceptable. Relevant latent variables: guest/host, relationship closeness, public/private setting, reciprocity, punctuality, respect. Acceptable when: The action is more likely to be acceptable when it respects the relevant relationship, minimizes embarrassment or harm, follows local expectations, and is communicated with appropriate consent or explanation. Unacceptable when: The action is more likely to be unacceptable when it violates privacy, respect, hierarchy, reciprocity, commitment, or care expectations, especially in public or with a vulnerable/lower-power target. Ambiguity factors: Key ambiguity factors include relationship closeness, tone, consent, public vs private setting, relative status, and whether the action is routine, invited, necessary, or repeated."
RAG_SAC057,SAC057,social_etiquette,US,attention,US: Attention,Giving attention during conversation signals respect.,guest/host; relationship closeness; public/private setting; reciprocity; punctuality; respect,"The action is more likely to be acceptable when it respects the relevant relationship, minimizes embarrassment or harm, follows local expectations, and is communicated with appropriate consent or explanation.","The action is more likely to be unacceptable when it violates privacy, respect, hierarchy, reciprocity, commitment, or care expectations, especially in public or with a vulnerable/lower-power target.","Key ambiguity factors include relationship closeness, tone, consent, public vs private setting, relative status, and whether the action is routine, invited, necessary, or repeated.",attention; conversation; during; etiquette; gift; giving; guest; host; norm; phone; punctuality; respect; signals; social; us,"Culture or social context: US. Norm domain: Attention. Situation category: social etiquette. Norm: Giving attention during conversation signals respect. Relevant latent variables: guest/host, relationship closeness, public/private setting, reciprocity, punctuality, respect. Acceptable when: The action is more likely to be acceptable when it respects the relevant relationship, minimizes embarrassment or harm, follows local expectations, and is communicated with appropriate consent or explanation. Unacceptable when: The action is more likely to be unacceptable when it violates privacy, respect, hierarchy, reciprocity, commitment, or care expectations, especially in public or with a vulnerable/lower-power target. Ambiguity factors: Key ambiguity factors include relationship closeness, tone, consent, public vs private setting, relative status, and whether the action is routine, invited, necessary, or repeated."
RAG_SAC058,SAC058,social_etiquette,China,mobile-social,China: Mobile Social,"Phone use is common in many settings, but acceptability depends on relationship, age, and context.",guest/host; relationship closeness; public/private setting; reciprocity; punctuality; respect,"The action is more likely to be acceptable when it respects the relevant relationship, minimizes embarrassment or harm, follows local expectations, and is communicated with appropriate consent or explanation.","The action is more likely to be unacceptable when it violates privacy, respect, hierarchy, reciprocity, commitment, or care expectations, especially in public or with a vulnerable/lower-power target.","Key ambiguity factors include relationship closeness, tone, consent, public vs private setting, relative status, and whether the action is routine, invited, necessary, or repeated.",attention; china; common; context; etiquette; gift; guest; host; many; mobile social; norm; phone; punctuality; relationship; settings; social,"Culture or social context: China. Norm domain: Mobile Social. Situation category: social etiquette. Norm: Phone use is common in many settings, but acceptability depends on relationship, age, and context. Relevant latent variables: guest/host, relationship closeness, public/private setting, reciprocity, punctuality, respect. Acceptable when: The action is more likely to be acceptable when it respects the relevant relationship, minimizes embarrassment or harm, follows local expectations, and is communicated with appropriate consent or explanation. Unacceptable when: The action is more likely to be unacceptable when it violates privacy, respect, hierarchy, reciprocity, commitment, or care expectations, especially in public or with a vulnerable/lower-power target. Ambiguity factors: Key ambiguity factors include relationship closeness, tone, consent, public vs private setting, relative status, and whether the action is routine, invited, necessary, or repeated."
RAG_SAC059,SAC059,social_etiquette,US,reciprocity-boundary,US: Reciprocity Boundary,Expensive gifts may feel generous or uncomfortable depending on relationship closeness.,guest/host; relationship closeness; public/private setting; reciprocity; punctuality; respect,"The action is more likely to be acceptable when it respects the relevant relationship, minimizes embarrassment or harm, follows local expectations, and is communicated with appropriate consent or explanation.","The action is more likely to be unacceptable when it violates privacy, respect, hierarchy, reciprocity, commitment, or care expectations, especially in public or with a vulnerable/lower-power target.","Key ambiguity factors include relationship closeness, tone, consent, public vs private setting, relative status, and whether the action is routine, invited, necessary, or repeated.",attention; closeness; etiquette; expensive; feel; generous; gift; gifts; guest; host; norm; phone; punctuality; reciprocity boundary; relationship; social; uncomfortable; us,"Culture or social context: US. Norm domain: Reciprocity Boundary. Situation category: social etiquette. Norm: Expensive gifts may feel generous or uncomfortable depending on relationship closeness. Relevant latent variables: guest/host, relationship closeness, public/private setting, reciprocity, punctuality, respect. Acceptable when: The action is more likely to be acceptable when it respects the relevant relationship, minimizes embarrassment or harm, follows local expectations, and is communicated with appropriate consent or explanation. Unacceptable when: The action is more likely to be unacceptable when it violates privacy, respect, hierarchy, reciprocity, commitment, or care expectations, especially in public or with a vulnerable/lower-power target. Ambiguity factors: Key ambiguity factors include relationship closeness, tone, consent, public vs private setting, relative status, and whether the action is routine, invited, necessary, or repeated."
RAG_SAC060,SAC060,social_etiquette,Germany,modesty,Germany: Modesty,Very expensive gifts may be seen as excessive or creating unwanted obligation.,guest/host; relationship closeness; public/private setting; reciprocity; punctuality; respect,"The action is more likely to be acceptable when it respects the relevant relationship, minimizes embarrassment or harm, follows local expectations, and is communicated with appropriate consent or explanation.","The action is more likely to be unacceptable when it violates privacy, respect, hierarchy, reciprocity, commitment, or care expectations, especially in public or with a vulnerable/lower-power target.","Key ambiguity factors include relationship closeness, tone, consent, public vs private setting, relative status, and whether the action is routine, invited, necessary, or repeated.",attention; creating; etiquette; excessive; expensive; germany; gift; gifts; guest; host; modesty; norm; obligation; phone; punctuality; seen; social; unwanted,"Culture or social context: Germany. Norm domain: Modesty. Situation category: social etiquette. Norm: Very expensive gifts may be seen as excessive or creating unwanted obligation. Relevant latent variables: guest/host, relationship closeness, public/private setting, reciprocity, punctuality, respect. Acceptable when: The action is more likely to be acceptable when it respects the relevant relationship, minimizes embarrassment or harm, follows local expectations, and is communicated with appropriate consent or explanation. Unacceptable when: The action is more likely to be unacceptable when it violates privacy, respect, hierarchy, reciprocity, commitment, or care expectations, especially in public or with a vulnerable/lower-power target. Ambiguity factors: Key ambiguity factors include relationship closeness, tone, consent, public vs private setting, relative status, and whether the action is routine, invited, necessary, or repeated."
RAG_SAC061,SAC061,privacy,US,privacy,US: Privacy,People are generally allowed to keep personal plans private.,actor; target; personal information; consent; relationship closeness; public/private setting,"The action is more likely to be acceptable when it respects the relevant relationship, minimizes embarrassment or harm, follows local expectations, and is communicated with appropriate consent or explanation.","The action is more likely to be unacceptable when it violates privacy, respect, hierarchy, reciprocity, commitment, or care expectations, especially in public or with a vulnerable/lower-power target.","Key ambiguity factors include relationship closeness, tone, consent, public vs private setting, relative status, and whether the action is routine, invited, necessary, or repeated.",allowed; consent; keep; norm; people; personal; personal information; phone; photo; plans; privacy; private; public; us,"Culture or social context: US. Norm domain: Privacy. Situation category: privacy. Norm: People are generally allowed to keep personal plans private. Relevant latent variables: actor, target, personal information, consent, relationship closeness, public/private setting. Acceptable when: The action is more likely to be acceptable when it respects the relevant relationship, minimizes embarrassment or harm, follows local expectations, and is communicated with appropriate consent or explanation. Unacceptable when: The action is more likely to be unacceptable when it violates privacy, respect, hierarchy, reciprocity, commitment, or care expectations, especially in public or with a vulnerable/lower-power target. Ambiguity factors: Key ambiguity factors include relationship closeness, tone, consent, public vs private setting, relative status, and whether the action is routine, invited, necessary, or repeated."
RAG_SAC062,SAC062,privacy,Brazil,relational-closeness,Brazil: Relational Closeness,"Close friends may expect sharing, but privacy remains acceptable depending on relationship.",actor; target; personal information; consent; relationship closeness; public/private setting,"The action is more likely to be acceptable when it respects the relevant relationship, minimizes embarrassment or harm, follows local expectations, and is communicated with appropriate consent or explanation.","The action is more likely to be unacceptable when it violates privacy, respect, hierarchy, reciprocity, commitment, or care expectations, especially in public or with a vulnerable/lower-power target.","Key ambiguity factors include relationship closeness, tone, consent, public vs private setting, relative status, and whether the action is routine, invited, necessary, or repeated.",brazil; close; consent; expect; friends; norm; personal information; phone; photo; privacy; public; relational closeness; relationship; remains; sharing,"Culture or social context: Brazil. Norm domain: Relational Closeness. Situation category: privacy. Norm: Close friends may expect sharing, but privacy remains acceptable depending on relationship. Relevant latent variables: actor, target, personal information, consent, relationship closeness, public/private setting. Acceptable when: The action is more likely to be acceptable when it respects the relevant relationship, minimizes embarrassment or harm, follows local expectations, and is communicated with appropriate consent or explanation. Unacceptable when: The action is more likely to be unacceptable when it violates privacy, respect, hierarchy, reciprocity, commitment, or care expectations, especially in public or with a vulnerable/lower-power target. Ambiguity factors: Key ambiguity factors include relationship closeness, tone, consent, public vs private setting, relative status, and whether the action is routine, invited, necessary, or repeated."
RAG_SAC063,SAC063,privacy,US,autonomy,US: Autonomy,Adults commonly make travel decisions independently unless others are affected.,actor; target; personal information; consent; relationship closeness; public/private setting,"The action is more likely to be acceptable when it respects the relevant relationship, minimizes embarrassment or harm, follows local expectations, and is communicated with appropriate consent or explanation.","The action is more likely to be unacceptable when it violates privacy, respect, hierarchy, reciprocity, commitment, or care expectations, especially in public or with a vulnerable/lower-power target.","Key ambiguity factors include relationship closeness, tone, consent, public vs private setting, relative status, and whether the action is routine, invited, necessary, or repeated.",adults; affected; autonomy; consent; decisions; independently; make; norm; others; personal information; phone; photo; privacy; public; travel; unless; us,"Culture or social context: US. Norm domain: Autonomy. Situation category: privacy. Norm: Adults commonly make travel decisions independently unless others are affected. Relevant latent variables: actor, target, personal information, consent, relationship closeness, public/private setting. Acceptable when: The action is more likely to be acceptable when it respects the relevant relationship, minimizes embarrassment or harm, follows local expectations, and is communicated with appropriate consent or explanation. Unacceptable when: The action is more likely to be unacceptable when it violates privacy, respect, hierarchy, reciprocity, commitment, or care expectations, especially in public or with a vulnerable/lower-power target. Ambiguity factors: Key ambiguity factors include relationship closeness, tone, consent, public vs private setting, relative status, and whether the action is routine, invited, necessary, or repeated."
RAG_SAC064,SAC064,privacy,China,family-awareness,China: Family Awareness,"Family may expect to know travel plans for safety and connection, but expectations vary.",actor; target; personal information; consent; relationship closeness; public/private setting,"The action is more likely to be acceptable when it respects the relevant relationship, minimizes embarrassment or harm, follows local expectations, and is communicated with appropriate consent or explanation.","The action is more likely to be unacceptable when it violates privacy, respect, hierarchy, reciprocity, commitment, or care expectations, especially in public or with a vulnerable/lower-power target.","Key ambiguity factors include relationship closeness, tone, consent, public vs private setting, relative status, and whether the action is routine, invited, necessary, or repeated.",china; connection; consent; expect; expectations; family; family awareness; know; norm; personal information; phone; photo; plans; privacy; public; safety; travel; vary,"Culture or social context: China. Norm domain: Family Awareness. Situation category: privacy. Norm: Family may expect to know travel plans for safety and connection, but expectations vary. Relevant latent variables: actor, target, personal information, consent, relationship closeness, public/private setting. Acceptable when: The action is more likely to be acceptable when it respects the relevant relationship, minimizes embarrassment or harm, follows local expectations, and is communicated with appropriate consent or explanation. Unacceptable when: The action is more likely to be unacceptable when it violates privacy, respect, hierarchy, reciprocity, commitment, or care expectations, especially in public or with a vulnerable/lower-power target. Ambiguity factors: Key ambiguity factors include relationship closeness, tone, consent, public vs private setting, relative status, and whether the action is routine, invited, necessary, or repeated."
RAG_SAC065,SAC065,privacy,US,digital-privacy,US: Digital Privacy,Maintaining personal digital privacy is widely considered reasonable.,actor; target; personal information; consent; relationship closeness; public/private setting,"The action is more likely to be acceptable when it respects the relevant relationship, minimizes embarrassment or harm, follows local expectations, and is communicated with appropriate consent or explanation.","The action is more likely to be unacceptable when it violates privacy, respect, hierarchy, reciprocity, commitment, or care expectations, especially in public or with a vulnerable/lower-power target.","Key ambiguity factors include relationship closeness, tone, consent, public vs private setting, relative status, and whether the action is routine, invited, necessary, or repeated.",consent; considered; digital; digital privacy; maintaining; norm; personal; personal information; phone; photo; privacy; public; reasonable; us; widely,"Culture or social context: US. Norm domain: Digital Privacy. Situation category: privacy. Norm: Maintaining personal digital privacy is widely considered reasonable. Relevant latent variables: actor, target, personal information, consent, relationship closeness, public/private setting. Acceptable when: The action is more likely to be acceptable when it respects the relevant relationship, minimizes embarrassment or harm, follows local expectations, and is communicated with appropriate consent or explanation. Unacceptable when: The action is more likely to be unacceptable when it violates privacy, respect, hierarchy, reciprocity, commitment, or care expectations, especially in public or with a vulnerable/lower-power target. Ambiguity factors: Key ambiguity factors include relationship closeness, tone, consent, public vs private setting, relative status, and whether the action is routine, invited, necessary, or repeated."
RAG_SAC066,SAC066,privacy,Mexico,relationship-closeness,Mexico: Relationship Closeness,"Some partners may view sharing as trust, but privacy boundaries are still legitimate.",actor; target; personal information; consent; relationship closeness; public/private setting,"The action is more likely to be acceptable when it respects the relevant relationship, minimizes embarrassment or harm, follows local expectations, and is communicated with appropriate consent or explanation.","The action is more likely to be unacceptable when it violates privacy, respect, hierarchy, reciprocity, commitment, or care expectations, especially in public or with a vulnerable/lower-power target.","Key ambiguity factors include relationship closeness, tone, consent, public vs private setting, relative status, and whether the action is routine, invited, necessary, or repeated.",boundaries; consent; legitimate; mexico; norm; partners; personal information; phone; photo; privacy; public; relationship closeness; sharing; some; still; trust; view,"Culture or social context: Mexico. Norm domain: Relationship Closeness. Situation category: privacy. Norm: Some partners may view sharing as trust, but privacy boundaries are still legitimate. Relevant latent variables: actor, target, personal information, consent, relationship closeness, public/private setting. Acceptable when: The action is more likely to be acceptable when it respects the relevant relationship, minimizes embarrassment or harm, follows local expectations, and is communicated with appropriate consent or explanation. Unacceptable when: The action is more likely to be unacceptable when it violates privacy, respect, hierarchy, reciprocity, commitment, or care expectations, especially in public or with a vulnerable/lower-power target. Ambiguity factors: Key ambiguity factors include relationship closeness, tone, consent, public vs private setting, relative status, and whether the action is routine, invited, necessary, or repeated."
RAG_SAC067,SAC067,privacy,US,consent,US: Consent,Posting someone’s image usually requires respect for consent and privacy.,actor; target; personal information; consent; relationship closeness; public/private setting,"The action is more likely to be acceptable when it respects the relevant relationship, minimizes embarrassment or harm, follows local expectations, and is communicated with appropriate consent or explanation.","The action is more likely to be unacceptable when it violates privacy, respect, hierarchy, reciprocity, commitment, or care expectations, especially in public or with a vulnerable/lower-power target.","Key ambiguity factors include relationship closeness, tone, consent, public vs private setting, relative status, and whether the action is routine, invited, necessary, or repeated.",consent; image; norm; personal information; phone; photo; posting; privacy; public; requires; respect; someone; us,"Culture or social context: US. Norm domain: Consent. Situation category: privacy. Norm: Posting someone’s image usually requires respect for consent and privacy. Relevant latent variables: actor, target, personal information, consent, relationship closeness, public/private setting. Acceptable when: The action is more likely to be acceptable when it respects the relevant relationship, minimizes embarrassment or harm, follows local expectations, and is communicated with appropriate consent or explanation. Unacceptable when: The action is more likely to be unacceptable when it violates privacy, respect, hierarchy, reciprocity, commitment, or care expectations, especially in public or with a vulnerable/lower-power target. Ambiguity factors: Key ambiguity factors include relationship closeness, tone, consent, public vs private setting, relative status, and whether the action is routine, invited, necessary, or repeated."
RAG_SAC068,SAC068,privacy,South Korea,image-conscious,South Korea: Image Conscious,"Managing one’s public image is socially important, so photo consent is meaningful.",actor; target; personal information; consent; relationship closeness; public/private setting,"The action is more likely to be acceptable when it respects the relevant relationship, minimizes embarrassment or harm, follows local expectations, and is communicated with appropriate consent or explanation.","The action is more likely to be unacceptable when it violates privacy, respect, hierarchy, reciprocity, commitment, or care expectations, especially in public or with a vulnerable/lower-power target.","Key ambiguity factors include relationship closeness, tone, consent, public vs private setting, relative status, and whether the action is routine, invited, necessary, or repeated.",consent; image; image conscious; korea; managing; meaningful; norm; personal information; phone; photo; privacy; public; socially; south; south korea,"Culture or social context: South Korea. Norm domain: Image Conscious. Situation category: privacy. Norm: Managing one’s public image is socially important, so photo consent is meaningful. Relevant latent variables: actor, target, personal information, consent, relationship closeness, public/private setting. Acceptable when: The action is more likely to be acceptable when it respects the relevant relationship, minimizes embarrassment or harm, follows local expectations, and is communicated with appropriate consent or explanation. Unacceptable when: The action is more likely to be unacceptable when it violates privacy, respect, hierarchy, reciprocity, commitment, or care expectations, especially in public or with a vulnerable/lower-power target. Ambiguity factors: Key ambiguity factors include relationship closeness, tone, consent, public vs private setting, relative status, and whether the action is routine, invited, necessary, or repeated."
RAG_SAC069,SAC069,morality_fairness,US,commitment,US: Commitment,Not following through on commitments is generally unfair to teammates.,actor; affected party; fairness; honesty; harm; rule expectation,"The action is more likely to be acceptable when it respects the relevant relationship, minimizes embarrassment or harm, follows local expectations, and is communicated with appropriate consent or explanation.","The action is more likely to be unacceptable when it violates privacy, respect, hierarchy, reciprocity, commitment, or care expectations, especially in public or with a vulnerable/lower-power target.","Key ambiguity factors include relationship closeness, tone, consent, public vs private setting, relative status, and whether the action is routine, invited, necessary, or repeated.",cheating; commitment; commitments; credit; fairness; following; honesty; morality; norm; rules; teammates; through; unfair; us,"Culture or social context: US. Norm domain: Commitment. Situation category: morality fairness. Norm: Not following through on commitments is generally unfair to teammates. Relevant latent variables: actor, affected party, fairness, honesty, harm, rule expectation. Acceptable when: The action is more likely to be acceptable when it respects the relevant relationship, minimizes embarrassment or harm, follows local expectations, and is communicated with appropriate consent or explanation. Unacceptable when: The action is more likely to be unacceptable when it violates privacy, respect, hierarchy, reciprocity, commitment, or care expectations, especially in public or with a vulnerable/lower-power target. Ambiguity factors: Key ambiguity factors include relationship closeness, tone, consent, public vs private setting, relative status, and whether the action is routine, invited, necessary, or repeated."
RAG_SAC070,SAC070,morality_fairness,Japan,group-responsibility,Japan: Group Responsibility,Group obligation and reliability are strongly valued.,actor; affected party; fairness; honesty; harm; rule expectation,"The action is more likely to be acceptable when it respects the relevant relationship, minimizes embarrassment or harm, follows local expectations, and is communicated with appropriate consent or explanation.","The action is more likely to be unacceptable when it violates privacy, respect, hierarchy, reciprocity, commitment, or care expectations, especially in public or with a vulnerable/lower-power target.","Key ambiguity factors include relationship closeness, tone, consent, public vs private setting, relative status, and whether the action is routine, invited, necessary, or repeated.",cheating; credit; fairness; group; group responsibility; honesty; japan; morality; norm; obligation; reliability; rules; strongly; valued,"Culture or social context: Japan. Norm domain: Group Responsibility. Situation category: morality fairness. Norm: Group obligation and reliability are strongly valued. Relevant latent variables: actor, affected party, fairness, honesty, harm, rule expectation. Acceptable when: The action is more likely to be acceptable when it respects the relevant relationship, minimizes embarrassment or harm, follows local expectations, and is communicated with appropriate consent or explanation. Unacceptable when: The action is more likely to be unacceptable when it violates privacy, respect, hierarchy, reciprocity, commitment, or care expectations, especially in public or with a vulnerable/lower-power target. Ambiguity factors: Key ambiguity factors include relationship closeness, tone, consent, public vs private setting, relative status, and whether the action is routine, invited, necessary, or repeated."
RAG_SAC071,SAC071,morality_fairness,US,contract,US: Contract,"Keeping agreements is valued, but refunds may depend on fairness, product condition, and prior terms.",actor; affected party; fairness; honesty; harm; rule expectation,"The action is more likely to be acceptable when it respects the relevant relationship, minimizes embarrassment or harm, follows local expectations, and is communicated with appropriate consent or explanation.","The action is more likely to be unacceptable when it violates privacy, respect, hierarchy, reciprocity, commitment, or care expectations, especially in public or with a vulnerable/lower-power target.","Key ambiguity factors include relationship closeness, tone, consent, public vs private setting, relative status, and whether the action is routine, invited, necessary, or repeated.",agreements; cheating; condition; contract; credit; depend; fairness; honesty; keeping; morality; norm; prior; product; refunds; rules; terms; us; valued,"Culture or social context: US. Norm domain: Contract. Situation category: morality fairness. Norm: Keeping agreements is valued, but refunds may depend on fairness, product condition, and prior terms. Relevant latent variables: actor, affected party, fairness, honesty, harm, rule expectation. Acceptable when: The action is more likely to be acceptable when it respects the relevant relationship, minimizes embarrassment or harm, follows local expectations, and is communicated with appropriate consent or explanation. Unacceptable when: The action is more likely to be unacceptable when it violates privacy, respect, hierarchy, reciprocity, commitment, or care expectations, especially in public or with a vulnerable/lower-power target. Ambiguity factors: Key ambiguity factors include relationship closeness, tone, consent, public vs private setting, relative status, and whether the action is routine, invited, necessary, or repeated."
RAG_SAC072,SAC072,morality_fairness,Germany,rule-and-contract,Germany: Rule And Contract,Clear agreements are generally expected to be honored.,actor; affected party; fairness; honesty; harm; rule expectation,"The action is more likely to be acceptable when it respects the relevant relationship, minimizes embarrassment or harm, follows local expectations, and is communicated with appropriate consent or explanation.","The action is more likely to be unacceptable when it violates privacy, respect, hierarchy, reciprocity, commitment, or care expectations, especially in public or with a vulnerable/lower-power target.","Key ambiguity factors include relationship closeness, tone, consent, public vs private setting, relative status, and whether the action is routine, invited, necessary, or repeated.",agreements; cheating; clear; credit; expected; fairness; germany; honesty; honored; morality; norm; rule and contract; rules,"Culture or social context: Germany. Norm domain: Rule And Contract. Situation category: morality fairness. Norm: Clear agreements are generally expected to be honored. Relevant latent variables: actor, affected party, fairness, honesty, harm, rule expectation. Acceptable when: The action is more likely to be acceptable when it respects the relevant relationship, minimizes embarrassment or harm, follows local expectations, and is communicated with appropriate consent or explanation. Unacceptable when: The action is more likely to be unacceptable when it violates privacy, respect, hierarchy, reciprocity, commitment, or care expectations, especially in public or with a vulnerable/lower-power target. Ambiguity factors: Key ambiguity factors include relationship closeness, tone, consent, public vs private setting, relative status, and whether the action is routine, invited, necessary, or repeated."
RAG_SAC073,SAC073,morality_fairness,US,accountability,US: Accountability,Late apologies can be acceptable when they acknowledge harm without demanding forgiveness.,actor; affected party; fairness; honesty; harm; rule expectation,"The action is more likely to be acceptable when it respects the relevant relationship, minimizes embarrassment or harm, follows local expectations, and is communicated with appropriate consent or explanation.","The action is more likely to be unacceptable when it violates privacy, respect, hierarchy, reciprocity, commitment, or care expectations, especially in public or with a vulnerable/lower-power target.","Key ambiguity factors include relationship closeness, tone, consent, public vs private setting, relative status, and whether the action is routine, invited, necessary, or repeated.",accountability; acknowledge; apologies; cheating; credit; demanding; fairness; forgiveness; harm; honesty; late; morality; norm; rules; they; us; when; without,"Culture or social context: US. Norm domain: Accountability. Situation category: morality fairness. Norm: Late apologies can be acceptable when they acknowledge harm without demanding forgiveness. Relevant latent variables: actor, affected party, fairness, honesty, harm, rule expectation. Acceptable when: The action is more likely to be acceptable when it respects the relevant relationship, minimizes embarrassment or harm, follows local expectations, and is communicated with appropriate consent or explanation. Unacceptable when: The action is more likely to be unacceptable when it violates privacy, respect, hierarchy, reciprocity, commitment, or care expectations, especially in public or with a vulnerable/lower-power target. Ambiguity factors: Key ambiguity factors include relationship closeness, tone, consent, public vs private setting, relative status, and whether the action is routine, invited, necessary, or repeated."
RAG_SAC074,SAC074,morality_fairness,Japan,restoring-harmony,Japan: Restoring Harmony,Apology can help repair relationships and restore social harmony.,actor; affected party; fairness; honesty; harm; rule expectation,"The action is more likely to be acceptable when it respects the relevant relationship, minimizes embarrassment or harm, follows local expectations, and is communicated with appropriate consent or explanation.","The action is more likely to be unacceptable when it violates privacy, respect, hierarchy, reciprocity, commitment, or care expectations, especially in public or with a vulnerable/lower-power target.","Key ambiguity factors include relationship closeness, tone, consent, public vs private setting, relative status, and whether the action is routine, invited, necessary, or repeated.",apology; cheating; credit; fairness; harmony; help; honesty; japan; morality; norm; relationships; repair; restore; restoring harmony; rules; social,"Culture or social context: Japan. Norm domain: Restoring Harmony. Situation category: morality fairness. Norm: Apology can help repair relationships and restore social harmony. Relevant latent variables: actor, affected party, fairness, honesty, harm, rule expectation. Acceptable when: The action is more likely to be acceptable when it respects the relevant relationship, minimizes embarrassment or harm, follows local expectations, and is communicated with appropriate consent or explanation. Unacceptable when: The action is more likely to be unacceptable when it violates privacy, respect, hierarchy, reciprocity, commitment, or care expectations, especially in public or with a vulnerable/lower-power target. Ambiguity factors: Key ambiguity factors include relationship closeness, tone, consent, public vs private setting, relative status, and whether the action is routine, invited, necessary, or repeated."
RAG_SAC075,SAC075,morality_fairness,US,autonomy-and-honesty,US: Autonomy And Honesty,Some value honesty and warning the harmed person; others avoid intervening in private relationships.,actor; affected party; fairness; honesty; harm; rule expectation,"The action is more likely to be acceptable when it respects the relevant relationship, minimizes embarrassment or harm, follows local expectations, and is communicated with appropriate consent or explanation.","The action is more likely to be unacceptable when it violates privacy, respect, hierarchy, reciprocity, commitment, or care expectations, especially in public or with a vulnerable/lower-power target.","Key ambiguity factors include relationship closeness, tone, consent, public vs private setting, relative status, and whether the action is routine, invited, necessary, or repeated.",autonomy and honesty; avoid; cheating; credit; fairness; harmed; honesty; intervening; morality; norm; others; person; private; relationships; rules; some; us; value,"Culture or social context: US. Norm domain: Autonomy And Honesty. Situation category: morality fairness. Norm: Some value honesty and warning the harmed person; others avoid intervening in private relationships. Relevant latent variables: actor, affected party, fairness, honesty, harm, rule expectation. Acceptable when: The action is more likely to be acceptable when it respects the relevant relationship, minimizes embarrassment or harm, follows local expectations, and is communicated with appropriate consent or explanation. Unacceptable when: The action is more likely to be unacceptable when it violates privacy, respect, hierarchy, reciprocity, commitment, or care expectations, especially in public or with a vulnerable/lower-power target. Ambiguity factors: Key ambiguity factors include relationship closeness, tone, consent, public vs private setting, relative status, and whether the action is routine, invited, necessary, or repeated."
RAG_SAC076,SAC076,friendship,US,consent-and-respect,US: Consent And Respect,Respecting requests about personal images is tied to trust and consent.,friend; closeness; reciprocity; support expectation; honesty; boundary,"The action is more likely to be acceptable when it respects the relevant relationship, minimizes embarrassment or harm, follows local expectations, and is communicated with appropriate consent or explanation.","The action is more likely to be unacceptable when it violates privacy, respect, hierarchy, reciprocity, commitment, or care expectations, especially in public or with a vulnerable/lower-power target.","Key ambiguity factors include relationship closeness, tone, consent, public vs private setting, relative status, and whether the action is routine, invited, necessary, or repeated.",about; boundaries; consent; consent and respect; friend; friendship; honesty; images; norm; personal; reciprocity; requests; respecting; support; tied; trust; us,"Culture or social context: US. Norm domain: Consent And Respect. Situation category: friendship. Norm: Respecting requests about personal images is tied to trust and consent. Relevant latent variables: friend, closeness, reciprocity, support expectation, honesty, boundary. Acceptable when: The action is more likely to be acceptable when it respects the relevant relationship, minimizes embarrassment or harm, follows local expectations, and is communicated with appropriate consent or explanation. Unacceptable when: The action is more likely to be unacceptable when it violates privacy, respect, hierarchy, reciprocity, commitment, or care expectations, especially in public or with a vulnerable/lower-power target. Ambiguity factors: Key ambiguity factors include relationship closeness, tone, consent, public vs private setting, relative status, and whether the action is routine, invited, necessary, or repeated."
RAG_SAC077,SAC077,friendship,Germany,privacy-respect,Germany: Privacy Respect,Personal dignity and consent are strongly emphasized in social interactions.,friend; closeness; reciprocity; support expectation; honesty; boundary,"The action is more likely to be acceptable when it respects the relevant relationship, minimizes embarrassment or harm, follows local expectations, and is communicated with appropriate consent or explanation.","The action is more likely to be unacceptable when it violates privacy, respect, hierarchy, reciprocity, commitment, or care expectations, especially in public or with a vulnerable/lower-power target.","Key ambiguity factors include relationship closeness, tone, consent, public vs private setting, relative status, and whether the action is routine, invited, necessary, or repeated.",boundaries; consent; dignity; emphasized; friend; friendship; germany; honesty; interactions; norm; personal; privacy respect; reciprocity; social; strongly; support,"Culture or social context: Germany. Norm domain: Privacy Respect. Situation category: friendship. Norm: Personal dignity and consent are strongly emphasized in social interactions. Relevant latent variables: friend, closeness, reciprocity, support expectation, honesty, boundary. Acceptable when: The action is more likely to be acceptable when it respects the relevant relationship, minimizes embarrassment or harm, follows local expectations, and is communicated with appropriate consent or explanation. Unacceptable when: The action is more likely to be unacceptable when it violates privacy, respect, hierarchy, reciprocity, commitment, or care expectations, especially in public or with a vulnerable/lower-power target. Ambiguity factors: Key ambiguity factors include relationship closeness, tone, consent, public vs private setting, relative status, and whether the action is routine, invited, necessary, or repeated."
RAG_SAC078,SAC078,friendship,US,flexibility,US: Flexibility,"Self-care is valued, but reliability and communication still matter.",friend; closeness; reciprocity; support expectation; honesty; boundary,"The action is more likely to be acceptable when it respects the relevant relationship, minimizes embarrassment or harm, follows local expectations, and is communicated with appropriate consent or explanation.","The action is more likely to be unacceptable when it violates privacy, respect, hierarchy, reciprocity, commitment, or care expectations, especially in public or with a vulnerable/lower-power target.","Key ambiguity factors include relationship closeness, tone, consent, public vs private setting, relative status, and whether the action is routine, invited, necessary, or repeated.",boundaries; communication; flexibility; friend; friendship; honesty; matter; norm; reciprocity; reliability; self care; still; support; us; valued,"Culture or social context: US. Norm domain: Flexibility. Situation category: friendship. Norm: Self-care is valued, but reliability and communication still matter. Relevant latent variables: friend, closeness, reciprocity, support expectation, honesty, boundary. Acceptable when: The action is more likely to be acceptable when it respects the relevant relationship, minimizes embarrassment or harm, follows local expectations, and is communicated with appropriate consent or explanation. Unacceptable when: The action is more likely to be unacceptable when it violates privacy, respect, hierarchy, reciprocity, commitment, or care expectations, especially in public or with a vulnerable/lower-power target. Ambiguity factors: Key ambiguity factors include relationship closeness, tone, consent, public vs private setting, relative status, and whether the action is routine, invited, necessary, or repeated."
RAG_SAC079,SAC079,friendship,Japan,reliability,Japan: Reliability,Commitments are expected to be honored unless there is a strong reason.,friend; closeness; reciprocity; support expectation; honesty; boundary,"The action is more likely to be acceptable when it respects the relevant relationship, minimizes embarrassment or harm, follows local expectations, and is communicated with appropriate consent or explanation.","The action is more likely to be unacceptable when it violates privacy, respect, hierarchy, reciprocity, commitment, or care expectations, especially in public or with a vulnerable/lower-power target.","Key ambiguity factors include relationship closeness, tone, consent, public vs private setting, relative status, and whether the action is routine, invited, necessary, or repeated.",boundaries; commitments; expected; friend; friendship; honesty; honored; japan; norm; reason; reciprocity; reliability; strong; support; there; unless,"Culture or social context: Japan. Norm domain: Reliability. Situation category: friendship. Norm: Commitments are expected to be honored unless there is a strong reason. Relevant latent variables: friend, closeness, reciprocity, support expectation, honesty, boundary. Acceptable when: The action is more likely to be acceptable when it respects the relevant relationship, minimizes embarrassment or harm, follows local expectations, and is communicated with appropriate consent or explanation. Unacceptable when: The action is more likely to be unacceptable when it violates privacy, respect, hierarchy, reciprocity, commitment, or care expectations, especially in public or with a vulnerable/lower-power target. Ambiguity factors: Key ambiguity factors include relationship closeness, tone, consent, public vs private setting, relative status, and whether the action is routine, invited, necessary, or repeated."
RAG_SAC080,SAC080,friendship,US,politeness,US: Politeness,Honesty is acceptable but often softened to avoid hurting others.,friend; closeness; reciprocity; support expectation; honesty; boundary,"The action is more likely to be acceptable when it respects the relevant relationship, minimizes embarrassment or harm, follows local expectations, and is communicated with appropriate consent or explanation.","The action is more likely to be unacceptable when it violates privacy, respect, hierarchy, reciprocity, commitment, or care expectations, especially in public or with a vulnerable/lower-power target.","Key ambiguity factors include relationship closeness, tone, consent, public vs private setting, relative status, and whether the action is routine, invited, necessary, or repeated.",avoid; boundaries; friend; friendship; honesty; hurting; norm; often; others; politeness; reciprocity; softened; support; us,"Culture or social context: US. Norm domain: Politeness. Situation category: friendship. Norm: Honesty is acceptable but often softened to avoid hurting others. Relevant latent variables: friend, closeness, reciprocity, support expectation, honesty, boundary. Acceptable when: The action is more likely to be acceptable when it respects the relevant relationship, minimizes embarrassment or harm, follows local expectations, and is communicated with appropriate consent or explanation. Unacceptable when: The action is more likely to be unacceptable when it violates privacy, respect, hierarchy, reciprocity, commitment, or care expectations, especially in public or with a vulnerable/lower-power target. Ambiguity factors: Key ambiguity factors include relationship closeness, tone, consent, public vs private setting, relative status, and whether the action is routine, invited, necessary, or repeated."
RAG_SAC081,SAC081,friendship,Japan,harmony,Japan: Harmony,Maintaining harmony often outweighs expressing negative opinions directly.,friend; closeness; reciprocity; support expectation; honesty; boundary,"The action is more likely to be acceptable when it respects the relevant relationship, minimizes embarrassment or harm, follows local expectations, and is communicated with appropriate consent or explanation.","The action is more likely to be unacceptable when it violates privacy, respect, hierarchy, reciprocity, commitment, or care expectations, especially in public or with a vulnerable/lower-power target.","Key ambiguity factors include relationship closeness, tone, consent, public vs private setting, relative status, and whether the action is routine, invited, necessary, or repeated.",boundaries; directly; expressing; friend; friendship; harmony; honesty; japan; maintaining; negative; norm; often; opinions; outweighs; reciprocity; support,"Culture or social context: Japan. Norm domain: Harmony. Situation category: friendship. Norm: Maintaining harmony often outweighs expressing negative opinions directly. Relevant latent variables: friend, closeness, reciprocity, support expectation, honesty, boundary. Acceptable when: The action is more likely to be acceptable when it respects the relevant relationship, minimizes embarrassment or harm, follows local expectations, and is communicated with appropriate consent or explanation. Unacceptable when: The action is more likely to be unacceptable when it violates privacy, respect, hierarchy, reciprocity, commitment, or care expectations, especially in public or with a vulnerable/lower-power target. Ambiguity factors: Key ambiguity factors include relationship closeness, tone, consent, public vs private setting, relative status, and whether the action is routine, invited, necessary, or repeated."
RAG_SAC082,SAC082,friendship,US,communication,US: Communication,"Delays may be acceptable, but lack of response can signal disrespect.",friend; closeness; reciprocity; support expectation; honesty; boundary,"The action is more likely to be acceptable when it respects the relevant relationship, minimizes embarrassment or harm, follows local expectations, and is communicated with appropriate consent or explanation.","The action is more likely to be unacceptable when it violates privacy, respect, hierarchy, reciprocity, commitment, or care expectations, especially in public or with a vulnerable/lower-power target.","Key ambiguity factors include relationship closeness, tone, consent, public vs private setting, relative status, and whether the action is routine, invited, necessary, or repeated.",boundaries; communication; delays; disrespect; friend; friendship; honesty; lack; norm; reciprocity; response; signal; support; us,"Culture or social context: US. Norm domain: Communication. Situation category: friendship. Norm: Delays may be acceptable, but lack of response can signal disrespect. Relevant latent variables: friend, closeness, reciprocity, support expectation, honesty, boundary. Acceptable when: The action is more likely to be acceptable when it respects the relevant relationship, minimizes embarrassment or harm, follows local expectations, and is communicated with appropriate consent or explanation. Unacceptable when: The action is more likely to be unacceptable when it violates privacy, respect, hierarchy, reciprocity, commitment, or care expectations, especially in public or with a vulnerable/lower-power target. Ambiguity factors: Key ambiguity factors include relationship closeness, tone, consent, public vs private setting, relative status, and whether the action is routine, invited, necessary, or repeated."
RAG_SAC083,SAC083,friendship,Korea,responsiveness,Korea: Responsiveness,Timely communication is often associated with maintaining relationships.,friend; closeness; reciprocity; support expectation; honesty; boundary,"The action is more likely to be acceptable when it respects the relevant relationship, minimizes embarrassment or harm, follows local expectations, and is communicated with appropriate consent or explanation.","The action is more likely to be unacceptable when it violates privacy, respect, hierarchy, reciprocity, commitment, or care expectations, especially in public or with a vulnerable/lower-power target.","Key ambiguity factors include relationship closeness, tone, consent, public vs private setting, relative status, and whether the action is routine, invited, necessary, or repeated.",associated; boundaries; communication; friend; friendship; honesty; korea; maintaining; norm; often; reciprocity; relationships; responsiveness; support; timely; with,"Culture or social context: Korea. Norm domain: Responsiveness. Situation category: friendship. Norm: Timely communication is often associated with maintaining relationships. Relevant latent variables: friend, closeness, reciprocity, support expectation, honesty, boundary. Acceptable when: The action is more likely to be acceptable when it respects the relevant relationship, minimizes embarrassment or harm, follows local expectations, and is communicated with appropriate consent or explanation. Unacceptable when: The action is more likely to be unacceptable when it violates privacy, respect, hierarchy, reciprocity, commitment, or care expectations, especially in public or with a vulnerable/lower-power target. Ambiguity factors: Key ambiguity factors include relationship closeness, tone, consent, public vs private setting, relative status, and whether the action is routine, invited, necessary, or repeated."
RAG_SAC084,SAC084,morality_loyalty,US,support,US: Support,Providing emotional support is generally expected in close friendships.,group member; group; loyalty expectation; honesty; conflict of interest; relationship,"The action is more likely to be acceptable when it respects the relevant relationship, minimizes embarrassment or harm, follows local expectations, and is communicated with appropriate consent or explanation.","The action is more likely to be unacceptable when it violates privacy, respect, hierarchy, reciprocity, commitment, or care expectations, especially in public or with a vulnerable/lower-power target.","Key ambiguity factors include relationship closeness, tone, consent, public vs private setting, relative status, and whether the action is routine, invited, necessary, or repeated.",betrayal; close; emotional; expected; family; friendships; group; loyalty; morality; norm; providing; support; team; us,"Culture or social context: US. Norm domain: Support. Situation category: morality loyalty. Norm: Providing emotional support is generally expected in close friendships. Relevant latent variables: group member, group, loyalty expectation, honesty, conflict of interest, relationship. Acceptable when: The action is more likely to be acceptable when it respects the relevant relationship, minimizes embarrassment or harm, follows local expectations, and is communicated with appropriate consent or explanation. Unacceptable when: The action is more likely to be unacceptable when it violates privacy, respect, hierarchy, reciprocity, commitment, or care expectations, especially in public or with a vulnerable/lower-power target. Ambiguity factors: Key ambiguity factors include relationship closeness, tone, consent, public vs private setting, relative status, and whether the action is routine, invited, necessary, or repeated."
RAG_SAC085,SAC085,morality_loyalty,China,relational-duty,China: Relational Duty,Close relationships often carry expectations of mutual support.,group member; group; loyalty expectation; honesty; conflict of interest; relationship,"The action is more likely to be acceptable when it respects the relevant relationship, minimizes embarrassment or harm, follows local expectations, and is communicated with appropriate consent or explanation.","The action is more likely to be unacceptable when it violates privacy, respect, hierarchy, reciprocity, commitment, or care expectations, especially in public or with a vulnerable/lower-power target.","Key ambiguity factors include relationship closeness, tone, consent, public vs private setting, relative status, and whether the action is routine, invited, necessary, or repeated.",betrayal; carry; china; close; expectations; family; group; loyalty; morality; mutual; norm; often; relational duty; relationships; support; team,"Culture or social context: China. Norm domain: Relational Duty. Situation category: morality loyalty. Norm: Close relationships often carry expectations of mutual support. Relevant latent variables: group member, group, loyalty expectation, honesty, conflict of interest, relationship. Acceptable when: The action is more likely to be acceptable when it respects the relevant relationship, minimizes embarrassment or harm, follows local expectations, and is communicated with appropriate consent or explanation. Unacceptable when: The action is more likely to be unacceptable when it violates privacy, respect, hierarchy, reciprocity, commitment, or care expectations, especially in public or with a vulnerable/lower-power target. Ambiguity factors: Key ambiguity factors include relationship closeness, tone, consent, public vs private setting, relative status, and whether the action is routine, invited, necessary, or repeated."
RAG_SAC086,SAC086,morality_loyalty,US,boundary,US: Boundary,Protecting mental health through boundaries is generally accepted.,group member; group; loyalty expectation; honesty; conflict of interest; relationship,"The action is more likely to be acceptable when it respects the relevant relationship, minimizes embarrassment or harm, follows local expectations, and is communicated with appropriate consent or explanation.","The action is more likely to be unacceptable when it violates privacy, respect, hierarchy, reciprocity, commitment, or care expectations, especially in public or with a vulnerable/lower-power target.","Key ambiguity factors include relationship closeness, tone, consent, public vs private setting, relative status, and whether the action is routine, invited, necessary, or repeated.",accepted; betrayal; boundaries; boundary; family; group; health; loyalty; mental; morality; norm; protecting; team; through; us,"Culture or social context: US. Norm domain: Boundary. Situation category: morality loyalty. Norm: Protecting mental health through boundaries is generally accepted. Relevant latent variables: group member, group, loyalty expectation, honesty, conflict of interest, relationship. Acceptable when: The action is more likely to be acceptable when it respects the relevant relationship, minimizes embarrassment or harm, follows local expectations, and is communicated with appropriate consent or explanation. Unacceptable when: The action is more likely to be unacceptable when it violates privacy, respect, hierarchy, reciprocity, commitment, or care expectations, especially in public or with a vulnerable/lower-power target. Ambiguity factors: Key ambiguity factors include relationship closeness, tone, consent, public vs private setting, relative status, and whether the action is routine, invited, necessary, or repeated."
RAG_SAC087,SAC087,morality_loyalty,India,relational-continuity,India: Relational Continuity,"Maintaining relationships is valued, but distancing may be acceptable in difficult situations.",group member; group; loyalty expectation; honesty; conflict of interest; relationship,"The action is more likely to be acceptable when it respects the relevant relationship, minimizes embarrassment or harm, follows local expectations, and is communicated with appropriate consent or explanation.","The action is more likely to be unacceptable when it violates privacy, respect, hierarchy, reciprocity, commitment, or care expectations, especially in public or with a vulnerable/lower-power target.","Key ambiguity factors include relationship closeness, tone, consent, public vs private setting, relative status, and whether the action is routine, invited, necessary, or repeated.",betrayal; difficult; distancing; family; group; india; loyalty; maintaining; morality; norm; relational continuity; relationships; situations; team; valued,"Culture or social context: India. Norm domain: Relational Continuity. Situation category: morality loyalty. Norm: Maintaining relationships is valued, but distancing may be acceptable in difficult situations. Relevant latent variables: group member, group, loyalty expectation, honesty, conflict of interest, relationship. Acceptable when: The action is more likely to be acceptable when it respects the relevant relationship, minimizes embarrassment or harm, follows local expectations, and is communicated with appropriate consent or explanation. Unacceptable when: The action is more likely to be unacceptable when it violates privacy, respect, hierarchy, reciprocity, commitment, or care expectations, especially in public or with a vulnerable/lower-power target. Ambiguity factors: Key ambiguity factors include relationship closeness, tone, consent, public vs private setting, relative status, and whether the action is routine, invited, necessary, or repeated."
RAG_SAC088,SAC088,authority,US,discussion,US: Discussion,Questioning authority can be acceptable if respectful.,subordinate; authority figure; hierarchy; respect; public/private setting; tone,"The action is more likely to be acceptable when it respects the relevant relationship, minimizes embarrassment or harm, follows local expectations, and is communicated with appropriate consent or explanation.","The action is more likely to be unacceptable when it violates privacy, respect, hierarchy, reciprocity, commitment, or care expectations, especially in public or with a vulnerable/lower-power target.","Key ambiguity factors include relationship closeness, tone, consent, public vs private setting, relative status, and whether the action is routine, invited, necessary, or repeated.",authority; discussion; elder; hierarchy; manager; norm; questioning; respect; respectful; teacher; us,"Culture or social context: US. Norm domain: Discussion. Situation category: authority. Norm: Questioning authority can be acceptable if respectful. Relevant latent variables: subordinate, authority figure, hierarchy, respect, public/private setting, tone. Acceptable when: The action is more likely to be acceptable when it respects the relevant relationship, minimizes embarrassment or harm, follows local expectations, and is communicated with appropriate consent or explanation. Unacceptable when: The action is more likely to be unacceptable when it violates privacy, respect, hierarchy, reciprocity, commitment, or care expectations, especially in public or with a vulnerable/lower-power target. Ambiguity factors: Key ambiguity factors include relationship closeness, tone, consent, public vs private setting, relative status, and whether the action is routine, invited, necessary, or repeated."
RAG_SAC089,SAC089,authority,Japan,respect-for-authority,Japan: Respect For Authority,Public disagreement with teachers may be seen as disrespectful.,subordinate; authority figure; hierarchy; respect; public/private setting; tone,"The action is more likely to be acceptable when it respects the relevant relationship, minimizes embarrassment or harm, follows local expectations, and is communicated with appropriate consent or explanation.","The action is more likely to be unacceptable when it violates privacy, respect, hierarchy, reciprocity, commitment, or care expectations, especially in public or with a vulnerable/lower-power target.","Key ambiguity factors include relationship closeness, tone, consent, public vs private setting, relative status, and whether the action is routine, invited, necessary, or repeated.",authority; disagreement; disrespectful; elder; hierarchy; japan; manager; norm; public; respect; respect for authority; seen; teacher; teachers; with,"Culture or social context: Japan. Norm domain: Respect For Authority. Situation category: authority. Norm: Public disagreement with teachers may be seen as disrespectful. Relevant latent variables: subordinate, authority figure, hierarchy, respect, public/private setting, tone. Acceptable when: The action is more likely to be acceptable when it respects the relevant relationship, minimizes embarrassment or harm, follows local expectations, and is communicated with appropriate consent or explanation. Unacceptable when: The action is more likely to be unacceptable when it violates privacy, respect, hierarchy, reciprocity, commitment, or care expectations, especially in public or with a vulnerable/lower-power target. Ambiguity factors: Key ambiguity factors include relationship closeness, tone, consent, public vs private setting, relative status, and whether the action is routine, invited, necessary, or repeated."
RAG_SAC090,SAC090,authority,US,fairness,US: Fairness,"Students may question fairness, but public confrontation may be discouraged.",subordinate; authority figure; hierarchy; respect; public/private setting; tone,"The action is more likely to be acceptable when it respects the relevant relationship, minimizes embarrassment or harm, follows local expectations, and is communicated with appropriate consent or explanation.","The action is more likely to be unacceptable when it violates privacy, respect, hierarchy, reciprocity, commitment, or care expectations, especially in public or with a vulnerable/lower-power target.","Key ambiguity factors include relationship closeness, tone, consent, public vs private setting, relative status, and whether the action is routine, invited, necessary, or repeated.",authority; confrontation; discouraged; elder; fairness; hierarchy; manager; norm; public; question; respect; students; teacher; us,"Culture or social context: US. Norm domain: Fairness. Situation category: authority. Norm: Students may question fairness, but public confrontation may be discouraged. Relevant latent variables: subordinate, authority figure, hierarchy, respect, public/private setting, tone. Acceptable when: The action is more likely to be acceptable when it respects the relevant relationship, minimizes embarrassment or harm, follows local expectations, and is communicated with appropriate consent or explanation. Unacceptable when: The action is more likely to be unacceptable when it violates privacy, respect, hierarchy, reciprocity, commitment, or care expectations, especially in public or with a vulnerable/lower-power target. Ambiguity factors: Key ambiguity factors include relationship closeness, tone, consent, public vs private setting, relative status, and whether the action is routine, invited, necessary, or repeated."
RAG_SAC091,SAC091,authority,China,hierarchy,China: Hierarchy,Challenging authority publicly may be seen as inappropriate.,subordinate; authority figure; hierarchy; respect; public/private setting; tone,"The action is more likely to be acceptable when it respects the relevant relationship, minimizes embarrassment or harm, follows local expectations, and is communicated with appropriate consent or explanation.","The action is more likely to be unacceptable when it violates privacy, respect, hierarchy, reciprocity, commitment, or care expectations, especially in public or with a vulnerable/lower-power target.","Key ambiguity factors include relationship closeness, tone, consent, public vs private setting, relative status, and whether the action is routine, invited, necessary, or repeated.",authority; challenging; china; elder; hierarchy; inappropriate; manager; norm; publicly; respect; seen; teacher,"Culture or social context: China. Norm domain: Hierarchy. Situation category: authority. Norm: Challenging authority publicly may be seen as inappropriate. Relevant latent variables: subordinate, authority figure, hierarchy, respect, public/private setting, tone. Acceptable when: The action is more likely to be acceptable when it respects the relevant relationship, minimizes embarrassment or harm, follows local expectations, and is communicated with appropriate consent or explanation. Unacceptable when: The action is more likely to be unacceptable when it violates privacy, respect, hierarchy, reciprocity, commitment, or care expectations, especially in public or with a vulnerable/lower-power target. Ambiguity factors: Key ambiguity factors include relationship closeness, tone, consent, public vs private setting, relative status, and whether the action is routine, invited, necessary, or repeated."
RAG_SAC092,SAC092,care_harm,US,emotional-awareness,US: Emotional Awareness,Causing embarrassment intentionally is generally discouraged.,actor; vulnerable person; harm risk; care duty; available alternatives; urgency,"The action is more likely to be acceptable when it respects the relevant relationship, minimizes embarrassment or harm, follows local expectations, and is communicated with appropriate consent or explanation.","The action is more likely to be unacceptable when it violates privacy, respect, hierarchy, reciprocity, commitment, or care expectations, especially in public or with a vulnerable/lower-power target.","Key ambiguity factors include relationship closeness, tone, consent, public vs private setting, relative status, and whether the action is routine, invited, necessary, or repeated.",care; causing; discouraged; embarrassment; emotional awareness; harm; help; intentionally; norm; safety; us; vulnerability,"Culture or social context: US. Norm domain: Emotional Awareness. Situation category: care harm. Norm: Causing embarrassment intentionally is generally discouraged. Relevant latent variables: actor, vulnerable person, harm risk, care duty, available alternatives, urgency. Acceptable when: The action is more likely to be acceptable when it respects the relevant relationship, minimizes embarrassment or harm, follows local expectations, and is communicated with appropriate consent or explanation. Unacceptable when: The action is more likely to be unacceptable when it violates privacy, respect, hierarchy, reciprocity, commitment, or care expectations, especially in public or with a vulnerable/lower-power target. Ambiguity factors: Key ambiguity factors include relationship closeness, tone, consent, public vs private setting, relative status, and whether the action is routine, invited, necessary, or repeated."
RAG_SAC093,SAC093,care_harm,UK,humor,UK: Humor,"Teasing can be acceptable, but depends on closeness and consent.",actor; vulnerable person; harm risk; care duty; available alternatives; urgency,"The action is more likely to be acceptable when it respects the relevant relationship, minimizes embarrassment or harm, follows local expectations, and is communicated with appropriate consent or explanation.","The action is more likely to be unacceptable when it violates privacy, respect, hierarchy, reciprocity, commitment, or care expectations, especially in public or with a vulnerable/lower-power target.","Key ambiguity factors include relationship closeness, tone, consent, public vs private setting, relative status, and whether the action is routine, invited, necessary, or repeated.",care; closeness; consent; harm; help; humor; norm; safety; teasing; uk; vulnerability,"Culture or social context: UK. Norm domain: Humor. Situation category: care harm. Norm: Teasing can be acceptable, but depends on closeness and consent. Relevant latent variables: actor, vulnerable person, harm risk, care duty, available alternatives, urgency. Acceptable when: The action is more likely to be acceptable when it respects the relevant relationship, minimizes embarrassment or harm, follows local expectations, and is communicated with appropriate consent or explanation. Unacceptable when: The action is more likely to be unacceptable when it violates privacy, respect, hierarchy, reciprocity, commitment, or care expectations, especially in public or with a vulnerable/lower-power target. Ambiguity factors: Key ambiguity factors include relationship closeness, tone, consent, public vs private setting, relative status, and whether the action is routine, invited, necessary, or repeated."
RAG_SAC094,SAC094,care_harm,Germany,directness,Germany: Directness,Direct feedback is acceptable but still requires consideration.,actor; vulnerable person; harm risk; care duty; available alternatives; urgency,"The action is more likely to be acceptable when it respects the relevant relationship, minimizes embarrassment or harm, follows local expectations, and is communicated with appropriate consent or explanation.","The action is more likely to be unacceptable when it violates privacy, respect, hierarchy, reciprocity, commitment, or care expectations, especially in public or with a vulnerable/lower-power target.","Key ambiguity factors include relationship closeness, tone, consent, public vs private setting, relative status, and whether the action is routine, invited, necessary, or repeated.",care; consideration; direct; directness; feedback; germany; harm; help; norm; requires; safety; still; vulnerability,"Culture or social context: Germany. Norm domain: Directness. Situation category: care harm. Norm: Direct feedback is acceptable but still requires consideration. Relevant latent variables: actor, vulnerable person, harm risk, care duty, available alternatives, urgency. Acceptable when: The action is more likely to be acceptable when it respects the relevant relationship, minimizes embarrassment or harm, follows local expectations, and is communicated with appropriate consent or explanation. Unacceptable when: The action is more likely to be unacceptable when it violates privacy, respect, hierarchy, reciprocity, commitment, or care expectations, especially in public or with a vulnerable/lower-power target. Ambiguity factors: Key ambiguity factors include relationship closeness, tone, consent, public vs private setting, relative status, and whether the action is routine, invited, necessary, or repeated."
RAG_SAC095,SAC095,care_harm,Thailand,face-saving,Thailand: Face Saving,Avoiding embarrassment is prioritized.,actor; vulnerable person; harm risk; care duty; available alternatives; urgency,"The action is more likely to be acceptable when it respects the relevant relationship, minimizes embarrassment or harm, follows local expectations, and is communicated with appropriate consent or explanation.","The action is more likely to be unacceptable when it violates privacy, respect, hierarchy, reciprocity, commitment, or care expectations, especially in public or with a vulnerable/lower-power target.","Key ambiguity factors include relationship closeness, tone, consent, public vs private setting, relative status, and whether the action is routine, invited, necessary, or repeated.",avoiding; care; embarrassment; face saving; harm; help; norm; prioritized; safety; thailand; vulnerability,"Culture or social context: Thailand. Norm domain: Face Saving. Situation category: care harm. Norm: Avoiding embarrassment is prioritized. Relevant latent variables: actor, vulnerable person, harm risk, care duty, available alternatives, urgency. Acceptable when: The action is more likely to be acceptable when it respects the relevant relationship, minimizes embarrassment or harm, follows local expectations, and is communicated with appropriate consent or explanation. Unacceptable when: The action is more likely to be unacceptable when it violates privacy, respect, hierarchy, reciprocity, commitment, or care expectations, especially in public or with a vulnerable/lower-power target. Ambiguity factors: Key ambiguity factors include relationship closeness, tone, consent, public vs private setting, relative status, and whether the action is routine, invited, necessary, or repeated."
RAG_SAC096,SAC096,workplace,US,coordination,US: Coordination,Communication is important for teamwork and planning.,employee; coworker/manager; hierarchy; professional role; public/private setting; policy expectations,"The action is more likely to be acceptable when it respects the relevant relationship, minimizes embarrassment or harm, follows local expectations, and is communicated with appropriate consent or explanation.","The action is more likely to be unacceptable when it violates privacy, respect, hierarchy, reciprocity, commitment, or care expectations, especially in public or with a vulnerable/lower-power target.","Key ambiguity factors include relationship closeness, tone, consent, public vs private setting, relative status, and whether the action is routine, invited, necessary, or repeated.",boss; communication; coordination; coworker; feedback; manager; norm; overtime; planning; teamwork; us; workplace,"Culture or social context: US. Norm domain: Coordination. Situation category: workplace. Norm: Communication is important for teamwork and planning. Relevant latent variables: employee, coworker/manager, hierarchy, professional role, public/private setting, policy expectations. Acceptable when: The action is more likely to be acceptable when it respects the relevant relationship, minimizes embarrassment or harm, follows local expectations, and is communicated with appropriate consent or explanation. Unacceptable when: The action is more likely to be unacceptable when it violates privacy, respect, hierarchy, reciprocity, commitment, or care expectations, especially in public or with a vulnerable/lower-power target. Ambiguity factors: Key ambiguity factors include relationship closeness, tone, consent, public vs private setting, relative status, and whether the action is routine, invited, necessary, or repeated."
RAG_SAC097,SAC097,workplace,Japan,group-responsibility,Japan: Group Responsibility,Team awareness and coordination are strongly emphasized.,employee; coworker/manager; hierarchy; professional role; public/private setting; policy expectations,"The action is more likely to be acceptable when it respects the relevant relationship, minimizes embarrassment or harm, follows local expectations, and is communicated with appropriate consent or explanation.","The action is more likely to be unacceptable when it violates privacy, respect, hierarchy, reciprocity, commitment, or care expectations, especially in public or with a vulnerable/lower-power target.","Key ambiguity factors include relationship closeness, tone, consent, public vs private setting, relative status, and whether the action is routine, invited, necessary, or repeated.",awareness; boss; coordination; coworker; emphasized; feedback; group responsibility; japan; manager; norm; overtime; strongly; team; workplace,"Culture or social context: Japan. Norm domain: Group Responsibility. Situation category: workplace. Norm: Team awareness and coordination are strongly emphasized. Relevant latent variables: employee, coworker/manager, hierarchy, professional role, public/private setting, policy expectations. Acceptable when: The action is more likely to be acceptable when it respects the relevant relationship, minimizes embarrassment or harm, follows local expectations, and is communicated with appropriate consent or explanation. Unacceptable when: The action is more likely to be unacceptable when it violates privacy, respect, hierarchy, reciprocity, commitment, or care expectations, especially in public or with a vulnerable/lower-power target. Ambiguity factors: Key ambiguity factors include relationship closeness, tone, consent, public vs private setting, relative status, and whether the action is routine, invited, necessary, or repeated."
RAG_SAC098,SAC098,workplace,US,autonomy,US: Autonomy,Independent work is valued but coordination is still important.,employee; coworker/manager; hierarchy; professional role; public/private setting; policy expectations,"The action is more likely to be acceptable when it respects the relevant relationship, minimizes embarrassment or harm, follows local expectations, and is communicated with appropriate consent or explanation.","The action is more likely to be unacceptable when it violates privacy, respect, hierarchy, reciprocity, commitment, or care expectations, especially in public or with a vulnerable/lower-power target.","Key ambiguity factors include relationship closeness, tone, consent, public vs private setting, relative status, and whether the action is routine, invited, necessary, or repeated.",autonomy; boss; coordination; coworker; feedback; independent; manager; norm; overtime; still; us; valued; work; workplace,"Culture or social context: US. Norm domain: Autonomy. Situation category: workplace. Norm: Independent work is valued but coordination is still important. Relevant latent variables: employee, coworker/manager, hierarchy, professional role, public/private setting, policy expectations. Acceptable when: The action is more likely to be acceptable when it respects the relevant relationship, minimizes embarrassment or harm, follows local expectations, and is communicated with appropriate consent or explanation. Unacceptable when: The action is more likely to be unacceptable when it violates privacy, respect, hierarchy, reciprocity, commitment, or care expectations, especially in public or with a vulnerable/lower-power target. Ambiguity factors: Key ambiguity factors include relationship closeness, tone, consent, public vs private setting, relative status, and whether the action is routine, invited, necessary, or repeated."
RAG_SAC099,SAC099,workplace,Germany,structure,Germany: Structure,Clear communication and structure are expected.,employee; coworker/manager; hierarchy; professional role; public/private setting; policy expectations,"The action is more likely to be acceptable when it respects the relevant relationship, minimizes embarrassment or harm, follows local expectations, and is communicated with appropriate consent or explanation.","The action is more likely to be unacceptable when it violates privacy, respect, hierarchy, reciprocity, commitment, or care expectations, especially in public or with a vulnerable/lower-power target.","Key ambiguity factors include relationship closeness, tone, consent, public vs private setting, relative status, and whether the action is routine, invited, necessary, or repeated.",boss; clear; communication; coworker; expected; feedback; germany; manager; norm; overtime; structure; workplace,"Culture or social context: Germany. Norm domain: Structure. Situation category: workplace. Norm: Clear communication and structure are expected. Relevant latent variables: employee, coworker/manager, hierarchy, professional role, public/private setting, policy expectations. Acceptable when: The action is more likely to be acceptable when it respects the relevant relationship, minimizes embarrassment or harm, follows local expectations, and is communicated with appropriate consent or explanation. Unacceptable when: The action is more likely to be unacceptable when it violates privacy, respect, hierarchy, reciprocity, commitment, or care expectations, especially in public or with a vulnerable/lower-power target. Ambiguity factors: Key ambiguity factors include relationship closeness, tone, consent, public vs private setting, relative status, and whether the action is routine, invited, necessary, or repeated."
RAG_SAC100,SAC100,fairness,US,fairness,US: Fairness,Keeping money given in error is generally seen as dishonest.,actor; recipient; equity; rule consistency; resource distribution; transparency,"The action is more likely to be acceptable when it respects the relevant relationship, minimizes embarrassment or harm, follows local expectations, and is communicated with appropriate consent or explanation.","The action is more likely to be unacceptable when it violates privacy, respect, hierarchy, reciprocity, commitment, or care expectations, especially in public or with a vulnerable/lower-power target.","Key ambiguity factors include relationship closeness, tone, consent, public vs private setting, relative status, and whether the action is routine, invited, necessary, or repeated.",dishonest; distribution; equity; error; fairness; given; keeping; money; norm; rules; seen; transparency; us,"Culture or social context: US. Norm domain: Fairness. Situation category: fairness. Norm: Keeping money given in error is generally seen as dishonest. Relevant latent variables: actor, recipient, equity, rule consistency, resource distribution, transparency. Acceptable when: The action is more likely to be acceptable when it respects the relevant relationship, minimizes embarrassment or harm, follows local expectations, and is communicated with appropriate consent or explanation. Unacceptable when: The action is more likely to be unacceptable when it violates privacy, respect, hierarchy, reciprocity, commitment, or care expectations, especially in public or with a vulnerable/lower-power target. Ambiguity factors: Key ambiguity factors include relationship closeness, tone, consent, public vs private setting, relative status, and whether the action is routine, invited, necessary, or repeated."
RAG_SAC101,SAC101,fairness,Japan,honesty,Japan: Honesty,Honesty in transactions is strongly emphasized.,actor; recipient; equity; rule consistency; resource distribution; transparency,"The action is more likely to be acceptable when it respects the relevant relationship, minimizes embarrassment or harm, follows local expectations, and is communicated with appropriate consent or explanation.","The action is more likely to be unacceptable when it violates privacy, respect, hierarchy, reciprocity, commitment, or care expectations, especially in public or with a vulnerable/lower-power target.","Key ambiguity factors include relationship closeness, tone, consent, public vs private setting, relative status, and whether the action is routine, invited, necessary, or repeated.",distribution; emphasized; equity; fairness; honesty; japan; norm; rules; strongly; transactions; transparency,"Culture or social context: Japan. Norm domain: Honesty. Situation category: fairness. Norm: Honesty in transactions is strongly emphasized. Relevant latent variables: actor, recipient, equity, rule consistency, resource distribution, transparency. Acceptable when: The action is more likely to be acceptable when it respects the relevant relationship, minimizes embarrassment or harm, follows local expectations, and is communicated with appropriate consent or explanation. Unacceptable when: The action is more likely to be unacceptable when it violates privacy, respect, hierarchy, reciprocity, commitment, or care expectations, especially in public or with a vulnerable/lower-power target. Ambiguity factors: Key ambiguity factors include relationship closeness, tone, consent, public vs private setting, relative status, and whether the action is routine, invited, necessary, or repeated."
RAG_SAC102,SAC102,fairness,US,reciprocity,US: Reciprocity,Returning borrowed items is expected.,actor; recipient; equity; rule consistency; resource distribution; transparency,"The action is more likely to be acceptable when it respects the relevant relationship, minimizes embarrassment or harm, follows local expectations, and is communicated with appropriate consent or explanation.","The action is more likely to be unacceptable when it violates privacy, respect, hierarchy, reciprocity, commitment, or care expectations, especially in public or with a vulnerable/lower-power target.","Key ambiguity factors include relationship closeness, tone, consent, public vs private setting, relative status, and whether the action is routine, invited, necessary, or repeated.",borrowed; distribution; equity; expected; fairness; items; norm; reciprocity; returning; rules; transparency; us,"Culture or social context: US. Norm domain: Reciprocity. Situation category: fairness. Norm: Returning borrowed items is expected. Relevant latent variables: actor, recipient, equity, rule consistency, resource distribution, transparency. Acceptable when: The action is more likely to be acceptable when it respects the relevant relationship, minimizes embarrassment or harm, follows local expectations, and is communicated with appropriate consent or explanation. Unacceptable when: The action is more likely to be unacceptable when it violates privacy, respect, hierarchy, reciprocity, commitment, or care expectations, especially in public or with a vulnerable/lower-power target. Ambiguity factors: Key ambiguity factors include relationship closeness, tone, consent, public vs private setting, relative status, and whether the action is routine, invited, necessary, or repeated."
RAG_SAC103,SAC103,fairness,India,social-obligation,India: Social Obligation,Reciprocity is important in maintaining relationships.,actor; recipient; equity; rule consistency; resource distribution; transparency,"The action is more likely to be acceptable when it respects the relevant relationship, minimizes embarrassment or harm, follows local expectations, and is communicated with appropriate consent or explanation.","The action is more likely to be unacceptable when it violates privacy, respect, hierarchy, reciprocity, commitment, or care expectations, especially in public or with a vulnerable/lower-power target.","Key ambiguity factors include relationship closeness, tone, consent, public vs private setting, relative status, and whether the action is routine, invited, necessary, or repeated.",distribution; equity; fairness; india; maintaining; norm; reciprocity; relationships; rules; social obligation; transparency,"Culture or social context: India. Norm domain: Social Obligation. Situation category: fairness. Norm: Reciprocity is important in maintaining relationships. Relevant latent variables: actor, recipient, equity, rule consistency, resource distribution, transparency. Acceptable when: The action is more likely to be acceptable when it respects the relevant relationship, minimizes embarrassment or harm, follows local expectations, and is communicated with appropriate consent or explanation. Unacceptable when: The action is more likely to be unacceptable when it violates privacy, respect, hierarchy, reciprocity, commitment, or care expectations, especially in public or with a vulnerable/lower-power target. Ambiguity factors: Key ambiguity factors include relationship closeness, tone, consent, public vs private setting, relative status, and whether the action is routine, invited, necessary, or repeated."
RAG_SAC104,SAC104,social_etiquette,US,gratitude,US: Gratitude,Expressing appreciation is expected.,guest/host; relationship closeness; public/private setting; reciprocity; punctuality; respect,"The action is more likely to be acceptable when it respects the relevant relationship, minimizes embarrassment or harm, follows local expectations, and is communicated with appropriate consent or explanation.","The action is more likely to be unacceptable when it violates privacy, respect, hierarchy, reciprocity, commitment, or care expectations, especially in public or with a vulnerable/lower-power target.","Key ambiguity factors include relationship closeness, tone, consent, public vs private setting, relative status, and whether the action is routine, invited, necessary, or repeated.",appreciation; attention; etiquette; expected; expressing; gift; gratitude; guest; host; norm; phone; punctuality; social; us,"Culture or social context: US. Norm domain: Gratitude. Situation category: social etiquette. Norm: Expressing appreciation is expected. Relevant latent variables: guest/host, relationship closeness, public/private setting, reciprocity, punctuality, respect. Acceptable when: The action is more likely to be acceptable when it respects the relevant relationship, minimizes embarrassment or harm, follows local expectations, and is communicated with appropriate consent or explanation. Unacceptable when: The action is more likely to be unacceptable when it violates privacy, respect, hierarchy, reciprocity, commitment, or care expectations, especially in public or with a vulnerable/lower-power target. Ambiguity factors: Key ambiguity factors include relationship closeness, tone, consent, public vs private setting, relative status, and whether the action is routine, invited, necessary, or repeated."
RAG_SAC105,SAC105,social_etiquette,Japan,politeness,Japan: Politeness,Gratitude is expressed explicitly and frequently.,guest/host; relationship closeness; public/private setting; reciprocity; punctuality; respect,"The action is more likely to be acceptable when it respects the relevant relationship, minimizes embarrassment or harm, follows local expectations, and is communicated with appropriate consent or explanation.","The action is more likely to be unacceptable when it violates privacy, respect, hierarchy, reciprocity, commitment, or care expectations, especially in public or with a vulnerable/lower-power target.","Key ambiguity factors include relationship closeness, tone, consent, public vs private setting, relative status, and whether the action is routine, invited, necessary, or repeated.",attention; etiquette; explicitly; expressed; frequently; gift; gratitude; guest; host; japan; norm; phone; politeness; punctuality; social,"Culture or social context: Japan. Norm domain: Politeness. Situation category: social etiquette. Norm: Gratitude is expressed explicitly and frequently. Relevant latent variables: guest/host, relationship closeness, public/private setting, reciprocity, punctuality, respect. Acceptable when: The action is more likely to be acceptable when it respects the relevant relationship, minimizes embarrassment or harm, follows local expectations, and is communicated with appropriate consent or explanation. Unacceptable when: The action is more likely to be unacceptable when it violates privacy, respect, hierarchy, reciprocity, commitment, or care expectations, especially in public or with a vulnerable/lower-power target. Ambiguity factors: Key ambiguity factors include relationship closeness, tone, consent, public vs private setting, relative status, and whether the action is routine, invited, necessary, or repeated."
RAG_SAC106,SAC106,social_etiquette,US,autonomy,US: Autonomy,Declining gifts is acceptable but should be polite.,guest/host; relationship closeness; public/private setting; reciprocity; punctuality; respect,"The action is more likely to be acceptable when it respects the relevant relationship, minimizes embarrassment or harm, follows local expectations, and is communicated with appropriate consent or explanation.","The action is more likely to be unacceptable when it violates privacy, respect, hierarchy, reciprocity, commitment, or care expectations, especially in public or with a vulnerable/lower-power target.","Key ambiguity factors include relationship closeness, tone, consent, public vs private setting, relative status, and whether the action is routine, invited, necessary, or repeated.",attention; autonomy; declining; etiquette; gift; gifts; guest; host; norm; phone; polite; punctuality; should; social; us,"Culture or social context: US. Norm domain: Autonomy. Situation category: social etiquette. Norm: Declining gifts is acceptable but should be polite. Relevant latent variables: guest/host, relationship closeness, public/private setting, reciprocity, punctuality, respect. Acceptable when: The action is more likely to be acceptable when it respects the relevant relationship, minimizes embarrassment or harm, follows local expectations, and is communicated with appropriate consent or explanation. Unacceptable when: The action is more likely to be unacceptable when it violates privacy, respect, hierarchy, reciprocity, commitment, or care expectations, especially in public or with a vulnerable/lower-power target. Ambiguity factors: Key ambiguity factors include relationship closeness, tone, consent, public vs private setting, relative status, and whether the action is routine, invited, necessary, or repeated."
RAG_SAC107,SAC107,social_etiquette,China,reciprocity,China: Reciprocity,Accepting gifts maintains social harmony and reciprocity.,guest/host; relationship closeness; public/private setting; reciprocity; punctuality; respect,"The action is more likely to be acceptable when it respects the relevant relationship, minimizes embarrassment or harm, follows local expectations, and is communicated with appropriate consent or explanation.","The action is more likely to be unacceptable when it violates privacy, respect, hierarchy, reciprocity, commitment, or care expectations, especially in public or with a vulnerable/lower-power target.","Key ambiguity factors include relationship closeness, tone, consent, public vs private setting, relative status, and whether the action is routine, invited, necessary, or repeated.",accepting; attention; china; etiquette; gift; gifts; guest; harmony; host; maintains; norm; phone; punctuality; reciprocity; social,"Culture or social context: China. Norm domain: Reciprocity. Situation category: social etiquette. Norm: Accepting gifts maintains social harmony and reciprocity. Relevant latent variables: guest/host, relationship closeness, public/private setting, reciprocity, punctuality, respect. Acceptable when: The action is more likely to be acceptable when it respects the relevant relationship, minimizes embarrassment or harm, follows local expectations, and is communicated with appropriate consent or explanation. Unacceptable when: The action is more likely to be unacceptable when it violates privacy, respect, hierarchy, reciprocity, commitment, or care expectations, especially in public or with a vulnerable/lower-power target. Ambiguity factors: Key ambiguity factors include relationship closeness, tone, consent, public vs private setting, relative status, and whether the action is routine, invited, necessary, or repeated."
RAG_SAC108,SAC108,social_etiquette,US,casual,US: Casual,"Not always required, but bringing something is appreciated.",guest/host; relationship closeness; public/private setting; reciprocity; punctuality; respect,"The action is more likely to be acceptable when it respects the relevant relationship, minimizes embarrassment or harm, follows local expectations, and is communicated with appropriate consent or explanation.","The action is more likely to be unacceptable when it violates privacy, respect, hierarchy, reciprocity, commitment, or care expectations, especially in public or with a vulnerable/lower-power target.","Key ambiguity factors include relationship closeness, tone, consent, public vs private setting, relative status, and whether the action is routine, invited, necessary, or repeated.",always; appreciated; attention; bringing; casual; etiquette; gift; guest; host; norm; phone; punctuality; required; social; something; us,"Culture or social context: US. Norm domain: Casual. Situation category: social etiquette. Norm: Not always required, but bringing something is appreciated. Relevant latent variables: guest/host, relationship closeness, public/private setting, reciprocity, punctuality, respect. Acceptable when: The action is more likely to be acceptable when it respects the relevant relationship, minimizes embarrassment or harm, follows local expectations, and is communicated with appropriate consent or explanation. Unacceptable when: The action is more likely to be unacceptable when it violates privacy, respect, hierarchy, reciprocity, commitment, or care expectations, especially in public or with a vulnerable/lower-power target. Ambiguity factors: Key ambiguity factors include relationship closeness, tone, consent, public vs private setting, relative status, and whether the action is routine, invited, necessary, or repeated."
RAG_SAC109,SAC109,social_etiquette,France,hosting,France: Hosting,Guests are generally expected to bring a small gift.,guest/host; relationship closeness; public/private setting; reciprocity; punctuality; respect,"The action is more likely to be acceptable when it respects the relevant relationship, minimizes embarrassment or harm, follows local expectations, and is communicated with appropriate consent or explanation.","The action is more likely to be unacceptable when it violates privacy, respect, hierarchy, reciprocity, commitment, or care expectations, especially in public or with a vulnerable/lower-power target.","Key ambiguity factors include relationship closeness, tone, consent, public vs private setting, relative status, and whether the action is routine, invited, necessary, or repeated.",attention; bring; etiquette; expected; france; gift; guest; guests; host; hosting; norm; phone; punctuality; small; social,"Culture or social context: France. Norm domain: Hosting. Situation category: social etiquette. Norm: Guests are generally expected to bring a small gift. Relevant latent variables: guest/host, relationship closeness, public/private setting, reciprocity, punctuality, respect. Acceptable when: The action is more likely to be acceptable when it respects the relevant relationship, minimizes embarrassment or harm, follows local expectations, and is communicated with appropriate consent or explanation. Unacceptable when: The action is more likely to be unacceptable when it violates privacy, respect, hierarchy, reciprocity, commitment, or care expectations, especially in public or with a vulnerable/lower-power target. Ambiguity factors: Key ambiguity factors include relationship closeness, tone, consent, public vs private setting, relative status, and whether the action is routine, invited, necessary, or repeated."
RAG_SAC110,SAC110,privacy,US,consent,US: Consent,Sharing private information without consent is discouraged.,actor; target; personal information; consent; relationship closeness; public/private setting,"The action is more likely to be acceptable when it respects the relevant relationship, minimizes embarrassment or harm, follows local expectations, and is communicated with appropriate consent or explanation.","The action is more likely to be unacceptable when it violates privacy, respect, hierarchy, reciprocity, commitment, or care expectations, especially in public or with a vulnerable/lower-power target.","Key ambiguity factors include relationship closeness, tone, consent, public vs private setting, relative status, and whether the action is routine, invited, necessary, or repeated.",consent; discouraged; information; norm; personal information; phone; photo; privacy; private; public; sharing; us; without,"Culture or social context: US. Norm domain: Consent. Situation category: privacy. Norm: Sharing private information without consent is discouraged. Relevant latent variables: actor, target, personal information, consent, relationship closeness, public/private setting. Acceptable when: The action is more likely to be acceptable when it respects the relevant relationship, minimizes embarrassment or harm, follows local expectations, and is communicated with appropriate consent or explanation. Unacceptable when: The action is more likely to be unacceptable when it violates privacy, respect, hierarchy, reciprocity, commitment, or care expectations, especially in public or with a vulnerable/lower-power target. Ambiguity factors: Key ambiguity factors include relationship closeness, tone, consent, public vs private setting, relative status, and whether the action is routine, invited, necessary, or repeated."
RAG_SAC111,SAC111,privacy,Germany,privacy,Germany: Privacy,Privacy is strongly protected socially and legally.,actor; target; personal information; consent; relationship closeness; public/private setting,"The action is more likely to be acceptable when it respects the relevant relationship, minimizes embarrassment or harm, follows local expectations, and is communicated with appropriate consent or explanation.","The action is more likely to be unacceptable when it violates privacy, respect, hierarchy, reciprocity, commitment, or care expectations, especially in public or with a vulnerable/lower-power target.","Key ambiguity factors include relationship closeness, tone, consent, public vs private setting, relative status, and whether the action is routine, invited, necessary, or repeated.",consent; germany; legally; norm; personal information; phone; photo; privacy; protected; public; socially; strongly,"Culture or social context: Germany. Norm domain: Privacy. Situation category: privacy. Norm: Privacy is strongly protected socially and legally. Relevant latent variables: actor, target, personal information, consent, relationship closeness, public/private setting. Acceptable when: The action is more likely to be acceptable when it respects the relevant relationship, minimizes embarrassment or harm, follows local expectations, and is communicated with appropriate consent or explanation. Unacceptable when: The action is more likely to be unacceptable when it violates privacy, respect, hierarchy, reciprocity, commitment, or care expectations, especially in public or with a vulnerable/lower-power target. Ambiguity factors: Key ambiguity factors include relationship closeness, tone, consent, public vs private setting, relative status, and whether the action is routine, invited, necessary, or repeated."
RAG_SAC112,SAC112,privacy,US,consent,US: Consent,Often acceptable but depends on context and sensitivity.,actor; target; personal information; consent; relationship closeness; public/private setting,"The action is more likely to be acceptable when it respects the relevant relationship, minimizes embarrassment or harm, follows local expectations, and is communicated with appropriate consent or explanation.","The action is more likely to be unacceptable when it violates privacy, respect, hierarchy, reciprocity, commitment, or care expectations, especially in public or with a vulnerable/lower-power target.","Key ambiguity factors include relationship closeness, tone, consent, public vs private setting, relative status, and whether the action is routine, invited, necessary, or repeated.",consent; context; norm; often; personal information; phone; photo; privacy; public; sensitivity; us,"Culture or social context: US. Norm domain: Consent. Situation category: privacy. Norm: Often acceptable but depends on context and sensitivity. Relevant latent variables: actor, target, personal information, consent, relationship closeness, public/private setting. Acceptable when: The action is more likely to be acceptable when it respects the relevant relationship, minimizes embarrassment or harm, follows local expectations, and is communicated with appropriate consent or explanation. Unacceptable when: The action is more likely to be unacceptable when it violates privacy, respect, hierarchy, reciprocity, commitment, or care expectations, especially in public or with a vulnerable/lower-power target. Ambiguity factors: Key ambiguity factors include relationship closeness, tone, consent, public vs private setting, relative status, and whether the action is routine, invited, necessary, or repeated."
RAG_SAC113,SAC113,privacy,South Korea,image,South Korea: Image,Control over one’s image is socially important.,actor; target; personal information; consent; relationship closeness; public/private setting,"The action is more likely to be acceptable when it respects the relevant relationship, minimizes embarrassment or harm, follows local expectations, and is communicated with appropriate consent or explanation.","The action is more likely to be unacceptable when it violates privacy, respect, hierarchy, reciprocity, commitment, or care expectations, especially in public or with a vulnerable/lower-power target.","Key ambiguity factors include relationship closeness, tone, consent, public vs private setting, relative status, and whether the action is routine, invited, necessary, or repeated.",consent; control; image; korea; norm; over; personal information; phone; photo; privacy; public; socially; south; south korea,"Culture or social context: South Korea. Norm domain: Image. Situation category: privacy. Norm: Control over one’s image is socially important. Relevant latent variables: actor, target, personal information, consent, relationship closeness, public/private setting. Acceptable when: The action is more likely to be acceptable when it respects the relevant relationship, minimizes embarrassment or harm, follows local expectations, and is communicated with appropriate consent or explanation. Unacceptable when: The action is more likely to be unacceptable when it violates privacy, respect, hierarchy, reciprocity, commitment, or care expectations, especially in public or with a vulnerable/lower-power target. Ambiguity factors: Key ambiguity factors include relationship closeness, tone, consent, public vs private setting, relative status, and whether the action is routine, invited, necessary, or repeated."
RAG_SAC114,SAC114,commitment,US,reliability,US: Reliability,Keeping promises is fundamental to trust.,actor; recipient; promise/obligation; reliability; relationship; reason for breaking commitment,"The action is more likely to be acceptable when it respects the relevant relationship, minimizes embarrassment or harm, follows local expectations, and is communicated with appropriate consent or explanation.","The action is more likely to be unacceptable when it violates privacy, respect, hierarchy, reciprocity, commitment, or care expectations, especially in public or with a vulnerable/lower-power target.","Key ambiguity factors include relationship closeness, tone, consent, public vs private setting, relative status, and whether the action is routine, invited, necessary, or repeated.",agreement; commitment; fundamental; keeping; norm; obligation; promise; promises; reliability; trust; us,"Culture or social context: US. Norm domain: Reliability. Situation category: commitment. Norm: Keeping promises is fundamental to trust. Relevant latent variables: actor, recipient, promise/obligation, reliability, relationship, reason for breaking commitment. Acceptable when: The action is more likely to be acceptable when it respects the relevant relationship, minimizes embarrassment or harm, follows local expectations, and is communicated with appropriate consent or explanation. Unacceptable when: The action is more likely to be unacceptable when it violates privacy, respect, hierarchy, reciprocity, commitment, or care expectations, especially in public or with a vulnerable/lower-power target. Ambiguity factors: Key ambiguity factors include relationship closeness, tone, consent, public vs private setting, relative status, and whether the action is routine, invited, necessary, or repeated."
RAG_SAC115,SAC115,commitment,Japan,obligation,Japan: Obligation,Reliability and fulfilling obligations are strongly emphasized.,actor; recipient; promise/obligation; reliability; relationship; reason for breaking commitment,"The action is more likely to be acceptable when it respects the relevant relationship, minimizes embarrassment or harm, follows local expectations, and is communicated with appropriate consent or explanation.","The action is more likely to be unacceptable when it violates privacy, respect, hierarchy, reciprocity, commitment, or care expectations, especially in public or with a vulnerable/lower-power target.","Key ambiguity factors include relationship closeness, tone, consent, public vs private setting, relative status, and whether the action is routine, invited, necessary, or repeated.",agreement; commitment; emphasized; fulfilling; japan; norm; obligation; obligations; promise; reliability; strongly,"Culture or social context: Japan. Norm domain: Obligation. Situation category: commitment. Norm: Reliability and fulfilling obligations are strongly emphasized. Relevant latent variables: actor, recipient, promise/obligation, reliability, relationship, reason for breaking commitment. Acceptable when: The action is more likely to be acceptable when it respects the relevant relationship, minimizes embarrassment or harm, follows local expectations, and is communicated with appropriate consent or explanation. Unacceptable when: The action is more likely to be unacceptable when it violates privacy, respect, hierarchy, reciprocity, commitment, or care expectations, especially in public or with a vulnerable/lower-power target. Ambiguity factors: Key ambiguity factors include relationship closeness, tone, consent, public vs private setting, relative status, and whether the action is routine, invited, necessary, or repeated."
RAG_SAC116,SAC116,commitment,US,flexibility,US: Flexibility,Changing plans is acceptable with communication.,actor; recipient; promise/obligation; reliability; relationship; reason for breaking commitment,"The action is more likely to be acceptable when it respects the relevant relationship, minimizes embarrassment or harm, follows local expectations, and is communicated with appropriate consent or explanation.","The action is more likely to be unacceptable when it violates privacy, respect, hierarchy, reciprocity, commitment, or care expectations, especially in public or with a vulnerable/lower-power target.","Key ambiguity factors include relationship closeness, tone, consent, public vs private setting, relative status, and whether the action is routine, invited, necessary, or repeated.",agreement; changing; commitment; communication; flexibility; norm; obligation; plans; promise; reliability; us; with,"Culture or social context: US. Norm domain: Flexibility. Situation category: commitment. Norm: Changing plans is acceptable with communication. Relevant latent variables: actor, recipient, promise/obligation, reliability, relationship, reason for breaking commitment. Acceptable when: The action is more likely to be acceptable when it respects the relevant relationship, minimizes embarrassment or harm, follows local expectations, and is communicated with appropriate consent or explanation. Unacceptable when: The action is more likely to be unacceptable when it violates privacy, respect, hierarchy, reciprocity, commitment, or care expectations, especially in public or with a vulnerable/lower-power target. Ambiguity factors: Key ambiguity factors include relationship closeness, tone, consent, public vs private setting, relative status, and whether the action is routine, invited, necessary, or repeated."
RAG_SAC117,SAC117,commitment,Germany,agreement,Germany: Agreement,Agreements are expected to be honored unless unavoidable.,actor; recipient; promise/obligation; reliability; relationship; reason for breaking commitment,"The action is more likely to be acceptable when it respects the relevant relationship, minimizes embarrassment or harm, follows local expectations, and is communicated with appropriate consent or explanation.","The action is more likely to be unacceptable when it violates privacy, respect, hierarchy, reciprocity, commitment, or care expectations, especially in public or with a vulnerable/lower-power target.","Key ambiguity factors include relationship closeness, tone, consent, public vs private setting, relative status, and whether the action is routine, invited, necessary, or repeated.",agreement; agreements; commitment; expected; germany; honored; norm; obligation; promise; reliability; unavoidable; unless,"Culture or social context: Germany. Norm domain: Agreement. Situation category: commitment. Norm: Agreements are expected to be honored unless unavoidable. Relevant latent variables: actor, recipient, promise/obligation, reliability, relationship, reason for breaking commitment. Acceptable when: The action is more likely to be acceptable when it respects the relevant relationship, minimizes embarrassment or harm, follows local expectations, and is communicated with appropriate consent or explanation. Unacceptable when: The action is more likely to be unacceptable when it violates privacy, respect, hierarchy, reciprocity, commitment, or care expectations, especially in public or with a vulnerable/lower-power target. Ambiguity factors: Key ambiguity factors include relationship closeness, tone, consent, public vs private setting, relative status, and whether the action is routine, invited, necessary, or repeated."
RAG_SAC118,SAC118,care_harm,US,situational-help,US: Situational Help,Helping is encouraged but depends on ability and safety.,actor; vulnerable person; harm risk; care duty; available alternatives; urgency,"The action is more likely to be acceptable when it respects the relevant relationship, minimizes embarrassment or harm, follows local expectations, and is communicated with appropriate consent or explanation.","The action is more likely to be unacceptable when it violates privacy, respect, hierarchy, reciprocity, commitment, or care expectations, especially in public or with a vulnerable/lower-power target.","Key ambiguity factors include relationship closeness, tone, consent, public vs private setting, relative status, and whether the action is routine, invited, necessary, or repeated.",ability; care; encouraged; harm; help; helping; norm; safety; situational help; us; vulnerability,"Culture or social context: US. Norm domain: Situational Help. Situation category: care harm. Norm: Helping is encouraged but depends on ability and safety. Relevant latent variables: actor, vulnerable person, harm risk, care duty, available alternatives, urgency. Acceptable when: The action is more likely to be acceptable when it respects the relevant relationship, minimizes embarrassment or harm, follows local expectations, and is communicated with appropriate consent or explanation. Unacceptable when: The action is more likely to be unacceptable when it violates privacy, respect, hierarchy, reciprocity, commitment, or care expectations, especially in public or with a vulnerable/lower-power target. Ambiguity factors: Key ambiguity factors include relationship closeness, tone, consent, public vs private setting, relative status, and whether the action is routine, invited, necessary, or repeated."
RAG_SAC119,SAC119,care_harm,India,community,India: Community,Helping others is often socially expected in community contexts.,actor; vulnerable person; harm risk; care duty; available alternatives; urgency,"The action is more likely to be acceptable when it respects the relevant relationship, minimizes embarrassment or harm, follows local expectations, and is communicated with appropriate consent or explanation.","The action is more likely to be unacceptable when it violates privacy, respect, hierarchy, reciprocity, commitment, or care expectations, especially in public or with a vulnerable/lower-power target.","Key ambiguity factors include relationship closeness, tone, consent, public vs private setting, relative status, and whether the action is routine, invited, necessary, or repeated.",care; community; contexts; expected; harm; help; helping; india; norm; often; others; safety; socially; vulnerability,"Culture or social context: India. Norm domain: Community. Situation category: care harm. Norm: Helping others is often socially expected in community contexts. Relevant latent variables: actor, vulnerable person, harm risk, care duty, available alternatives, urgency. Acceptable when: The action is more likely to be acceptable when it respects the relevant relationship, minimizes embarrassment or harm, follows local expectations, and is communicated with appropriate consent or explanation. Unacceptable when: The action is more likely to be unacceptable when it violates privacy, respect, hierarchy, reciprocity, commitment, or care expectations, especially in public or with a vulnerable/lower-power target. Ambiguity factors: Key ambiguity factors include relationship closeness, tone, consent, public vs private setting, relative status, and whether the action is routine, invited, necessary, or repeated."
RAG_SAC120,SAC120,care_harm,US,respect,US: Respect,Public ridicule is generally discouraged.,actor; vulnerable person; harm risk; care duty; available alternatives; urgency,"The action is more likely to be acceptable when it respects the relevant relationship, minimizes embarrassment or harm, follows local expectations, and is communicated with appropriate consent or explanation.","The action is more likely to be unacceptable when it violates privacy, respect, hierarchy, reciprocity, commitment, or care expectations, especially in public or with a vulnerable/lower-power target.","Key ambiguity factors include relationship closeness, tone, consent, public vs private setting, relative status, and whether the action is routine, invited, necessary, or repeated.",care; discouraged; harm; help; norm; public; respect; ridicule; safety; us; vulnerability,"Culture or social context: US. Norm domain: Respect. Situation category: care harm. Norm: Public ridicule is generally discouraged. Relevant latent variables: actor, vulnerable person, harm risk, care duty, available alternatives, urgency. Acceptable when: The action is more likely to be acceptable when it respects the relevant relationship, minimizes embarrassment or harm, follows local expectations, and is communicated with appropriate consent or explanation. Unacceptable when: The action is more likely to be unacceptable when it violates privacy, respect, hierarchy, reciprocity, commitment, or care expectations, especially in public or with a vulnerable/lower-power target. Ambiguity factors: Key ambiguity factors include relationship closeness, tone, consent, public vs private setting, relative status, and whether the action is routine, invited, necessary, or repeated."
