chunk_id,chunk_type,source_id,category,culture_region,norm_type,scenario_pattern,condition_family,norm_statement,orientation,latent_variables,acceptable_if,not_acceptable_if,context_dependent_if,cultures_compared,source_ids,retrieval_text
PROFILE_BRAZIL,country_profile,,,Brazil,,,,,"relational warmth, trust, expressiveness, flexible time, and closeness",trust; warmth; relationship closeness; emotional expression; flexibility,,,,,,"Country/cultural context profile: Brazil. General orientation: relational warmth, trust, expressiveness, flexible time, and closeness. Common domains in this corpus: communication, privacy, relationship, social etiquette. Relevant social variables: trust, warmth, relationship closeness, emotional expression, flexibility. Ambiguity triggers: whether closeness has been established, whether expressiveness becomes disrespectful, whether timing was agreed. Observed norm types: expressive-conflict, flexible-time, relational-closeness, relationship-trust."
PROFILE_CHINA,country_profile,,,China,,,,,"family involvement, role obligations, hierarchy, reciprocity, and preserving face",family duty; status hierarchy; face-saving; reciprocity; public image,,,,,,"Country/cultural context profile: China. General orientation: family involvement, role obligations, hierarchy, reciprocity, and preserving face. Common domains in this corpus: authority, family, morality loyalty, privacy, relationship, social etiquette, workplace. Relevant social variables: family duty, status hierarchy, face-saving, reciprocity, public image. Ambiguity triggers: age and role of each person, whether the issue affects family reputation, whether disagreement is public. Observed norm types: authority-and-face, casual-observation, family-advice, family-awareness, family-introduction, family-involvement, group-harmony, hierarchy, host-generosity, mobile-social, reciprocity, relational-duty, social-role."
PROFILE_FINLAND,country_profile,,,Finland,,,,,"reserved communication, privacy, personal space, and low-pressure interaction",reservedness; privacy; silence; personal space; directness,,,,,,"Country/cultural context profile: Finland. General orientation: reserved communication, privacy, personal space, and low-pressure interaction. Common domains in this corpus: communication. Relevant social variables: reservedness, privacy, silence, personal space, directness. Ambiguity triggers: whether silence means discomfort, whether directness is necessary, relationship closeness. Observed norm types: reserved-communication."
PROFILE_FRANCE,country_profile,,,France,,,,,"personal boundaries, hosting customs, privacy, and respect for social form",boundary; host/guest role; privacy; politeness; social occasion,,,,,,"Country/cultural context profile: France. General orientation: personal boundaries, hosting customs, privacy, and respect for social form. Common domains in this corpus: social etiquette, workplace. Relevant social variables: boundary, host/guest role, privacy, politeness, social occasion. Ambiguity triggers: whether the host invited informality, whether refusal is polite, whether norms were explicit. Observed norm types: boundary, hosting."
PROFILE_GERMANY,country_profile,,,Germany,,,,,"directness, punctuality, rule consistency, privacy, and clear agreements",rules; directness; punctuality; privacy; prior agreement,,,,,,"Country/cultural context profile: Germany. General orientation: directness, punctuality, rule consistency, privacy, and clear agreements. Common domains in this corpus: care harm, commitment, friendship, morality fairness, privacy, relationship, social etiquette, workplace. Relevant social variables: rules, directness, punctuality, privacy, prior agreement. Ambiguity triggers: whether there is an explicit rule, whether directness is constructive, whether expectations were agreed. Observed norm types: agreement, direct-communication, direct-feedback, directness, fairness-and-precision, modesty, privacy, privacy-respect, punctuality, rule-and-contract, structure, work-life-boundary."
PROFILE_INDIA,country_profile,,,India,,,,,"family and community ties, social obligation, respect, and relational continuity",family obligation; community relationship; elder/status respect; resources; public reputation,,,,,,"Country/cultural context profile: India. General orientation: family and community ties, social obligation, respect, and relational continuity. Common domains in this corpus: care harm, fairness, family, morality loyalty, relationship. Relevant social variables: family obligation, community relationship, elder/status respect, resources, public reputation. Ambiguity triggers: relationship closeness, available resources, whether refusal is respectful, community expectations. Observed norm types: community, extended-family, marriage-salience, relational-continuity, social-obligation."
PROFILE_ITALY,country_profile,,,Italy,,,,,"family connection, expressive discussion, social warmth, and workplace or family presence",family closeness; frequency; tone; relationship closeness; social expectation,,,,,,"Country/cultural context profile: Italy. General orientation: family connection, expressive discussion, social warmth, and workplace or family presence. Common domains in this corpus: family, workplace. Relevant social variables: family closeness, frequency, tone, relationship closeness, social expectation. Ambiguity triggers: whether absence is explained, whether discussion is affectionate or hostile, how often it occurs. Observed norm types: expressive-discussion, family-gathering."
PROFILE_JAPAN,country_profile,,,Japan,,,,,"hierarchy, role formality, group harmony, indirectness, and reliability",seniority; role; honorifics; public/private setting; group harmony,,,,,,"Country/cultural context profile: Japan. General orientation: hierarchy, role formality, group harmony, indirectness, and reliability. Common domains in this corpus: authority, commitment, communication, fairness, friendship, morality fairness, relationship, social etiquette, workplace. Relevant social variables: seniority, role, honorifics, public/private setting, group harmony. Ambiguity triggers: whether informality was explicitly invited, how public the action is, whether it burdens the group. Observed norm types: formal-hierarchy, group-responsibility, harmony, honesty, indirect-feedback, obligation, overtime-presence, politeness, privacy-and-harmony, reliability, respect, respect-for-authority, responsiveness, restoring-harmony, team-bonding, turn-taking."
PROFILE_KOREA,country_profile,,,Korea,,,,,"age/status hierarchy, politeness, responsiveness, and maintaining respectful relationships",age; status; politeness level; responsiveness; public image,,,,,,"Country/cultural context profile: Korea. General orientation: age/status hierarchy, politeness, responsiveness, and maintaining respectful relationships. Common domains in this corpus: communication, family, friendship. Relevant social variables: age, status, politeness level, responsiveness, public image. Ambiguity triggers: relative age/status, whether criticism is public, whether delay signals disrespect. Observed norm types: elder-respect, hierarchy-and-politeness, responsiveness."
PROFILE_MEXICO,country_profile,,,Mexico,,,,,"relationship closeness, family/social warmth, and respect for personal trust",closeness; trust; family/social ties; privacy; warmth,,,,,,"Country/cultural context profile: Mexico. General orientation: relationship closeness, family/social warmth, and respect for personal trust. Common domains in this corpus: privacy. Relevant social variables: closeness, trust, family/social ties, privacy, warmth. Ambiguity triggers: whether closeness justifies asking, whether the topic is private, whether consent is implied. Observed norm types: relationship-closeness."
PROFILE_NETHERLANDS,country_profile,,,Netherlands,,,,,"direct discussion, egalitarian workplace norms, and frank but constructive disagreement",directness; egalitarianism; constructiveness; public setting; role,,,,,,"Country/cultural context profile: Netherlands. General orientation: direct discussion, egalitarian workplace norms, and frank but constructive disagreement. Common domains in this corpus: workplace. Relevant social variables: directness, egalitarianism, constructiveness, public setting, role. Ambiguity triggers: whether challenge is constructive, whether timing is appropriate, whether hierarchy is still relevant. Observed norm types: direct-discussion."
PROFILE_SOUTH_KOREA,country_profile,,,South Korea,,,,,"image management, privacy, politeness, and sensitivity to social evaluation",public image; privacy; consent; social evaluation; relationship closeness,,,,,,"Country/cultural context profile: South Korea. General orientation: image management, privacy, politeness, and sensitivity to social evaluation. Common domains in this corpus: privacy. Relevant social variables: public image, privacy, consent, social evaluation, relationship closeness. Ambiguity triggers: whether consent was given, whether the action affects public image, how visible the behavior is. Observed norm types: image, image-conscious."
PROFILE_SOUTHERN_US,country_profile,,,Southern US,,,,,"public friendliness, casual warmth, and politeness toward strangers",tone; neighborliness; public setting; intrusiveness,,,,,,"Country/cultural context profile: Southern US. General orientation: public friendliness, casual warmth, and politeness toward strangers. Common domains in this corpus: social etiquette. Relevant social variables: tone, neighborliness, public setting, intrusiveness. Ambiguity triggers: whether friendliness becomes intrusive, whether the other person reciprocates. Observed norm types: friendliness."
PROFILE_THAILAND,country_profile,,,Thailand,,,,,"face-saving, indirectness, calm interaction, and avoiding public embarrassment",face-saving; tone; public embarrassment; indirect communication; status,,,,,,"Country/cultural context profile: Thailand. General orientation: face-saving, indirectness, calm interaction, and avoiding public embarrassment. Common domains in this corpus: care harm, relationship, workplace. Relevant social variables: face-saving, tone, public embarrassment, indirect communication, status. Ambiguity triggers: whether criticism is public, whether alternatives preserve dignity, how direct the wording is. Observed norm types: face-saving."
PROFILE_UK,country_profile,,,UK,,,,,"politeness, restraint, dry humor, and practical concern for others",tone; humor; politeness; harm risk; relationship,,,,,,"Country/cultural context profile: UK. General orientation: politeness, restraint, dry humor, and practical concern for others. Common domains in this corpus: care harm. Relevant social variables: tone, humor, politeness, harm risk, relationship. Ambiguity triggers: whether humor is understood, whether someone is harmed, whether intervention is needed. Observed norm types: humor."
PROFILE_US,country_profile,,,US,,,,,"individual autonomy, privacy, direct but respectful communication, and personal boundaries",consent; personal autonomy; privacy; relationship closeness; workplace informality,,,,,,"Country/cultural context profile: US. General orientation: individual autonomy, privacy, direct but respectful communication, and personal boundaries. Common domains in this corpus: authority, care harm, commitment, communication, fairness, family, friendship, morality fairness, morality loyalty, privacy, relationship, social etiquette, workplace. Relevant social variables: consent, personal autonomy, privacy, relationship closeness, workplace informality. Ambiguity triggers: whether consent was given, whether the relationship is close, whether the setting is professional or personal. Observed norm types: accountability, adult independence, attention, autonomy, autonomy-and-honesty, body-privacy, boundary, casual, commitment, communication, confidence, consent, consent-and-respect, constructive-feedback, contract, conversational-respect, coordination, digital-privacy, discussion, emotional-awareness, emotional-expression, fairness, financial-independence, flexibility, gratitude, individual-expression, informal-workplace, informality, personal-boundary, politeness, privacy, reciprocity, reciprocity-boundary, relationship-privacy, reliability, respect, situational-help, support, work-life-separation, workplace-privacy."
PROFILE_US_URBAN,country_profile,,,US urban,,,,,"privacy, personal space, and low obligation toward strangers in dense public settings",personal space; stranger interaction; safety; public setting,,,,,,"Country/cultural context profile: US urban. General orientation: privacy, personal space, and low obligation toward strangers in dense public settings. Common domains in this corpus: social etiquette. Relevant social variables: personal space, stranger interaction, safety, public setting. Ambiguity triggers: whether interaction was invited, whether the person appears unsafe or uncomfortable. Observed norm types: privacy."
NORM_SAC001,country_norm,SAC001,family,US,adult independence,not informing parents about a major life decision,family,Adult autonomy and privacy are commonly respected; informing parents is kind but not always expected.,,actor; family member; age/status difference; decision importance; family involvement; public/private setting; consent; personal autonomy; privacy; relationship closeness; workplace informality; missing details; culture-specific expectation,"the behavior respects or accommodates US expectations around individual autonomy, privacy, direct but respectful communication, and personal boundaries; the actor is an adult making a personal decision; boundaries are communicated respectfully; family expectations are acknowledged","the behavior conflicts with US expectations around individual autonomy, privacy, direct but respectful communication, and personal boundaries; the action publicly disrespects elders or close family; the decision imposes serious costs on family without explanation",age/dependence is unknown; family closeness is unknown; the importance of the decision is unclear; whether consent was given; whether the relationship is close; whether the setting is professional or personal,,,"Country/cultural context: US. Norm domain: Adult Independence. Scenario pattern: not informing parents about a major life decision. Category: family. Culture-specific norm statement: Adult autonomy and privacy are commonly respected; informing parents is kind but not always expected. Relevant latent variables: actor, family member, age/status difference, decision importance, family involvement, public/private setting, consent, personal autonomy, privacy, relationship closeness, workplace informality, missing details, culture-specific expectation. Acceptable if: the behavior respects or accommodates US expectations around individual autonomy, privacy, direct but respectful communication, and personal boundaries; the actor is an adult making a personal decision; boundaries are communicated respectfully; family expectations are acknowledged. Not acceptable if: the behavior conflicts with US expectations around individual autonomy, privacy, direct but respectful communication, and personal boundaries; the action publicly disrespects elders or close family; the decision imposes serious costs on family without explanation. Context-dependent if: age/dependence is unknown; family closeness is unknown; the importance of the decision is unclear; whether consent was given; whether the relationship is close; whether the setting is professional or personal."
NORM_SAC002,country_norm,SAC002,family,China,family-involvement,not informing parents about a major life decision,family,"Major life decisions are often shared with family, but expectations vary by age, distance, and family relationship.",,actor; family member; age/status difference; decision importance; family involvement; public/private setting; family duty; status hierarchy; face-saving; reciprocity; public image; missing details; culture-specific expectation,"the behavior respects or accommodates China expectations around family involvement, role obligations, hierarchy, reciprocity, and preserving face; the actor is an adult making a personal decision; boundaries are communicated respectfully; family expectations are acknowledged","the behavior conflicts with China expectations around family involvement, role obligations, hierarchy, reciprocity, and preserving face; the action publicly disrespects elders or close family; the decision imposes serious costs on family without explanation",age/dependence is unknown; family closeness is unknown; the importance of the decision is unclear; age and role of each person; whether the issue affects family reputation; whether disagreement is public,,,"Country/cultural context: China. Norm domain: Family Involvement. Scenario pattern: not informing parents about a major life decision. Category: family. Culture-specific norm statement: Major life decisions are often shared with family, but expectations vary by age, distance, and family relationship. Relevant latent variables: actor, family member, age/status difference, decision importance, family involvement, public/private setting, family duty, status hierarchy, face-saving, reciprocity, public image, missing details, culture-specific expectation. Acceptable if: the behavior respects or accommodates China expectations around family involvement, role obligations, hierarchy, reciprocity, and preserving face; the actor is an adult making a personal decision; boundaries are communicated respectfully; family expectations are acknowledged. Not acceptable if: the behavior conflicts with China expectations around family involvement, role obligations, hierarchy, reciprocity, and preserving face; the action publicly disrespects elders or close family; the decision imposes serious costs on family without explanation. Context-dependent if: age/dependence is unknown; family closeness is unknown; the importance of the decision is unclear; age and role of each person; whether the issue affects family reputation; whether disagreement is public."
NORM_SAC003,country_norm,SAC003,family,US,personal-boundary,skipping a family gathering for alone time,family,"Personal time and emotional boundaries are generally accepted, especially if communicated respectfully.",,actor; family member; age/status difference; decision importance; family involvement; public/private setting; consent; personal autonomy; privacy; relationship closeness; workplace informality; missing details; culture-specific expectation,"the actor sets a boundary without insulting or abandoning the other person; the behavior respects or accommodates US expectations around individual autonomy, privacy, direct but respectful communication, and personal boundaries; the actor is an adult making a personal decision; boundaries are communicated respectfully; family expectations are acknowledged","the behavior conflicts with US expectations around individual autonomy, privacy, direct but respectful communication, and personal boundaries; the action publicly disrespects elders or close family; the decision imposes serious costs on family without explanation",age/dependence is unknown; family closeness is unknown; the importance of the decision is unclear; whether consent was given; whether the relationship is close; whether the setting is professional or personal; whether the boundary was communicated respectfully is unknown,,,"Country/cultural context: US. Norm domain: Personal Boundary. Scenario pattern: skipping a family gathering for alone time. Category: family. Culture-specific norm statement: Personal time and emotional boundaries are generally accepted, especially if communicated respectfully. Relevant latent variables: actor, family member, age/status difference, decision importance, family involvement, public/private setting, consent, personal autonomy, privacy, relationship closeness, workplace informality, missing details, culture-specific expectation. Acceptable if: the actor sets a boundary without insulting or abandoning the other person; the behavior respects or accommodates US expectations around individual autonomy, privacy, direct but respectful communication, and personal boundaries; the actor is an adult making a personal decision; boundaries are communicated respectfully; family expectations are acknowledged. Not acceptable if: the behavior conflicts with US expectations around individual autonomy, privacy, direct but respectful communication, and personal boundaries; the action publicly disrespects elders or close family; the decision imposes serious costs on family without explanation. Context-dependent if: age/dependence is unknown; family closeness is unknown; the importance of the decision is unclear; whether consent was given; whether the relationship is close; whether the setting is professional or personal; whether the boundary was communicated respectfully is unknown."
NORM_SAC004,country_norm,SAC004,family,Italy,family-gathering,skipping a family gathering for alone time,family,"Family gatherings can be socially important, but acceptability depends on frequency, explanation, and relationship closeness.",,actor; family member; age/status difference; decision importance; family involvement; public/private setting; family closeness; frequency; tone; relationship closeness; social expectation; missing details; culture-specific expectation,"the behavior respects or accommodates Italy expectations around family connection, expressive discussion, social warmth, and workplace or family presence; the actor is an adult making a personal decision; boundaries are communicated respectfully; family expectations are acknowledged","the behavior conflicts with Italy expectations around family connection, expressive discussion, social warmth, and workplace or family presence; the action publicly disrespects elders or close family; the decision imposes serious costs on family without explanation",age/dependence is unknown; family closeness is unknown; the importance of the decision is unclear; whether absence is explained; whether discussion is affectionate or hostile; how often it occurs,,,"Country/cultural context: Italy. Norm domain: Family Gathering. Scenario pattern: skipping a family gathering for alone time. Category: family. Culture-specific norm statement: Family gatherings can be socially important, but acceptability depends on frequency, explanation, and relationship closeness. Relevant latent variables: actor, family member, age/status difference, decision importance, family involvement, public/private setting, family closeness, frequency, tone, relationship closeness, social expectation, missing details, culture-specific expectation. Acceptable if: the behavior respects or accommodates Italy expectations around family connection, expressive discussion, social warmth, and workplace or family presence; the actor is an adult making a personal decision; boundaries are communicated respectfully; family expectations are acknowledged. Not acceptable if: the behavior conflicts with Italy expectations around family connection, expressive discussion, social warmth, and workplace or family presence; the action publicly disrespects elders or close family; the decision imposes serious costs on family without explanation. Context-dependent if: age/dependence is unknown; family closeness is unknown; the importance of the decision is unclear; whether absence is explained; whether discussion is affectionate or hostile; how often it occurs."
NORM_SAC005,country_norm,SAC005,family,US,financial-independence,declining financial help to a sibling,reciprocity,"Individual financial responsibility is emphasized, but emergencies or close family obligations may change expectations.",,actor; family member; age/status difference; decision importance; family involvement; public/private setting; consent; personal autonomy; privacy; relationship closeness; workplace informality; missing details; culture-specific expectation,"the behavior respects or accommodates US expectations around individual autonomy, privacy, direct but respectful communication, and personal boundaries; resources are limited or expectations were not established; the actor communicates constraints; the exchange is voluntary","the behavior conflicts with US expectations around individual autonomy, privacy, direct but respectful communication, and personal boundaries; the actor exploits generosity; the actor ignores a clear obligation; the relationship depends on mutual support",prior favors are unknown; resources are unknown; relationship closeness is unclear; whether consent was given; whether the relationship is close; whether the setting is professional or personal,,,"Country/cultural context: US. Norm domain: Financial Independence. Scenario pattern: declining financial help to a sibling. Category: family. Culture-specific norm statement: Individual financial responsibility is emphasized, but emergencies or close family obligations may change expectations. Relevant latent variables: actor, family member, age/status difference, decision importance, family involvement, public/private setting, consent, personal autonomy, privacy, relationship closeness, workplace informality, missing details, culture-specific expectation. Acceptable if: the behavior respects or accommodates US expectations around individual autonomy, privacy, direct but respectful communication, and personal boundaries; resources are limited or expectations were not established; the actor communicates constraints; the exchange is voluntary. Not acceptable if: the behavior conflicts with US expectations around individual autonomy, privacy, direct but respectful communication, and personal boundaries; the actor exploits generosity; the actor ignores a clear obligation; the relationship depends on mutual support. Context-dependent if: prior favors are unknown; resources are unknown; relationship closeness is unclear; whether consent was given; whether the relationship is close; whether the setting is professional or personal."
NORM_SAC006,country_norm,SAC006,family,India,extended-family,declining financial help to a sibling,reciprocity,"Family support may be expected, but obligation depends on resources, relationship, and circumstances.",,actor; family member; age/status difference; decision importance; family involvement; public/private setting; family obligation; community relationship; elder/status respect; resources; public reputation; missing details; culture-specific expectation,"the behavior respects or accommodates India expectations around family and community ties, social obligation, respect, and relational continuity; resources are limited or expectations were not established; the actor communicates constraints; the exchange is voluntary","the behavior conflicts with India expectations around family and community ties, social obligation, respect, and relational continuity; the actor exploits generosity; the actor ignores a clear obligation; the relationship depends on mutual support",prior favors are unknown; resources are unknown; relationship closeness is unclear; relationship closeness; available resources; whether refusal is respectful; community expectations,,,"Country/cultural context: India. Norm domain: Extended Family. Scenario pattern: declining financial help to a sibling. Category: family. Culture-specific norm statement: Family support may be expected, but obligation depends on resources, relationship, and circumstances. Relevant latent variables: actor, family member, age/status difference, decision importance, family involvement, public/private setting, family obligation, community relationship, elder/status respect, resources, public reputation, missing details, culture-specific expectation. Acceptable if: the behavior respects or accommodates India expectations around family and community ties, social obligation, respect, and relational continuity; resources are limited or expectations were not established; the actor communicates constraints; the exchange is voluntary. Not acceptable if: the behavior conflicts with India expectations around family and community ties, social obligation, respect, and relational continuity; the actor exploits generosity; the actor ignores a clear obligation; the relationship depends on mutual support. Context-dependent if: prior favors are unknown; resources are unknown; relationship closeness is unclear; relationship closeness; available resources; whether refusal is respectful; community expectations."
NORM_SAC007,country_norm,SAC007,family,Korea,elder-respect,criticizing parents in public,face,Public criticism of parents can be seen as disrespectful because elder respect and family reputation are important.,,actor; family member; age/status difference; decision importance; family involvement; public/private setting; age; status; politeness level; responsiveness; public image; missing details; culture-specific expectation,"the behavior respects or accommodates Korea expectations around age/status hierarchy, politeness, responsiveness, and maintaining respectful relationships; criticism is private, indirect, and gives the person a way to save face; the issue is serious enough to require correction","the behavior conflicts with Korea expectations around age/status hierarchy, politeness, responsiveness, and maintaining respectful relationships; the person is embarrassed in public; criticism is blunt or shaming; the action threatens family, group, or professional reputation",tone is unclear; the audience is unclear; the seriousness of the issue is unclear; relative age/status; whether criticism is public; whether delay signals disrespect,,,"Country/cultural context: Korea. Norm domain: Elder Respect. Scenario pattern: criticizing parents in public. Category: family. Culture-specific norm statement: Public criticism of parents can be seen as disrespectful because elder respect and family reputation are important. Relevant latent variables: actor, family member, age/status difference, decision importance, family involvement, public/private setting, age, status, politeness level, responsiveness, public image, missing details, culture-specific expectation. Acceptable if: the behavior respects or accommodates Korea expectations around age/status hierarchy, politeness, responsiveness, and maintaining respectful relationships; criticism is private, indirect, and gives the person a way to save face; the issue is serious enough to require correction. Not acceptable if: the behavior conflicts with Korea expectations around age/status hierarchy, politeness, responsiveness, and maintaining respectful relationships; the person is embarrassed in public; criticism is blunt or shaming; the action threatens family, group, or professional reputation. Context-dependent if: tone is unclear; the audience is unclear; the seriousness of the issue is unclear; relative age/status; whether criticism is public; whether delay signals disrespect."
NORM_SAC008,country_norm,SAC008,family,US,individual-expression,criticizing parents in public,face,"Open disagreement is allowed, but public criticism may still be viewed as hurtful depending on tone.",,actor; family member; age/status difference; decision importance; family involvement; public/private setting; consent; personal autonomy; privacy; relationship closeness; workplace informality; missing details; culture-specific expectation,"the behavior respects or accommodates US expectations around individual autonomy, privacy, direct but respectful communication, and personal boundaries; criticism is private, indirect, and gives the person a way to save face; the issue is serious enough to require correction","the behavior conflicts with US expectations around individual autonomy, privacy, direct but respectful communication, and personal boundaries; the person is embarrassed in public; criticism is blunt or shaming; the action threatens family, group, or professional reputation",tone is unclear; the audience is unclear; the seriousness of the issue is unclear; whether consent was given; whether the relationship is close; whether the setting is professional or personal,,,"Country/cultural context: US. Norm domain: Individual Expression. Scenario pattern: criticizing parents in public. Category: family. Culture-specific norm statement: Open disagreement is allowed, but public criticism may still be viewed as hurtful depending on tone. Relevant latent variables: actor, family member, age/status difference, decision importance, family involvement, public/private setting, consent, personal autonomy, privacy, relationship closeness, workplace informality, missing details, culture-specific expectation. Acceptable if: the behavior respects or accommodates US expectations around individual autonomy, privacy, direct but respectful communication, and personal boundaries; criticism is private, indirect, and gives the person a way to save face; the issue is serious enough to require correction. Not acceptable if: the behavior conflicts with US expectations around individual autonomy, privacy, direct but respectful communication, and personal boundaries; the person is embarrassed in public; criticism is blunt or shaming; the action threatens family, group, or professional reputation. Context-dependent if: tone is unclear; the audience is unclear; the seriousness of the issue is unclear; whether consent was given; whether the relationship is close; whether the setting is professional or personal."
NORM_SAC009,country_norm,SAC009,family,US,personal-boundary,setting boundaries around family marriage advice,family,Directly setting boundaries around personal life decisions is generally acceptable when done respectfully.,,actor; family member; age/status difference; decision importance; family involvement; public/private setting; consent; personal autonomy; privacy; relationship closeness; workplace informality; missing details; culture-specific expectation,"the actor sets a boundary without insulting or abandoning the other person; the behavior respects or accommodates US expectations around individual autonomy, privacy, direct but respectful communication, and personal boundaries; the actor is an adult making a personal decision; boundaries are communicated respectfully; family expectations are acknowledged","the behavior conflicts with US expectations around individual autonomy, privacy, direct but respectful communication, and personal boundaries; the action publicly disrespects elders or close family; the decision imposes serious costs on family without explanation",age/dependence is unknown; family closeness is unknown; the importance of the decision is unclear; whether consent was given; whether the relationship is close; whether the setting is professional or personal; whether the boundary was communicated respectfully is unknown,,,"Country/cultural context: US. Norm domain: Personal Boundary. Scenario pattern: setting boundaries around family marriage advice. Category: family. Culture-specific norm statement: Directly setting boundaries around personal life decisions is generally acceptable when done respectfully. Relevant latent variables: actor, family member, age/status difference, decision importance, family involvement, public/private setting, consent, personal autonomy, privacy, relationship closeness, workplace informality, missing details, culture-specific expectation. Acceptable if: the actor sets a boundary without insulting or abandoning the other person; the behavior respects or accommodates US expectations around individual autonomy, privacy, direct but respectful communication, and personal boundaries; the actor is an adult making a personal decision; boundaries are communicated respectfully; family expectations are acknowledged. Not acceptable if: the behavior conflicts with US expectations around individual autonomy, privacy, direct but respectful communication, and personal boundaries; the action publicly disrespects elders or close family; the decision imposes serious costs on family without explanation. Context-dependent if: age/dependence is unknown; family closeness is unknown; the importance of the decision is unclear; whether consent was given; whether the relationship is close; whether the setting is professional or personal; whether the boundary was communicated respectfully is unknown."
NORM_SAC010,country_norm,SAC010,family,China,family-advice,setting boundaries around family marriage advice,family,"Marriage advice from relatives may be common, but younger adults may still set boundaries depending on tone and relationship.",,actor; family member; age/status difference; decision importance; family involvement; public/private setting; family duty; status hierarchy; face-saving; reciprocity; public image; missing details; culture-specific expectation,"the behavior respects or accommodates China expectations around family involvement, role obligations, hierarchy, reciprocity, and preserving face; the actor is an adult making a personal decision; boundaries are communicated respectfully; family expectations are acknowledged","the behavior conflicts with China expectations around family involvement, role obligations, hierarchy, reciprocity, and preserving face; the action publicly disrespects elders or close family; the decision imposes serious costs on family without explanation",age/dependence is unknown; family closeness is unknown; the importance of the decision is unclear; age and role of each person; whether the issue affects family reputation; whether disagreement is public,,,"Country/cultural context: China. Norm domain: Family Advice. Scenario pattern: setting boundaries around family marriage advice. Category: family. Culture-specific norm statement: Marriage advice from relatives may be common, but younger adults may still set boundaries depending on tone and relationship. Relevant latent variables: actor, family member, age/status difference, decision importance, family involvement, public/private setting, family duty, status hierarchy, face-saving, reciprocity, public image, missing details, culture-specific expectation. Acceptable if: the behavior respects or accommodates China expectations around family involvement, role obligations, hierarchy, reciprocity, and preserving face; the actor is an adult making a personal decision; boundaries are communicated respectfully; family expectations are acknowledged. Not acceptable if: the behavior conflicts with China expectations around family involvement, role obligations, hierarchy, reciprocity, and preserving face; the action publicly disrespects elders or close family; the decision imposes serious costs on family without explanation. Context-dependent if: age/dependence is unknown; family closeness is unknown; the importance of the decision is unclear; age and role of each person; whether the issue affects family reputation; whether disagreement is public."
NORM_SAC011,country_norm,SAC011,relationship,US,workplace-privacy,asking a coworker personal relationship questions,privacy,Relationship status is usually considered private in professional settings.,,actor; partner/friend; trust; privacy; consent; public/private setting; relationship stage; personal autonomy; relationship closeness; workplace informality; missing details; culture-specific expectation,"the behavior respects or accommodates US expectations around individual autonomy, privacy, direct but respectful communication, and personal boundaries; the person has clearly consented; the topic is raised privately; the relationship is close enough for the information requested","the action exposes or accesses personal information without consent; the behavior conflicts with US expectations around individual autonomy, privacy, direct but respectful communication, and personal boundaries; private information is exposed publicly; the target has not consented; the setting is professional or with strangers",relationship closeness is unclear; the audience is unclear; prior consent or comfort is unknown; whether consent was given; whether the relationship is close; whether the setting is professional or personal; whether consent was explicit or implied is unknown,,,"Country/cultural context: US. Norm domain: Workplace Privacy. Scenario pattern: asking a coworker personal relationship questions. Category: relationship. Culture-specific norm statement: Relationship status is usually considered private in professional settings. Relevant latent variables: actor, partner/friend, trust, privacy, consent, public/private setting, relationship stage, personal autonomy, relationship closeness, workplace informality, missing details, culture-specific expectation. Acceptable if: the behavior respects or accommodates US expectations around individual autonomy, privacy, direct but respectful communication, and personal boundaries; the person has clearly consented; the topic is raised privately; the relationship is close enough for the information requested. Not acceptable if: the action exposes or accesses personal information without consent; the behavior conflicts with US expectations around individual autonomy, privacy, direct but respectful communication, and personal boundaries; private information is exposed publicly; the target has not consented; the setting is professional or with strangers. Context-dependent if: relationship closeness is unclear; the audience is unclear; prior consent or comfort is unknown; whether consent was given; whether the relationship is close; whether the setting is professional or personal; whether consent was explicit or implied is unknown."
NORM_SAC012,country_norm,SAC012,relationship,India,marriage-salience,asking a coworker personal relationship questions,privacy,"Marriage may be commonly discussed socially, but asking in a workplace can still be intrusive.",,actor; partner/friend; trust; privacy; consent; public/private setting; relationship stage; family obligation; community relationship; elder/status respect; resources; public reputation; missing details; culture-specific expectation,"the behavior respects or accommodates India expectations around family and community ties, social obligation, respect, and relational continuity; the person has clearly consented; the topic is raised privately; the relationship is close enough for the information requested","the behavior conflicts with India expectations around family and community ties, social obligation, respect, and relational continuity; private information is exposed publicly; the target has not consented; the setting is professional or with strangers",relationship closeness is unclear; the audience is unclear; prior consent or comfort is unknown; relationship closeness; available resources; whether refusal is respectful; community expectations,,,"Country/cultural context: India. Norm domain: Marriage Salience. Scenario pattern: asking a coworker personal relationship questions. Category: relationship. Culture-specific norm statement: Marriage may be commonly discussed socially, but asking in a workplace can still be intrusive. Relevant latent variables: actor, partner/friend, trust, privacy, consent, public/private setting, relationship stage, family obligation, community relationship, elder/status respect, resources, public reputation, missing details, culture-specific expectation. Acceptable if: the behavior respects or accommodates India expectations around family and community ties, social obligation, respect, and relational continuity; the person has clearly consented; the topic is raised privately; the relationship is close enough for the information requested. Not acceptable if: the behavior conflicts with India expectations around family and community ties, social obligation, respect, and relational continuity; private information is exposed publicly; the target has not consented; the setting is professional or with strangers. Context-dependent if: relationship closeness is unclear; the audience is unclear; prior consent or comfort is unknown; relationship closeness; available resources; whether refusal is respectful; community expectations."
NORM_SAC013,country_norm,SAC013,relationship,US,privacy,asking about dating life in front of others,privacy,"Acceptability depends on closeness, consent, and whether the person is comfortable discussing it publicly.",,actor; partner/friend; trust; privacy; consent; public/private setting; relationship stage; personal autonomy; relationship closeness; workplace informality; missing details; culture-specific expectation,"the behavior respects or accommodates US expectations around individual autonomy, privacy, direct but respectful communication, and personal boundaries; the person has clearly consented; the topic is raised privately; the relationship is close enough for the information requested","the action exposes or accesses personal information without consent; the behavior conflicts with US expectations around individual autonomy, privacy, direct but respectful communication, and personal boundaries; private information is exposed publicly; the target has not consented; the setting is professional or with strangers",relationship closeness is unclear; the audience is unclear; prior consent or comfort is unknown; whether consent was given; whether the relationship is close; whether the setting is professional or personal; whether consent was explicit or implied is unknown,,,"Country/cultural context: US. Norm domain: Privacy. Scenario pattern: asking about dating life in front of others. Category: relationship. Culture-specific norm statement: Acceptability depends on closeness, consent, and whether the person is comfortable discussing it publicly. Relevant latent variables: actor, partner/friend, trust, privacy, consent, public/private setting, relationship stage, personal autonomy, relationship closeness, workplace informality, missing details, culture-specific expectation. Acceptable if: the behavior respects or accommodates US expectations around individual autonomy, privacy, direct but respectful communication, and personal boundaries; the person has clearly consented; the topic is raised privately; the relationship is close enough for the information requested. Not acceptable if: the action exposes or accesses personal information without consent; the behavior conflicts with US expectations around individual autonomy, privacy, direct but respectful communication, and personal boundaries; private information is exposed publicly; the target has not consented; the setting is professional or with strangers. Context-dependent if: relationship closeness is unclear; the audience is unclear; prior consent or comfort is unknown; whether consent was given; whether the relationship is close; whether the setting is professional or personal; whether consent was explicit or implied is unknown."
NORM_SAC014,country_norm,SAC014,relationship,Japan,privacy-and-harmony,asking about dating life in front of others,privacy,Publicly raising private topics may embarrass the person and disturb social harmony.,,actor; partner/friend; trust; privacy; consent; public/private setting; relationship stage; seniority; role; honorifics; group harmony; missing details; culture-specific expectation,"the behavior respects or accommodates Japan expectations around hierarchy, role formality, group harmony, indirectness, and reliability; the person has clearly consented; the topic is raised privately; the relationship is close enough for the information requested; the issue is handled privately or indirectly enough to preserve dignity","the action exposes or accesses personal information without consent; the action creates avoidable embarrassment or disrupts harmony; the behavior conflicts with Japan expectations around hierarchy, role formality, group harmony, indirectness, and reliability; private information is exposed publicly; the target has not consented; the setting is professional or with strangers",relationship closeness is unclear; the audience is unclear; prior consent or comfort is unknown; whether informality was explicitly invited; how public the action is; whether it burdens the group; whether consent was explicit or implied is unknown,,,"Country/cultural context: Japan. Norm domain: Privacy And Harmony. Scenario pattern: asking about dating life in front of others. Category: relationship. Culture-specific norm statement: Publicly raising private topics may embarrass the person and disturb social harmony. Relevant latent variables: actor, partner/friend, trust, privacy, consent, public/private setting, relationship stage, seniority, role, honorifics, group harmony, missing details, culture-specific expectation. Acceptable if: the behavior respects or accommodates Japan expectations around hierarchy, role formality, group harmony, indirectness, and reliability; the person has clearly consented; the topic is raised privately; the relationship is close enough for the information requested; the issue is handled privately or indirectly enough to preserve dignity. Not acceptable if: the action exposes or accesses personal information without consent; the action creates avoidable embarrassment or disrupts harmony; the behavior conflicts with Japan expectations around hierarchy, role formality, group harmony, indirectness, and reliability; private information is exposed publicly; the target has not consented; the setting is professional or with strangers. Context-dependent if: relationship closeness is unclear; the audience is unclear; prior consent or comfort is unknown; whether informality was explicitly invited; how public the action is; whether it burdens the group; whether consent was explicit or implied is unknown."
NORM_SAC015,country_norm,SAC015,relationship,US,relationship-privacy,checking a partner's phone without clear consent,privacy,Privacy and consent are important in relationships; suspicion does not usually justify checking someone’s phone.,,actor; partner/friend; trust; privacy; consent; public/private setting; relationship stage; personal autonomy; relationship closeness; workplace informality; missing details; culture-specific expectation,"the behavior respects or accommodates US expectations around individual autonomy, privacy, direct but respectful communication, and personal boundaries; the person has clearly consented; the topic is raised privately; the relationship is close enough for the information requested","the action exposes or accesses personal information without consent; the behavior conflicts with US expectations around individual autonomy, privacy, direct but respectful communication, and personal boundaries; private information is exposed publicly; the target has not consented; the setting is professional or with strangers",relationship closeness is unclear; the audience is unclear; prior consent or comfort is unknown; whether consent was given; whether the relationship is close; whether the setting is professional or personal; whether consent was explicit or implied is unknown,,,"Country/cultural context: US. Norm domain: Relationship Privacy. Scenario pattern: checking a partner's phone without clear consent. Category: relationship. Culture-specific norm statement: Privacy and consent are important in relationships; suspicion does not usually justify checking someone’s phone. Relevant latent variables: actor, partner/friend, trust, privacy, consent, public/private setting, relationship stage, personal autonomy, relationship closeness, workplace informality, missing details, culture-specific expectation. Acceptable if: the behavior respects or accommodates US expectations around individual autonomy, privacy, direct but respectful communication, and personal boundaries; the person has clearly consented; the topic is raised privately; the relationship is close enough for the information requested. Not acceptable if: the action exposes or accesses personal information without consent; the behavior conflicts with US expectations around individual autonomy, privacy, direct but respectful communication, and personal boundaries; private information is exposed publicly; the target has not consented; the setting is professional or with strangers. Context-dependent if: relationship closeness is unclear; the audience is unclear; prior consent or comfort is unknown; whether consent was given; whether the relationship is close; whether the setting is professional or personal; whether consent was explicit or implied is unknown."
NORM_SAC016,country_norm,SAC016,relationship,Brazil,relationship-trust,checking a partner's phone without clear consent,privacy,Trust and privacy are still important; jealousy may be understood emotionally but does not make the action acceptable.,,actor; partner/friend; trust; privacy; consent; public/private setting; relationship stage; warmth; relationship closeness; emotional expression; flexibility; missing details; culture-specific expectation,"the behavior respects or accommodates Brazil expectations around relational warmth, trust, expressiveness, flexible time, and closeness; the person has clearly consented; the topic is raised privately; the relationship is close enough for the information requested","the behavior conflicts with Brazil expectations around relational warmth, trust, expressiveness, flexible time, and closeness; private information is exposed publicly; the target has not consented; the setting is professional or with strangers",relationship closeness is unclear; the audience is unclear; prior consent or comfort is unknown; whether closeness has been established; whether expressiveness becomes disrespectful; whether timing was agreed,,,"Country/cultural context: Brazil. Norm domain: Relationship Trust. Scenario pattern: checking a partner's phone without clear consent. Category: relationship. Culture-specific norm statement: Trust and privacy are still important; jealousy may be understood emotionally but does not make the action acceptable. Relevant latent variables: actor, partner/friend, trust, privacy, consent, public/private setting, relationship stage, warmth, relationship closeness, emotional expression, flexibility, missing details, culture-specific expectation. Acceptable if: the behavior respects or accommodates Brazil expectations around relational warmth, trust, expressiveness, flexible time, and closeness; the person has clearly consented; the topic is raised privately; the relationship is close enough for the information requested. Not acceptable if: the behavior conflicts with Brazil expectations around relational warmth, trust, expressiveness, flexible time, and closeness; private information is exposed publicly; the target has not consented; the setting is professional or with strangers. Context-dependent if: relationship closeness is unclear; the audience is unclear; prior consent or comfort is unknown; whether closeness has been established; whether expressiveness becomes disrespectful; whether timing was agreed."
NORM_SAC017,country_norm,SAC017,relationship,Germany,direct-communication,giving blunt negative feedback to a partner,direct,"Direct feedback may be acceptable, but kindness and relationship context still matter.",,actor; partner/friend; trust; privacy; consent; public/private setting; relationship stage; rules; directness; punctuality; prior agreement; missing details; culture-specific expectation,"direct wording is expected and remains constructive rather than insulting; the behavior respects or accommodates Germany expectations around directness, punctuality, rule consistency, privacy, and clear agreements; directness is constructive, specific, and expected in that setting; the relationship can support frank feedback","the behavior conflicts with Germany expectations around directness, punctuality, rule consistency, privacy, and clear agreements; directness becomes insulting, humiliating, or careless; the listener loses face or is criticized publicly",tone is unknown; the relationship is unknown; the feedback purpose is unclear; whether there is an explicit rule; whether directness is constructive; whether expectations were agreed; whether the directness was tactful is unknown,,,"Country/cultural context: Germany. Norm domain: Direct Communication. Scenario pattern: giving blunt negative feedback to a partner. Category: relationship. Culture-specific norm statement: Direct feedback may be acceptable, but kindness and relationship context still matter. Relevant latent variables: actor, partner/friend, trust, privacy, consent, public/private setting, relationship stage, rules, directness, punctuality, prior agreement, missing details, culture-specific expectation. Acceptable if: direct wording is expected and remains constructive rather than insulting; the behavior respects or accommodates Germany expectations around directness, punctuality, rule consistency, privacy, and clear agreements; directness is constructive, specific, and expected in that setting; the relationship can support frank feedback. Not acceptable if: the behavior conflicts with Germany expectations around directness, punctuality, rule consistency, privacy, and clear agreements; directness becomes insulting, humiliating, or careless; the listener loses face or is criticized publicly. Context-dependent if: tone is unknown; the relationship is unknown; the feedback purpose is unclear; whether there is an explicit rule; whether directness is constructive; whether expectations were agreed; whether the directness was tactful is unknown."
NORM_SAC018,country_norm,SAC018,relationship,Thailand,face-saving,giving blunt negative feedback to a partner,direct,Direct negative comments may embarrass the person; softer indirect feedback is preferred.,,actor; partner/friend; trust; privacy; consent; public/private setting; relationship stage; face-saving; tone; public embarrassment; indirect communication; status; missing details; culture-specific expectation,"the behavior respects or accommodates Thailand expectations around face-saving, indirectness, calm interaction, and avoiding public embarrassment; directness is constructive, specific, and expected in that setting; the relationship can support frank feedback; the issue is handled privately or indirectly enough to preserve dignity","the action creates avoidable embarrassment or disrupts harmony; the behavior conflicts with Thailand expectations around face-saving, indirectness, calm interaction, and avoiding public embarrassment; directness becomes insulting, humiliating, or careless; the listener loses face or is criticized publicly",tone is unknown; the relationship is unknown; the feedback purpose is unclear; whether criticism is public; whether alternatives preserve dignity; how direct the wording is,,,"Country/cultural context: Thailand. Norm domain: Face Saving. Scenario pattern: giving blunt negative feedback to a partner. Category: relationship. Culture-specific norm statement: Direct negative comments may embarrass the person; softer indirect feedback is preferred. Relevant latent variables: actor, partner/friend, trust, privacy, consent, public/private setting, relationship stage, face-saving, tone, public embarrassment, indirect communication, status, missing details, culture-specific expectation. Acceptable if: the behavior respects or accommodates Thailand expectations around face-saving, indirectness, calm interaction, and avoiding public embarrassment; directness is constructive, specific, and expected in that setting; the relationship can support frank feedback; the issue is handled privately or indirectly enough to preserve dignity. Not acceptable if: the action creates avoidable embarrassment or disrupts harmony; the behavior conflicts with Thailand expectations around face-saving, indirectness, calm interaction, and avoiding public embarrassment; directness becomes insulting, humiliating, or careless; the listener loses face or is criticized publicly. Context-dependent if: tone is unknown; the relationship is unknown; the feedback purpose is unclear; whether criticism is public; whether alternatives preserve dignity; how direct the wording is."
NORM_SAC019,country_norm,SAC019,relationship,US,autonomy,relationship situation involving autonomy,privacy,Relationship pacing is often treated as an individual choice.,,actor; partner/friend; trust; privacy; consent; public/private setting; relationship stage; personal autonomy; relationship closeness; workplace informality; missing details; culture-specific expectation,"the actor sets a boundary without insulting or abandoning the other person; the behavior respects or accommodates US expectations around individual autonomy, privacy, direct but respectful communication, and personal boundaries; the person has clearly consented; the topic is raised privately; the relationship is close enough for the information requested","the behavior conflicts with US expectations around individual autonomy, privacy, direct but respectful communication, and personal boundaries; private information is exposed publicly; the target has not consented; the setting is professional or with strangers",relationship closeness is unclear; the audience is unclear; prior consent or comfort is unknown; whether consent was given; whether the relationship is close; whether the setting is professional or personal; whether the boundary was communicated respectfully is unknown,,,"Country/cultural context: US. Norm domain: Autonomy. Scenario pattern: relationship situation involving autonomy. Category: relationship. Culture-specific norm statement: Relationship pacing is often treated as an individual choice. Relevant latent variables: actor, partner/friend, trust, privacy, consent, public/private setting, relationship stage, personal autonomy, relationship closeness, workplace informality, missing details, culture-specific expectation. Acceptable if: the actor sets a boundary without insulting or abandoning the other person; the behavior respects or accommodates US expectations around individual autonomy, privacy, direct but respectful communication, and personal boundaries; the person has clearly consented; the topic is raised privately; the relationship is close enough for the information requested. Not acceptable if: the behavior conflicts with US expectations around individual autonomy, privacy, direct but respectful communication, and personal boundaries; private information is exposed publicly; the target has not consented; the setting is professional or with strangers. Context-dependent if: relationship closeness is unclear; the audience is unclear; prior consent or comfort is unknown; whether consent was given; whether the relationship is close; whether the setting is professional or personal; whether the boundary was communicated respectfully is unknown."
NORM_SAC020,country_norm,SAC020,relationship,China,family-introduction,relationship situation involving family introduction,family,"Meeting family may signal seriousness, but timing expectations vary across families and regions.",,actor; partner/friend; trust; privacy; consent; public/private setting; relationship stage; family duty; status hierarchy; face-saving; reciprocity; public image; missing details; culture-specific expectation,"the behavior respects or accommodates China expectations around family involvement, role obligations, hierarchy, reciprocity, and preserving face; the actor is an adult making a personal decision; boundaries are communicated respectfully; family expectations are acknowledged","the behavior conflicts with China expectations around family involvement, role obligations, hierarchy, reciprocity, and preserving face; the action publicly disrespects elders or close family; the decision imposes serious costs on family without explanation",age/dependence is unknown; family closeness is unknown; the importance of the decision is unclear; age and role of each person; whether the issue affects family reputation; whether disagreement is public,,,"Country/cultural context: China. Norm domain: Family Introduction. Scenario pattern: relationship situation involving family introduction. Category: relationship. Culture-specific norm statement: Meeting family may signal seriousness, but timing expectations vary across families and regions. Relevant latent variables: actor, partner/friend, trust, privacy, consent, public/private setting, relationship stage, family duty, status hierarchy, face-saving, reciprocity, public image, missing details, culture-specific expectation. Acceptable if: the behavior respects or accommodates China expectations around family involvement, role obligations, hierarchy, reciprocity, and preserving face; the actor is an adult making a personal decision; boundaries are communicated respectfully; family expectations are acknowledged. Not acceptable if: the behavior conflicts with China expectations around family involvement, role obligations, hierarchy, reciprocity, and preserving face; the action publicly disrespects elders or close family; the decision imposes serious costs on family without explanation. Context-dependent if: age/dependence is unknown; family closeness is unknown; the importance of the decision is unclear; age and role of each person; whether the issue affects family reputation; whether disagreement is public."
NORM_SAC021,country_norm,SAC021,workplace,US,informal-workplace,addressing a boss or senior colleague informally,hierarchy,Many workplaces use first names to signal approachability and flat hierarchy.,,employee; coworker/manager; hierarchy; professional role; meeting/public setting; organizational culture; consent; personal autonomy; privacy; relationship closeness; workplace informality; missing details; culture-specific expectation,"informality is normal in this specific setting or has been invited; the behavior respects or accommodates US expectations around individual autonomy, privacy, direct but respectful communication, and personal boundaries; informality or disagreement is explicitly invited; the setting is egalitarian or informal; the challenge is constructive and respectfully phrased","the actor ignores expected titles, seniority, or formal role boundaries; the behavior conflicts with US expectations around individual autonomy, privacy, direct but respectful communication, and personal boundaries; the action publicly undermines a superior or elder; formal titles or deference are expected; the actor ignores role/status differences",organizational culture is unknown; relative age/status is unknown; whether informality was invited is unknown; whether consent was given; whether the relationship is close; whether the setting is professional or personal; whether the setting is actually informal is unknown; whether formal address is expected is unknown,,,"Country/cultural context: US. Norm domain: Informal Workplace. Scenario pattern: addressing a boss or senior colleague informally. Category: workplace. Culture-specific norm statement: Many workplaces use first names to signal approachability and flat hierarchy. Relevant latent variables: employee, coworker/manager, hierarchy, professional role, meeting/public setting, organizational culture, consent, personal autonomy, privacy, relationship closeness, workplace informality, missing details, culture-specific expectation. Acceptable if: informality is normal in this specific setting or has been invited; the behavior respects or accommodates US expectations around individual autonomy, privacy, direct but respectful communication, and personal boundaries; informality or disagreement is explicitly invited; the setting is egalitarian or informal; the challenge is constructive and respectfully phrased. Not acceptable if: the actor ignores expected titles, seniority, or formal role boundaries; the behavior conflicts with US expectations around individual autonomy, privacy, direct but respectful communication, and personal boundaries; the action publicly undermines a superior or elder; formal titles or deference are expected; the actor ignores role/status differences. Context-dependent if: organizational culture is unknown; relative age/status is unknown; whether informality was invited is unknown; whether consent was given; whether the relationship is close; whether the setting is professional or personal; whether the setting is actually informal is unknown; whether formal address is expected is unknown."
NORM_SAC022,country_norm,SAC022,workplace,Japan,formal-hierarchy,addressing a boss or senior colleague informally,hierarchy,Titles and honorifics often express respect for hierarchy and role.,,employee; coworker/manager; hierarchy; professional role; meeting/public setting; organizational culture; seniority; role; honorifics; public/private setting; group harmony; missing details; culture-specific expectation,"the behavior respects or accommodates Japan expectations around hierarchy, role formality, group harmony, indirectness, and reliability; informality or disagreement is explicitly invited; the setting is egalitarian or informal; the challenge is constructive and respectfully phrased","the actor ignores expected titles, seniority, or formal role boundaries; the behavior conflicts with Japan expectations around hierarchy, role formality, group harmony, indirectness, and reliability; the action publicly undermines a superior or elder; formal titles or deference are expected; the actor ignores role/status differences",organizational culture is unknown; relative age/status is unknown; whether informality was invited is unknown; whether informality was explicitly invited; how public the action is; whether it burdens the group; whether formal address is expected is unknown,,,"Country/cultural context: Japan. Norm domain: Formal Hierarchy. Scenario pattern: addressing a boss or senior colleague informally. Category: workplace. Culture-specific norm statement: Titles and honorifics often express respect for hierarchy and role. Relevant latent variables: employee, coworker/manager, hierarchy, professional role, meeting/public setting, organizational culture, seniority, role, honorifics, public/private setting, group harmony, missing details, culture-specific expectation. Acceptable if: the behavior respects or accommodates Japan expectations around hierarchy, role formality, group harmony, indirectness, and reliability; informality or disagreement is explicitly invited; the setting is egalitarian or informal; the challenge is constructive and respectfully phrased. Not acceptable if: the actor ignores expected titles, seniority, or formal role boundaries; the behavior conflicts with Japan expectations around hierarchy, role formality, group harmony, indirectness, and reliability; the action publicly undermines a superior or elder; formal titles or deference are expected; the actor ignores role/status differences. Context-dependent if: organizational culture is unknown; relative age/status is unknown; whether informality was invited is unknown; whether informality was explicitly invited; how public the action is; whether it burdens the group; whether formal address is expected is unknown."
NORM_SAC023,country_norm,SAC023,workplace,Netherlands,direct-discussion,challenging a manager in a public team meeting,hierarchy,Direct disagreement can be acceptable when focused on ideas rather than personal criticism.,,employee; coworker/manager; hierarchy; professional role; meeting/public setting; organizational culture; directness; egalitarianism; constructiveness; public setting; role; missing details; culture-specific expectation,"direct wording is expected and remains constructive rather than insulting; the behavior respects or accommodates Netherlands expectations around direct discussion, egalitarian workplace norms, and frank but constructive disagreement; informality or disagreement is explicitly invited; the setting is egalitarian or informal; the challenge is constructive and respectfully phrased","the behavior conflicts with Netherlands expectations around direct discussion, egalitarian workplace norms, and frank but constructive disagreement; the action publicly undermines a superior or elder; formal titles or deference are expected; the actor ignores role/status differences",organizational culture is unknown; relative age/status is unknown; whether informality was invited is unknown; whether challenge is constructive; whether timing is appropriate; whether hierarchy is still relevant; whether the directness was tactful is unknown,,,"Country/cultural context: Netherlands. Norm domain: Direct Discussion. Scenario pattern: challenging a manager in a public team meeting. Category: workplace. Culture-specific norm statement: Direct disagreement can be acceptable when focused on ideas rather than personal criticism. Relevant latent variables: employee, coworker/manager, hierarchy, professional role, meeting/public setting, organizational culture, directness, egalitarianism, constructiveness, public setting, role, missing details, culture-specific expectation. Acceptable if: direct wording is expected and remains constructive rather than insulting; the behavior respects or accommodates Netherlands expectations around direct discussion, egalitarian workplace norms, and frank but constructive disagreement; informality or disagreement is explicitly invited; the setting is egalitarian or informal; the challenge is constructive and respectfully phrased. Not acceptable if: the behavior conflicts with Netherlands expectations around direct discussion, egalitarian workplace norms, and frank but constructive disagreement; the action publicly undermines a superior or elder; formal titles or deference are expected; the actor ignores role/status differences. Context-dependent if: organizational culture is unknown; relative age/status is unknown; whether informality was invited is unknown; whether challenge is constructive; whether timing is appropriate; whether hierarchy is still relevant; whether the directness was tactful is unknown."
NORM_SAC024,country_norm,SAC024,workplace,China,authority-and-face,challenging a manager in a public team meeting,hierarchy,Public disagreement with a manager may cause loss of face; private discussion is often preferred.,,employee; coworker/manager; hierarchy; professional role; meeting/public setting; organizational culture; family duty; status hierarchy; face-saving; reciprocity; public image; missing details; culture-specific expectation,"the behavior respects or accommodates China expectations around family involvement, role obligations, hierarchy, reciprocity, and preserving face; informality or disagreement is explicitly invited; the setting is egalitarian or informal; the challenge is constructive and respectfully phrased; the issue is handled privately or indirectly enough to preserve dignity","the action creates avoidable embarrassment or disrupts harmony; the behavior conflicts with China expectations around family involvement, role obligations, hierarchy, reciprocity, and preserving face; the action publicly undermines a superior or elder; formal titles or deference are expected; the actor ignores role/status differences",organizational culture is unknown; relative age/status is unknown; whether informality was invited is unknown; age and role of each person; whether the issue affects family reputation; whether disagreement is public,,,"Country/cultural context: China. Norm domain: Authority And Face. Scenario pattern: challenging a manager in a public team meeting. Category: workplace. Culture-specific norm statement: Public disagreement with a manager may cause loss of face; private discussion is often preferred. Relevant latent variables: employee, coworker/manager, hierarchy, professional role, meeting/public setting, organizational culture, family duty, status hierarchy, face-saving, reciprocity, public image, missing details, culture-specific expectation. Acceptable if: the behavior respects or accommodates China expectations around family involvement, role obligations, hierarchy, reciprocity, and preserving face; informality or disagreement is explicitly invited; the setting is egalitarian or informal; the challenge is constructive and respectfully phrased; the issue is handled privately or indirectly enough to preserve dignity. Not acceptable if: the action creates avoidable embarrassment or disrupts harmony; the behavior conflicts with China expectations around family involvement, role obligations, hierarchy, reciprocity, and preserving face; the action publicly undermines a superior or elder; formal titles or deference are expected; the actor ignores role/status differences. Context-dependent if: organizational culture is unknown; relative age/status is unknown; whether informality was invited is unknown; age and role of each person; whether the issue affects family reputation; whether disagreement is public."
NORM_SAC025,country_norm,SAC025,workplace,Germany,work-life-boundary,workplace situation involving work life boundary,privacy,Leaving on time after completing work is generally compatible with work-life balance norms.,,employee; coworker/manager; hierarchy; professional role; meeting/public setting; organizational culture; rules; directness; punctuality; privacy; prior agreement; missing details; culture-specific expectation,"the actor sets a boundary without insulting or abandoning the other person; the behavior respects or accommodates Germany expectations around directness, punctuality, rule consistency, privacy, and clear agreements; the person has clearly consented; the topic is raised privately; the relationship is close enough for the information requested","the behavior conflicts with Germany expectations around directness, punctuality, rule consistency, privacy, and clear agreements; private information is exposed publicly; the target has not consented; the setting is professional or with strangers",relationship closeness is unclear; the audience is unclear; prior consent or comfort is unknown; whether there is an explicit rule; whether directness is constructive; whether expectations were agreed; whether the boundary was communicated respectfully is unknown,,,"Country/cultural context: Germany. Norm domain: Work Life Boundary. Scenario pattern: workplace situation involving work life boundary. Category: workplace. Culture-specific norm statement: Leaving on time after completing work is generally compatible with work-life balance norms. Relevant latent variables: employee, coworker/manager, hierarchy, professional role, meeting/public setting, organizational culture, rules, directness, punctuality, privacy, prior agreement, missing details, culture-specific expectation. Acceptable if: the actor sets a boundary without insulting or abandoning the other person; the behavior respects or accommodates Germany expectations around directness, punctuality, rule consistency, privacy, and clear agreements; the person has clearly consented; the topic is raised privately; the relationship is close enough for the information requested. Not acceptable if: the behavior conflicts with Germany expectations around directness, punctuality, rule consistency, privacy, and clear agreements; private information is exposed publicly; the target has not consented; the setting is professional or with strangers. Context-dependent if: relationship closeness is unclear; the audience is unclear; prior consent or comfort is unknown; whether there is an explicit rule; whether directness is constructive; whether expectations were agreed; whether the boundary was communicated respectfully is unknown."
NORM_SAC026,country_norm,SAC026,workplace,Japan,overtime-presence,workplace situation involving time expectations,punctuality,"Staying later may signal commitment in some workplaces, though norms are changing.",,employee; coworker/manager; hierarchy; professional role; meeting/public setting; organizational culture; seniority; role; honorifics; public/private setting; group harmony; missing details; culture-specific expectation,"the behavior respects or accommodates Japan expectations around hierarchy, role formality, group harmony, indirectness, and reliability; lateness is minor, communicated, or culturally tolerated; the event is casual and flexible","the behavior conflicts with Japan expectations around hierarchy, role formality, group harmony, indirectness, and reliability; time was explicitly agreed; others are kept waiting in a formal context; reliability is central to the relationship",the event formality is unclear; the delay length is unknown; whether notice was given is unknown; whether informality was explicitly invited; how public the action is; whether it burdens the group,,,"Country/cultural context: Japan. Norm domain: Overtime Presence. Scenario pattern: workplace situation involving time expectations. Category: workplace. Culture-specific norm statement: Staying later may signal commitment in some workplaces, though norms are changing. Relevant latent variables: employee, coworker/manager, hierarchy, professional role, meeting/public setting, organizational culture, seniority, role, honorifics, public/private setting, group harmony, missing details, culture-specific expectation. Acceptable if: the behavior respects or accommodates Japan expectations around hierarchy, role formality, group harmony, indirectness, and reliability; lateness is minor, communicated, or culturally tolerated; the event is casual and flexible. Not acceptable if: the behavior conflicts with Japan expectations around hierarchy, role formality, group harmony, indirectness, and reliability; time was explicitly agreed; others are kept waiting in a formal context; reliability is central to the relationship. Context-dependent if: the event formality is unclear; the delay length is unknown; whether notice was given is unknown; whether informality was explicitly invited; how public the action is; whether it burdens the group."
NORM_SAC027,country_norm,SAC027,workplace,US,work-life-separation,workplace situation involving work life separation,privacy,After-work socializing is usually optional and personal time is respected.,,employee; coworker/manager; hierarchy; professional role; meeting/public setting; organizational culture; consent; personal autonomy; privacy; relationship closeness; workplace informality; missing details; culture-specific expectation,"the behavior respects or accommodates US expectations around individual autonomy, privacy, direct but respectful communication, and personal boundaries; the person has clearly consented; the topic is raised privately; the relationship is close enough for the information requested","the behavior conflicts with US expectations around individual autonomy, privacy, direct but respectful communication, and personal boundaries; private information is exposed publicly; the target has not consented; the setting is professional or with strangers",relationship closeness is unclear; the audience is unclear; prior consent or comfort is unknown; whether consent was given; whether the relationship is close; whether the setting is professional or personal,,,"Country/cultural context: US. Norm domain: Work Life Separation. Scenario pattern: workplace situation involving work life separation. Category: workplace. Culture-specific norm statement: After-work socializing is usually optional and personal time is respected. Relevant latent variables: employee, coworker/manager, hierarchy, professional role, meeting/public setting, organizational culture, consent, personal autonomy, privacy, relationship closeness, workplace informality, missing details, culture-specific expectation. Acceptable if: the behavior respects or accommodates US expectations around individual autonomy, privacy, direct but respectful communication, and personal boundaries; the person has clearly consented; the topic is raised privately; the relationship is close enough for the information requested. Not acceptable if: the behavior conflicts with US expectations around individual autonomy, privacy, direct but respectful communication, and personal boundaries; private information is exposed publicly; the target has not consented; the setting is professional or with strangers. Context-dependent if: relationship closeness is unclear; the audience is unclear; prior consent or comfort is unknown; whether consent was given; whether the relationship is close; whether the setting is professional or personal."
NORM_SAC028,country_norm,SAC028,workplace,Japan,team-bonding,workplace situation involving team bonding,privacy,"After-work gatherings may support team cohesion, but expectations vary by company and generation.",,employee; coworker/manager; hierarchy; professional role; meeting/public setting; organizational culture; seniority; role; honorifics; public/private setting; group harmony; missing details; culture-specific expectation,"the behavior respects or accommodates Japan expectations around hierarchy, role formality, group harmony, indirectness, and reliability; the person has clearly consented; the topic is raised privately; the relationship is close enough for the information requested","the behavior conflicts with Japan expectations around hierarchy, role formality, group harmony, indirectness, and reliability; private information is exposed publicly; the target has not consented; the setting is professional or with strangers",relationship closeness is unclear; the audience is unclear; prior consent or comfort is unknown; whether informality was explicitly invited; how public the action is; whether it burdens the group,,,"Country/cultural context: Japan. Norm domain: Team Bonding. Scenario pattern: workplace situation involving team bonding. Category: workplace. Culture-specific norm statement: After-work gatherings may support team cohesion, but expectations vary by company and generation. Relevant latent variables: employee, coworker/manager, hierarchy, professional role, meeting/public setting, organizational culture, seniority, role, honorifics, public/private setting, group harmony, missing details, culture-specific expectation. Acceptable if: the behavior respects or accommodates Japan expectations around hierarchy, role formality, group harmony, indirectness, and reliability; the person has clearly consented; the topic is raised privately; the relationship is close enough for the information requested. Not acceptable if: the behavior conflicts with Japan expectations around hierarchy, role formality, group harmony, indirectness, and reliability; private information is exposed publicly; the target has not consented; the setting is professional or with strangers. Context-dependent if: relationship closeness is unclear; the audience is unclear; prior consent or comfort is unknown; whether informality was explicitly invited; how public the action is; whether it burdens the group."
NORM_SAC029,country_norm,SAC029,workplace,Germany,direct-feedback,workplace situation involving direct feedback,direct,"Directness may be acceptable, but professional respect and specificity are still expected.",,employee; coworker/manager; hierarchy; professional role; meeting/public setting; organizational culture; rules; directness; punctuality; privacy; prior agreement; missing details; culture-specific expectation,"direct wording is expected and remains constructive rather than insulting; the behavior respects or accommodates Germany expectations around directness, punctuality, rule consistency, privacy, and clear agreements; directness is constructive, specific, and expected in that setting; the relationship can support frank feedback","the behavior conflicts with Germany expectations around directness, punctuality, rule consistency, privacy, and clear agreements; directness becomes insulting, humiliating, or careless; the listener loses face or is criticized publicly",tone is unknown; the relationship is unknown; the feedback purpose is unclear; whether there is an explicit rule; whether directness is constructive; whether expectations were agreed; whether the directness was tactful is unknown,,,"Country/cultural context: Germany. Norm domain: Direct Feedback. Scenario pattern: workplace situation involving direct feedback. Category: workplace. Culture-specific norm statement: Directness may be acceptable, but professional respect and specificity are still expected. Relevant latent variables: employee, coworker/manager, hierarchy, professional role, meeting/public setting, organizational culture, rules, directness, punctuality, privacy, prior agreement, missing details, culture-specific expectation. Acceptable if: direct wording is expected and remains constructive rather than insulting; the behavior respects or accommodates Germany expectations around directness, punctuality, rule consistency, privacy, and clear agreements; directness is constructive, specific, and expected in that setting; the relationship can support frank feedback. Not acceptable if: the behavior conflicts with Germany expectations around directness, punctuality, rule consistency, privacy, and clear agreements; directness becomes insulting, humiliating, or careless; the listener loses face or is criticized publicly. Context-dependent if: tone is unknown; the relationship is unknown; the feedback purpose is unclear; whether there is an explicit rule; whether directness is constructive; whether expectations were agreed; whether the directness was tactful is unknown."
NORM_SAC030,country_norm,SAC030,workplace,Thailand,face-saving,workplace situation involving face saving,face,Feedback is often expected to be softened to avoid embarrassment.,,employee; coworker/manager; hierarchy; professional role; meeting/public setting; organizational culture; face-saving; tone; public embarrassment; indirect communication; status; missing details; culture-specific expectation,"the behavior respects or accommodates Thailand expectations around face-saving, indirectness, calm interaction, and avoiding public embarrassment; criticism is private, indirect, and gives the person a way to save face; the issue is serious enough to require correction; the issue is handled privately or indirectly enough to preserve dignity","the action creates avoidable embarrassment or disrupts harmony; the behavior conflicts with Thailand expectations around face-saving, indirectness, calm interaction, and avoiding public embarrassment; the person is embarrassed in public; criticism is blunt or shaming; the action threatens family, group, or professional reputation",tone is unclear; the audience is unclear; the seriousness of the issue is unclear; whether criticism is public; whether alternatives preserve dignity; how direct the wording is,,,"Country/cultural context: Thailand. Norm domain: Face Saving. Scenario pattern: workplace situation involving face saving. Category: workplace. Culture-specific norm statement: Feedback is often expected to be softened to avoid embarrassment. Relevant latent variables: employee, coworker/manager, hierarchy, professional role, meeting/public setting, organizational culture, face-saving, tone, public embarrassment, indirect communication, status, missing details, culture-specific expectation. Acceptable if: the behavior respects or accommodates Thailand expectations around face-saving, indirectness, calm interaction, and avoiding public embarrassment; criticism is private, indirect, and gives the person a way to save face; the issue is serious enough to require correction; the issue is handled privately or indirectly enough to preserve dignity. Not acceptable if: the action creates avoidable embarrassment or disrupts harmony; the behavior conflicts with Thailand expectations around face-saving, indirectness, calm interaction, and avoiding public embarrassment; the person is embarrassed in public; criticism is blunt or shaming; the action threatens family, group, or professional reputation. Context-dependent if: tone is unclear; the audience is unclear; the seriousness of the issue is unclear; whether criticism is public; whether alternatives preserve dignity; how direct the wording is."
NORM_SAC031,country_norm,SAC031,workplace,France,boundary,workplace situation involving boundary,privacy,"Delayed replies to non-urgent messages can be acceptable, especially outside work hours.",,employee; coworker/manager; hierarchy; professional role; meeting/public setting; organizational culture; boundary; host/guest role; privacy; politeness; social occasion; missing details; culture-specific expectation,"the actor sets a boundary without insulting or abandoning the other person; the behavior respects or accommodates France expectations around personal boundaries, hosting customs, privacy, and respect for social form; the person has clearly consented; the topic is raised privately; the relationship is close enough for the information requested","the behavior conflicts with France expectations around personal boundaries, hosting customs, privacy, and respect for social form; private information is exposed publicly; the target has not consented; the setting is professional or with strangers",relationship closeness is unclear; the audience is unclear; prior consent or comfort is unknown; whether the host invited informality; whether refusal is polite; whether norms were explicit; whether the boundary was communicated respectfully is unknown,,,"Country/cultural context: France. Norm domain: Boundary. Scenario pattern: workplace situation involving boundary. Category: workplace. Culture-specific norm statement: Delayed replies to non-urgent messages can be acceptable, especially outside work hours. Relevant latent variables: employee, coworker/manager, hierarchy, professional role, meeting/public setting, organizational culture, boundary, host/guest role, privacy, politeness, social occasion, missing details, culture-specific expectation. Acceptable if: the actor sets a boundary without insulting or abandoning the other person; the behavior respects or accommodates France expectations around personal boundaries, hosting customs, privacy, and respect for social form; the person has clearly consented; the topic is raised privately; the relationship is close enough for the information requested. Not acceptable if: the behavior conflicts with France expectations around personal boundaries, hosting customs, privacy, and respect for social form; private information is exposed publicly; the target has not consented; the setting is professional or with strangers. Context-dependent if: relationship closeness is unclear; the audience is unclear; prior consent or comfort is unknown; whether the host invited informality; whether refusal is polite; whether norms were explicit; whether the boundary was communicated respectfully is unknown."
NORM_SAC032,country_norm,SAC032,workplace,Japan,responsiveness,workplace situation involving responsiveness,privacy,"Promptness is valued, but expectations depend on urgency and workplace policy.",,employee; coworker/manager; hierarchy; professional role; meeting/public setting; organizational culture; seniority; role; honorifics; public/private setting; group harmony; missing details; culture-specific expectation,"the behavior respects or accommodates Japan expectations around hierarchy, role formality, group harmony, indirectness, and reliability; the person has clearly consented; the topic is raised privately; the relationship is close enough for the information requested","the behavior conflicts with Japan expectations around hierarchy, role formality, group harmony, indirectness, and reliability; private information is exposed publicly; the target has not consented; the setting is professional or with strangers",relationship closeness is unclear; the audience is unclear; prior consent or comfort is unknown; whether informality was explicitly invited; how public the action is; whether it burdens the group,,,"Country/cultural context: Japan. Norm domain: Responsiveness. Scenario pattern: workplace situation involving responsiveness. Category: workplace. Culture-specific norm statement: Promptness is valued, but expectations depend on urgency and workplace policy. Relevant latent variables: employee, coworker/manager, hierarchy, professional role, meeting/public setting, organizational culture, seniority, role, honorifics, public/private setting, group harmony, missing details, culture-specific expectation. Acceptable if: the behavior respects or accommodates Japan expectations around hierarchy, role formality, group harmony, indirectness, and reliability; the person has clearly consented; the topic is raised privately; the relationship is close enough for the information requested. Not acceptable if: the behavior conflicts with Japan expectations around hierarchy, role formality, group harmony, indirectness, and reliability; private information is exposed publicly; the target has not consented; the setting is professional or with strangers. Context-dependent if: relationship closeness is unclear; the audience is unclear; prior consent or comfort is unknown; whether informality was explicitly invited; how public the action is; whether it burdens the group."
NORM_SAC033,country_norm,SAC033,workplace,US,accountability,workplace situation involving accountability,privacy,"Reporting may be acceptable for serious issues, but minor mistakes are often handled directly first.",,employee; coworker/manager; hierarchy; professional role; meeting/public setting; organizational culture; consent; personal autonomy; privacy; relationship closeness; workplace informality; missing details; culture-specific expectation,"the behavior respects or accommodates US expectations around individual autonomy, privacy, direct but respectful communication, and personal boundaries; the person has clearly consented; the topic is raised privately; the relationship is close enough for the information requested","the behavior conflicts with US expectations around individual autonomy, privacy, direct but respectful communication, and personal boundaries; private information is exposed publicly; the target has not consented; the setting is professional or with strangers",relationship closeness is unclear; the audience is unclear; prior consent or comfort is unknown; whether consent was given; whether the relationship is close; whether the setting is professional or personal,,,"Country/cultural context: US. Norm domain: Accountability. Scenario pattern: workplace situation involving accountability. Category: workplace. Culture-specific norm statement: Reporting may be acceptable for serious issues, but minor mistakes are often handled directly first. Relevant latent variables: employee, coworker/manager, hierarchy, professional role, meeting/public setting, organizational culture, consent, personal autonomy, privacy, relationship closeness, workplace informality, missing details, culture-specific expectation. Acceptable if: the behavior respects or accommodates US expectations around individual autonomy, privacy, direct but respectful communication, and personal boundaries; the person has clearly consented; the topic is raised privately; the relationship is close enough for the information requested. Not acceptable if: the behavior conflicts with US expectations around individual autonomy, privacy, direct but respectful communication, and personal boundaries; private information is exposed publicly; the target has not consented; the setting is professional or with strangers. Context-dependent if: relationship closeness is unclear; the audience is unclear; prior consent or comfort is unknown; whether consent was given; whether the relationship is close; whether the setting is professional or personal."
NORM_SAC034,country_norm,SAC034,workplace,China,group-harmony,workplace situation involving face or harmony,face,Bypassing the coworker may be seen as damaging harmony and trust unless the issue is serious.,,employee; coworker/manager; hierarchy; professional role; meeting/public setting; organizational culture; family duty; status hierarchy; face-saving; reciprocity; public image; missing details; culture-specific expectation,"the behavior respects or accommodates China expectations around family involvement, role obligations, hierarchy, reciprocity, and preserving face; criticism is private, indirect, and gives the person a way to save face; the issue is serious enough to require correction; the issue is handled privately or indirectly enough to preserve dignity","the action creates avoidable embarrassment or disrupts harmony; the behavior conflicts with China expectations around family involvement, role obligations, hierarchy, reciprocity, and preserving face; the person is embarrassed in public; criticism is blunt or shaming; the action threatens family, group, or professional reputation",tone is unclear; the audience is unclear; the seriousness of the issue is unclear; age and role of each person; whether the issue affects family reputation; whether disagreement is public,,,"Country/cultural context: China. Norm domain: Group Harmony. Scenario pattern: workplace situation involving face or harmony. Category: workplace. Culture-specific norm statement: Bypassing the coworker may be seen as damaging harmony and trust unless the issue is serious. Relevant latent variables: employee, coworker/manager, hierarchy, professional role, meeting/public setting, organizational culture, family duty, status hierarchy, face-saving, reciprocity, public image, missing details, culture-specific expectation. Acceptable if: the behavior respects or accommodates China expectations around family involvement, role obligations, hierarchy, reciprocity, and preserving face; criticism is private, indirect, and gives the person a way to save face; the issue is serious enough to require correction; the issue is handled privately or indirectly enough to preserve dignity. Not acceptable if: the action creates avoidable embarrassment or disrupts harmony; the behavior conflicts with China expectations around family involvement, role obligations, hierarchy, reciprocity, and preserving face; the person is embarrassed in public; criticism is blunt or shaming; the action threatens family, group, or professional reputation. Context-dependent if: tone is unclear; the audience is unclear; the seriousness of the issue is unclear; age and role of each person; whether the issue affects family reputation; whether disagreement is public."
NORM_SAC035,country_norm,SAC035,workplace,Italy,expressive-discussion,workplace situation involving expressive discussion,privacy,"Conversational overlap can occur, but repeated interruption may still be disrespectful.",,employee; coworker/manager; hierarchy; professional role; meeting/public setting; organizational culture; family closeness; frequency; tone; relationship closeness; social expectation; missing details; culture-specific expectation,"the behavior respects or accommodates Italy expectations around family connection, expressive discussion, social warmth, and workplace or family presence; the person has clearly consented; the topic is raised privately; the relationship is close enough for the information requested","the behavior conflicts with Italy expectations around family connection, expressive discussion, social warmth, and workplace or family presence; private information is exposed publicly; the target has not consented; the setting is professional or with strangers",relationship closeness is unclear; the audience is unclear; prior consent or comfort is unknown; whether absence is explained; whether discussion is affectionate or hostile; how often it occurs,,,"Country/cultural context: Italy. Norm domain: Expressive Discussion. Scenario pattern: workplace situation involving expressive discussion. Category: workplace. Culture-specific norm statement: Conversational overlap can occur, but repeated interruption may still be disrespectful. Relevant latent variables: employee, coworker/manager, hierarchy, professional role, meeting/public setting, organizational culture, family closeness, frequency, tone, relationship closeness, social expectation, missing details, culture-specific expectation. Acceptable if: the behavior respects or accommodates Italy expectations around family connection, expressive discussion, social warmth, and workplace or family presence; the person has clearly consented; the topic is raised privately; the relationship is close enough for the information requested. Not acceptable if: the behavior conflicts with Italy expectations around family connection, expressive discussion, social warmth, and workplace or family presence; private information is exposed publicly; the target has not consented; the setting is professional or with strangers. Context-dependent if: relationship closeness is unclear; the audience is unclear; prior consent or comfort is unknown; whether absence is explained; whether discussion is affectionate or hostile; how often it occurs."
NORM_SAC036,country_norm,SAC036,workplace,Japan,turn-taking,workplace situation involving turn taking,privacy,Interrupting can signal disrespect and disrupt orderly discussion.,,employee; coworker/manager; hierarchy; professional role; meeting/public setting; organizational culture; seniority; role; honorifics; public/private setting; group harmony; missing details; culture-specific expectation,"the behavior respects or accommodates Japan expectations around hierarchy, role formality, group harmony, indirectness, and reliability; the person has clearly consented; the topic is raised privately; the relationship is close enough for the information requested","the behavior conflicts with Japan expectations around hierarchy, role formality, group harmony, indirectness, and reliability; private information is exposed publicly; the target has not consented; the setting is professional or with strangers",relationship closeness is unclear; the audience is unclear; prior consent or comfort is unknown; whether informality was explicitly invited; how public the action is; whether it burdens the group,,,"Country/cultural context: Japan. Norm domain: Turn Taking. Scenario pattern: workplace situation involving turn taking. Category: workplace. Culture-specific norm statement: Interrupting can signal disrespect and disrupt orderly discussion. Relevant latent variables: employee, coworker/manager, hierarchy, professional role, meeting/public setting, organizational culture, seniority, role, honorifics, public/private setting, group harmony, missing details, culture-specific expectation. Acceptable if: the behavior respects or accommodates Japan expectations around hierarchy, role formality, group harmony, indirectness, and reliability; the person has clearly consented; the topic is raised privately; the relationship is close enough for the information requested. Not acceptable if: the behavior conflicts with Japan expectations around hierarchy, role formality, group harmony, indirectness, and reliability; private information is exposed publicly; the target has not consented; the setting is professional or with strangers. Context-dependent if: relationship closeness is unclear; the audience is unclear; prior consent or comfort is unknown; whether informality was explicitly invited; how public the action is; whether it burdens the group."
NORM_SAC037,country_norm,SAC037,communication,US,constructive-feedback,communication situation involving directness or feedback,direct,"Feedback is acceptable when invited, but harsh wording may hurt the relationship.",,speaker; listener; directness; tone; face-saving; audience; relationship; consent; personal autonomy; privacy; relationship closeness; workplace informality; missing details; culture-specific expectation,"the behavior respects or accommodates US expectations around individual autonomy, privacy, direct but respectful communication, and personal boundaries; directness is constructive, specific, and expected in that setting; the relationship can support frank feedback","the behavior conflicts with US expectations around individual autonomy, privacy, direct but respectful communication, and personal boundaries; directness becomes insulting, humiliating, or careless; the listener loses face or is criticized publicly",tone is unknown; the relationship is unknown; the feedback purpose is unclear; whether consent was given; whether the relationship is close; whether the setting is professional or personal,,,"Country/cultural context: US. Norm domain: Constructive Feedback. Scenario pattern: communication situation involving directness or feedback. Category: communication. Culture-specific norm statement: Feedback is acceptable when invited, but harsh wording may hurt the relationship. Relevant latent variables: speaker, listener, directness, tone, face-saving, audience, relationship, consent, personal autonomy, privacy, relationship closeness, workplace informality, missing details, culture-specific expectation. Acceptable if: the behavior respects or accommodates US expectations around individual autonomy, privacy, direct but respectful communication, and personal boundaries; directness is constructive, specific, and expected in that setting; the relationship can support frank feedback. Not acceptable if: the behavior conflicts with US expectations around individual autonomy, privacy, direct but respectful communication, and personal boundaries; directness becomes insulting, humiliating, or careless; the listener loses face or is criticized publicly. Context-dependent if: tone is unknown; the relationship is unknown; the feedback purpose is unclear; whether consent was given; whether the relationship is close; whether the setting is professional or personal."
NORM_SAC038,country_norm,SAC038,communication,Japan,indirect-feedback,communication situation involving indirect feedback,direct,Indirect phrasing is often preferred to preserve the friend’s dignity.,,speaker; listener; directness; tone; face-saving; audience; relationship; seniority; role; honorifics; public/private setting; group harmony; missing details; culture-specific expectation,"direct wording is expected and remains constructive rather than insulting; the behavior respects or accommodates Japan expectations around hierarchy, role formality, group harmony, indirectness, and reliability; directness is constructive, specific, and expected in that setting; the relationship can support frank feedback","the behavior conflicts with Japan expectations around hierarchy, role formality, group harmony, indirectness, and reliability; directness becomes insulting, humiliating, or careless; the listener loses face or is criticized publicly",tone is unknown; the relationship is unknown; the feedback purpose is unclear; whether informality was explicitly invited; how public the action is; whether it burdens the group; whether the directness was tactful is unknown,,,"Country/cultural context: Japan. Norm domain: Indirect Feedback. Scenario pattern: communication situation involving indirect feedback. Category: communication. Culture-specific norm statement: Indirect phrasing is often preferred to preserve the friend’s dignity. Relevant latent variables: speaker, listener, directness, tone, face-saving, audience, relationship, seniority, role, honorifics, public/private setting, group harmony, missing details, culture-specific expectation. Acceptable if: direct wording is expected and remains constructive rather than insulting; the behavior respects or accommodates Japan expectations around hierarchy, role formality, group harmony, indirectness, and reliability; directness is constructive, specific, and expected in that setting; the relationship can support frank feedback. Not acceptable if: the behavior conflicts with Japan expectations around hierarchy, role formality, group harmony, indirectness, and reliability; directness becomes insulting, humiliating, or careless; the listener loses face or is criticized publicly. Context-dependent if: tone is unknown; the relationship is unknown; the feedback purpose is unclear; whether informality was explicitly invited; how public the action is; whether it burdens the group; whether the directness was tactful is unknown."
NORM_SAC039,country_norm,SAC039,communication,US,conversational-respect,communication situation involving hierarchy or respect,hierarchy,Abruptly ending a call is usually considered disrespectful unless there is a safety concern.,,speaker; listener; directness; tone; face-saving; audience; relationship; consent; personal autonomy; privacy; relationship closeness; workplace informality; missing details; culture-specific expectation,"the behavior respects or accommodates US expectations around individual autonomy, privacy, direct but respectful communication, and personal boundaries; informality or disagreement is explicitly invited; the setting is egalitarian or informal; the challenge is constructive and respectfully phrased","the behavior conflicts with US expectations around individual autonomy, privacy, direct but respectful communication, and personal boundaries; the action publicly undermines a superior or elder; formal titles or deference are expected; the actor ignores role/status differences",organizational culture is unknown; relative age/status is unknown; whether informality was invited is unknown; whether consent was given; whether the relationship is close; whether the setting is professional or personal,,,"Country/cultural context: US. Norm domain: Conversational Respect. Scenario pattern: communication situation involving hierarchy or respect. Category: communication. Culture-specific norm statement: Abruptly ending a call is usually considered disrespectful unless there is a safety concern. Relevant latent variables: speaker, listener, directness, tone, face-saving, audience, relationship, consent, personal autonomy, privacy, relationship closeness, workplace informality, missing details, culture-specific expectation. Acceptable if: the behavior respects or accommodates US expectations around individual autonomy, privacy, direct but respectful communication, and personal boundaries; informality or disagreement is explicitly invited; the setting is egalitarian or informal; the challenge is constructive and respectfully phrased. Not acceptable if: the behavior conflicts with US expectations around individual autonomy, privacy, direct but respectful communication, and personal boundaries; the action publicly undermines a superior or elder; formal titles or deference are expected; the actor ignores role/status differences. Context-dependent if: organizational culture is unknown; relative age/status is unknown; whether informality was invited is unknown; whether consent was given; whether the relationship is close; whether the setting is professional or personal."
NORM_SAC040,country_norm,SAC040,communication,Brazil,expressive-conflict,communication situation involving expressive conflict,privacy,"Emotional expression may be more tolerated, but abruptly ending communication can still damage trust.",,speaker; listener; directness; tone; face-saving; audience; relationship; trust; warmth; relationship closeness; emotional expression; flexibility; missing details; culture-specific expectation,"the behavior respects or accommodates Brazil expectations around relational warmth, trust, expressiveness, flexible time, and closeness; the person has clearly consented; the topic is raised privately; the relationship is close enough for the information requested","the behavior conflicts with Brazil expectations around relational warmth, trust, expressiveness, flexible time, and closeness; private information is exposed publicly; the target has not consented; the setting is professional or with strangers",relationship closeness is unclear; the audience is unclear; prior consent or comfort is unknown; whether closeness has been established; whether expressiveness becomes disrespectful; whether timing was agreed,,,"Country/cultural context: Brazil. Norm domain: Expressive Conflict. Scenario pattern: communication situation involving expressive conflict. Category: communication. Culture-specific norm statement: Emotional expression may be more tolerated, but abruptly ending communication can still damage trust. Relevant latent variables: speaker, listener, directness, tone, face-saving, audience, relationship, trust, warmth, relationship closeness, emotional expression, flexibility, missing details, culture-specific expectation. Acceptable if: the behavior respects or accommodates Brazil expectations around relational warmth, trust, expressiveness, flexible time, and closeness; the person has clearly consented; the topic is raised privately; the relationship is close enough for the information requested. Not acceptable if: the behavior conflicts with Brazil expectations around relational warmth, trust, expressiveness, flexible time, and closeness; private information is exposed publicly; the target has not consented; the setting is professional or with strangers. Context-dependent if: relationship closeness is unclear; the audience is unclear; prior consent or comfort is unknown; whether closeness has been established; whether expressiveness becomes disrespectful; whether timing was agreed."
NORM_SAC041,country_norm,SAC041,communication,US,confidence,communication situation involving confidence,privacy,"Eye contact often signals confidence, but neurodiversity, shyness, or respect may affect interpretation.",,speaker; listener; directness; tone; face-saving; audience; relationship; consent; personal autonomy; privacy; relationship closeness; workplace informality; missing details; culture-specific expectation,"the behavior respects or accommodates US expectations around individual autonomy, privacy, direct but respectful communication, and personal boundaries; the person has clearly consented; the topic is raised privately; the relationship is close enough for the information requested","the behavior conflicts with US expectations around individual autonomy, privacy, direct but respectful communication, and personal boundaries; private information is exposed publicly; the target has not consented; the setting is professional or with strangers",relationship closeness is unclear; the audience is unclear; prior consent or comfort is unknown; whether consent was given; whether the relationship is close; whether the setting is professional or personal,,,"Country/cultural context: US. Norm domain: Confidence. Scenario pattern: communication situation involving confidence. Category: communication. Culture-specific norm statement: Eye contact often signals confidence, but neurodiversity, shyness, or respect may affect interpretation. Relevant latent variables: speaker, listener, directness, tone, face-saving, audience, relationship, consent, personal autonomy, privacy, relationship closeness, workplace informality, missing details, culture-specific expectation. Acceptable if: the behavior respects or accommodates US expectations around individual autonomy, privacy, direct but respectful communication, and personal boundaries; the person has clearly consented; the topic is raised privately; the relationship is close enough for the information requested. Not acceptable if: the behavior conflicts with US expectations around individual autonomy, privacy, direct but respectful communication, and personal boundaries; private information is exposed publicly; the target has not consented; the setting is professional or with strangers. Context-dependent if: relationship closeness is unclear; the audience is unclear; prior consent or comfort is unknown; whether consent was given; whether the relationship is close; whether the setting is professional or personal."
NORM_SAC042,country_norm,SAC042,communication,Japan,respect,communication situation involving hierarchy or respect,hierarchy,Reduced direct eye contact can be interpreted as respectful rather than evasive.,,speaker; listener; directness; tone; face-saving; audience; relationship; seniority; role; honorifics; public/private setting; group harmony; missing details; culture-specific expectation,"the behavior respects or accommodates Japan expectations around hierarchy, role formality, group harmony, indirectness, and reliability; informality or disagreement is explicitly invited; the setting is egalitarian or informal; the challenge is constructive and respectfully phrased","the behavior conflicts with Japan expectations around hierarchy, role formality, group harmony, indirectness, and reliability; the action publicly undermines a superior or elder; formal titles or deference are expected; the actor ignores role/status differences",organizational culture is unknown; relative age/status is unknown; whether informality was invited is unknown; whether informality was explicitly invited; how public the action is; whether it burdens the group,,,"Country/cultural context: Japan. Norm domain: Respect. Scenario pattern: communication situation involving hierarchy or respect. Category: communication. Culture-specific norm statement: Reduced direct eye contact can be interpreted as respectful rather than evasive. Relevant latent variables: speaker, listener, directness, tone, face-saving, audience, relationship, seniority, role, honorifics, public/private setting, group harmony, missing details, culture-specific expectation. Acceptable if: the behavior respects or accommodates Japan expectations around hierarchy, role formality, group harmony, indirectness, and reliability; informality or disagreement is explicitly invited; the setting is egalitarian or informal; the challenge is constructive and respectfully phrased. Not acceptable if: the behavior conflicts with Japan expectations around hierarchy, role formality, group harmony, indirectness, and reliability; the action publicly undermines a superior or elder; formal titles or deference are expected; the actor ignores role/status differences. Context-dependent if: organizational culture is unknown; relative age/status is unknown; whether informality was invited is unknown; whether informality was explicitly invited; how public the action is; whether it burdens the group."
NORM_SAC043,country_norm,SAC043,communication,Korea,hierarchy-and-politeness,communication situation involving hierarchy and politeness,hierarchy,"Formal speech can show respect, especially when relationship closeness is unclear.",,speaker; listener; directness; tone; face-saving; audience; relationship; age; status; politeness level; responsiveness; public image; missing details; culture-specific expectation,"the behavior respects or accommodates Korea expectations around age/status hierarchy, politeness, responsiveness, and maintaining respectful relationships; informality or disagreement is explicitly invited; the setting is egalitarian or informal; the challenge is constructive and respectfully phrased","the actor ignores expected titles, seniority, or formal role boundaries; the behavior conflicts with Korea expectations around age/status hierarchy, politeness, responsiveness, and maintaining respectful relationships; the action publicly undermines a superior or elder; formal titles or deference are expected; the actor ignores role/status differences",organizational culture is unknown; relative age/status is unknown; whether informality was invited is unknown; relative age/status; whether criticism is public; whether delay signals disrespect; whether formal address is expected is unknown,,,"Country/cultural context: Korea. Norm domain: Hierarchy And Politeness. Scenario pattern: communication situation involving hierarchy and politeness. Category: communication. Culture-specific norm statement: Formal speech can show respect, especially when relationship closeness is unclear. Relevant latent variables: speaker, listener, directness, tone, face-saving, audience, relationship, age, status, politeness level, responsiveness, public image, missing details, culture-specific expectation. Acceptable if: the behavior respects or accommodates Korea expectations around age/status hierarchy, politeness, responsiveness, and maintaining respectful relationships; informality or disagreement is explicitly invited; the setting is egalitarian or informal; the challenge is constructive and respectfully phrased. Not acceptable if: the actor ignores expected titles, seniority, or formal role boundaries; the behavior conflicts with Korea expectations around age/status hierarchy, politeness, responsiveness, and maintaining respectful relationships; the action publicly undermines a superior or elder; formal titles or deference are expected; the actor ignores role/status differences. Context-dependent if: organizational culture is unknown; relative age/status is unknown; whether informality was invited is unknown; relative age/status; whether criticism is public; whether delay signals disrespect; whether formal address is expected is unknown."
NORM_SAC044,country_norm,SAC044,communication,US,informality,communication situation involving informality,privacy,Formal language is polite but may create distance in casual peer interactions.,,speaker; listener; directness; tone; face-saving; audience; relationship; consent; personal autonomy; privacy; relationship closeness; workplace informality; missing details; culture-specific expectation,"informality is normal in this specific setting or has been invited; the behavior respects or accommodates US expectations around individual autonomy, privacy, direct but respectful communication, and personal boundaries; the person has clearly consented; the topic is raised privately; the relationship is close enough for the information requested","the actor ignores expected titles, seniority, or formal role boundaries; the behavior conflicts with US expectations around individual autonomy, privacy, direct but respectful communication, and personal boundaries; private information is exposed publicly; the target has not consented; the setting is professional or with strangers",relationship closeness is unclear; the audience is unclear; prior consent or comfort is unknown; whether consent was given; whether the relationship is close; whether the setting is professional or personal; whether the setting is actually informal is unknown; whether formal address is expected is unknown,,,"Country/cultural context: US. Norm domain: Informality. Scenario pattern: communication situation involving informality. Category: communication. Culture-specific norm statement: Formal language is polite but may create distance in casual peer interactions. Relevant latent variables: speaker, listener, directness, tone, face-saving, audience, relationship, consent, personal autonomy, privacy, relationship closeness, workplace informality, missing details, culture-specific expectation. Acceptable if: informality is normal in this specific setting or has been invited; the behavior respects or accommodates US expectations around individual autonomy, privacy, direct but respectful communication, and personal boundaries; the person has clearly consented; the topic is raised privately; the relationship is close enough for the information requested. Not acceptable if: the actor ignores expected titles, seniority, or formal role boundaries; the behavior conflicts with US expectations around individual autonomy, privacy, direct but respectful communication, and personal boundaries; private information is exposed publicly; the target has not consented; the setting is professional or with strangers. Context-dependent if: relationship closeness is unclear; the audience is unclear; prior consent or comfort is unknown; whether consent was given; whether the relationship is close; whether the setting is professional or personal; whether the setting is actually informal is unknown; whether formal address is expected is unknown."
NORM_SAC045,country_norm,SAC045,communication,US,emotional-expression,communication situation involving emotional expression,privacy,"Open emotional communication is often valued, but privacy is also respected.",,speaker; listener; directness; tone; face-saving; audience; relationship; consent; personal autonomy; privacy; relationship closeness; workplace informality; missing details; culture-specific expectation,"the behavior respects or accommodates US expectations around individual autonomy, privacy, direct but respectful communication, and personal boundaries; the person has clearly consented; the topic is raised privately; the relationship is close enough for the information requested","the behavior conflicts with US expectations around individual autonomy, privacy, direct but respectful communication, and personal boundaries; private information is exposed publicly; the target has not consented; the setting is professional or with strangers",relationship closeness is unclear; the audience is unclear; prior consent or comfort is unknown; whether consent was given; whether the relationship is close; whether the setting is professional or personal,,,"Country/cultural context: US. Norm domain: Emotional Expression. Scenario pattern: communication situation involving emotional expression. Category: communication. Culture-specific norm statement: Open emotional communication is often valued, but privacy is also respected. Relevant latent variables: speaker, listener, directness, tone, face-saving, audience, relationship, consent, personal autonomy, privacy, relationship closeness, workplace informality, missing details, culture-specific expectation. Acceptable if: the behavior respects or accommodates US expectations around individual autonomy, privacy, direct but respectful communication, and personal boundaries; the person has clearly consented; the topic is raised privately; the relationship is close enough for the information requested. Not acceptable if: the behavior conflicts with US expectations around individual autonomy, privacy, direct but respectful communication, and personal boundaries; private information is exposed publicly; the target has not consented; the setting is professional or with strangers. Context-dependent if: relationship closeness is unclear; the audience is unclear; prior consent or comfort is unknown; whether consent was given; whether the relationship is close; whether the setting is professional or personal."
NORM_SAC046,country_norm,SAC046,communication,Finland,reserved-communication,communication situation involving reserved communication,privacy,Concise communication and emotional privacy are often socially acceptable.,,speaker; listener; directness; tone; face-saving; audience; relationship; reservedness; privacy; silence; personal space; missing details; culture-specific expectation,"the behavior respects or accommodates Finland expectations around reserved communication, privacy, personal space, and low-pressure interaction; the person has clearly consented; the topic is raised privately; the relationship is close enough for the information requested","the behavior conflicts with Finland expectations around reserved communication, privacy, personal space, and low-pressure interaction; private information is exposed publicly; the target has not consented; the setting is professional or with strangers",relationship closeness is unclear; the audience is unclear; prior consent or comfort is unknown; whether silence means discomfort; whether directness is necessary; relationship closeness,,,"Country/cultural context: Finland. Norm domain: Reserved Communication. Scenario pattern: communication situation involving reserved communication. Category: communication. Culture-specific norm statement: Concise communication and emotional privacy are often socially acceptable. Relevant latent variables: speaker, listener, directness, tone, face-saving, audience, relationship, reservedness, privacy, silence, personal space, missing details, culture-specific expectation. Acceptable if: the behavior respects or accommodates Finland expectations around reserved communication, privacy, personal space, and low-pressure interaction; the person has clearly consented; the topic is raised privately; the relationship is close enough for the information requested. Not acceptable if: the behavior conflicts with Finland expectations around reserved communication, privacy, personal space, and low-pressure interaction; private information is exposed publicly; the target has not consented; the setting is professional or with strangers. Context-dependent if: relationship closeness is unclear; the audience is unclear; prior consent or comfort is unknown; whether silence means discomfort; whether directness is necessary; relationship closeness."
NORM_SAC047,country_norm,SAC047,social_etiquette,US urban,privacy,social etiquette situation involving privacy,privacy,"In many large cities, limited interaction with strangers is normal.",,guest/host; public setting; reciprocity; punctuality; attention; relationship closeness; personal space; stranger interaction; safety; missing details; culture-specific expectation,"the behavior respects or accommodates US urban expectations around privacy, personal space, and low obligation toward strangers in dense public settings; the person has clearly consented; the topic is raised privately; the relationship is close enough for the information requested","the action exposes or accesses personal information without consent; the behavior conflicts with US urban expectations around privacy, personal space, and low obligation toward strangers in dense public settings; private information is exposed publicly; the target has not consented; the setting is professional or with strangers",relationship closeness is unclear; the audience is unclear; prior consent or comfort is unknown; whether interaction was invited; whether the person appears unsafe or uncomfortable; whether consent was explicit or implied is unknown,,,"Country/cultural context: US urban. Norm domain: Privacy. Scenario pattern: social etiquette situation involving privacy. Category: social etiquette. Culture-specific norm statement: In many large cities, limited interaction with strangers is normal. Relevant latent variables: guest/host, public setting, reciprocity, punctuality, attention, relationship closeness, personal space, stranger interaction, safety, missing details, culture-specific expectation. Acceptable if: the behavior respects or accommodates US urban expectations around privacy, personal space, and low obligation toward strangers in dense public settings; the person has clearly consented; the topic is raised privately; the relationship is close enough for the information requested. Not acceptable if: the action exposes or accesses personal information without consent; the behavior conflicts with US urban expectations around privacy, personal space, and low obligation toward strangers in dense public settings; private information is exposed publicly; the target has not consented; the setting is professional or with strangers. Context-dependent if: relationship closeness is unclear; the audience is unclear; prior consent or comfort is unknown; whether interaction was invited; whether the person appears unsafe or uncomfortable; whether consent was explicit or implied is unknown."
NORM_SAC048,country_norm,SAC048,social_etiquette,Southern US,friendliness,social etiquette situation involving friendliness,privacy,"Greeting strangers can be expected in some communities, but not every setting requires it.",,guest/host; public setting; reciprocity; punctuality; attention; relationship closeness; tone; neighborliness; intrusiveness; missing details; culture-specific expectation,"the behavior respects or accommodates Southern US expectations around public friendliness, casual warmth, and politeness toward strangers; the person has clearly consented; the topic is raised privately; the relationship is close enough for the information requested","the behavior conflicts with Southern US expectations around public friendliness, casual warmth, and politeness toward strangers; private information is exposed publicly; the target has not consented; the setting is professional or with strangers",relationship closeness is unclear; the audience is unclear; prior consent or comfort is unknown; whether friendliness becomes intrusive; whether the other person reciprocates,,,"Country/cultural context: Southern US. Norm domain: Friendliness. Scenario pattern: social etiquette situation involving friendliness. Category: social etiquette. Culture-specific norm statement: Greeting strangers can be expected in some communities, but not every setting requires it. Relevant latent variables: guest/host, public setting, reciprocity, punctuality, attention, relationship closeness, tone, neighborliness, intrusiveness, missing details, culture-specific expectation. Acceptable if: the behavior respects or accommodates Southern US expectations around public friendliness, casual warmth, and politeness toward strangers; the person has clearly consented; the topic is raised privately; the relationship is close enough for the information requested. Not acceptable if: the behavior conflicts with Southern US expectations around public friendliness, casual warmth, and politeness toward strangers; private information is exposed publicly; the target has not consented; the setting is professional or with strangers. Context-dependent if: relationship closeness is unclear; the audience is unclear; prior consent or comfort is unknown; whether friendliness becomes intrusive; whether the other person reciprocates."
NORM_SAC049,country_norm,SAC049,social_etiquette,US,privacy,social etiquette situation involving privacy,privacy,"Age can be treated as personal information, especially for adults.",,guest/host; public setting; reciprocity; punctuality; attention; relationship closeness; consent; personal autonomy; privacy; workplace informality; missing details; culture-specific expectation,"the behavior respects or accommodates US expectations around individual autonomy, privacy, direct but respectful communication, and personal boundaries; the person has clearly consented; the topic is raised privately; the relationship is close enough for the information requested","the action exposes or accesses personal information without consent; the behavior conflicts with US expectations around individual autonomy, privacy, direct but respectful communication, and personal boundaries; private information is exposed publicly; the target has not consented; the setting is professional or with strangers",relationship closeness is unclear; the audience is unclear; prior consent or comfort is unknown; whether consent was given; whether the relationship is close; whether the setting is professional or personal; whether consent was explicit or implied is unknown,,,"Country/cultural context: US. Norm domain: Privacy. Scenario pattern: social etiquette situation involving privacy. Category: social etiquette. Culture-specific norm statement: Age can be treated as personal information, especially for adults. Relevant latent variables: guest/host, public setting, reciprocity, punctuality, attention, relationship closeness, consent, personal autonomy, privacy, workplace informality, missing details, culture-specific expectation. Acceptable if: the behavior respects or accommodates US expectations around individual autonomy, privacy, direct but respectful communication, and personal boundaries; the person has clearly consented; the topic is raised privately; the relationship is close enough for the information requested. Not acceptable if: the action exposes or accesses personal information without consent; the behavior conflicts with US expectations around individual autonomy, privacy, direct but respectful communication, and personal boundaries; private information is exposed publicly; the target has not consented; the setting is professional or with strangers. Context-dependent if: relationship closeness is unclear; the audience is unclear; prior consent or comfort is unknown; whether consent was given; whether the relationship is close; whether the setting is professional or personal; whether consent was explicit or implied is unknown."
NORM_SAC050,country_norm,SAC050,social_etiquette,China,social-role,social etiquette situation involving social role,privacy,"Age may help determine forms of address and seniority, but context and relationship matter.",,guest/host; public setting; reciprocity; punctuality; attention; relationship closeness; family duty; status hierarchy; face-saving; public image; missing details; culture-specific expectation,"the behavior respects or accommodates China expectations around family involvement, role obligations, hierarchy, reciprocity, and preserving face; the person has clearly consented; the topic is raised privately; the relationship is close enough for the information requested","the behavior conflicts with China expectations around family involvement, role obligations, hierarchy, reciprocity, and preserving face; private information is exposed publicly; the target has not consented; the setting is professional or with strangers",relationship closeness is unclear; the audience is unclear; prior consent or comfort is unknown; age and role of each person; whether the issue affects family reputation; whether disagreement is public,,,"Country/cultural context: China. Norm domain: Social Role. Scenario pattern: social etiquette situation involving social role. Category: social etiquette. Culture-specific norm statement: Age may help determine forms of address and seniority, but context and relationship matter. Relevant latent variables: guest/host, public setting, reciprocity, punctuality, attention, relationship closeness, family duty, status hierarchy, face-saving, public image, missing details, culture-specific expectation. Acceptable if: the behavior respects or accommodates China expectations around family involvement, role obligations, hierarchy, reciprocity, and preserving face; the person has clearly consented; the topic is raised privately; the relationship is close enough for the information requested. Not acceptable if: the behavior conflicts with China expectations around family involvement, role obligations, hierarchy, reciprocity, and preserving face; private information is exposed publicly; the target has not consented; the setting is professional or with strangers. Context-dependent if: relationship closeness is unclear; the audience is unclear; prior consent or comfort is unknown; age and role of each person; whether the issue affects family reputation; whether disagreement is public."
NORM_SAC051,country_norm,SAC051,social_etiquette,US,body-privacy,social etiquette situation involving body privacy,privacy,Unsolicited body comments are commonly viewed as hurtful or inappropriate.,,guest/host; public setting; reciprocity; punctuality; attention; relationship closeness; consent; personal autonomy; privacy; workplace informality; missing details; culture-specific expectation,"the behavior respects or accommodates US expectations around individual autonomy, privacy, direct but respectful communication, and personal boundaries; the person has clearly consented; the topic is raised privately; the relationship is close enough for the information requested","the action exposes or accesses personal information without consent; the behavior conflicts with US expectations around individual autonomy, privacy, direct but respectful communication, and personal boundaries; private information is exposed publicly; the target has not consented; the setting is professional or with strangers",relationship closeness is unclear; the audience is unclear; prior consent or comfort is unknown; whether consent was given; whether the relationship is close; whether the setting is professional or personal; whether consent was explicit or implied is unknown,,,"Country/cultural context: US. Norm domain: Body Privacy. Scenario pattern: social etiquette situation involving body privacy. Category: social etiquette. Culture-specific norm statement: Unsolicited body comments are commonly viewed as hurtful or inappropriate. Relevant latent variables: guest/host, public setting, reciprocity, punctuality, attention, relationship closeness, consent, personal autonomy, privacy, workplace informality, missing details, culture-specific expectation. Acceptable if: the behavior respects or accommodates US expectations around individual autonomy, privacy, direct but respectful communication, and personal boundaries; the person has clearly consented; the topic is raised privately; the relationship is close enough for the information requested. Not acceptable if: the action exposes or accesses personal information without consent; the behavior conflicts with US expectations around individual autonomy, privacy, direct but respectful communication, and personal boundaries; private information is exposed publicly; the target has not consented; the setting is professional or with strangers. Context-dependent if: relationship closeness is unclear; the audience is unclear; prior consent or comfort is unknown; whether consent was given; whether the relationship is close; whether the setting is professional or personal; whether consent was explicit or implied is unknown."
NORM_SAC052,country_norm,SAC052,social_etiquette,China,casual-observation,social etiquette situation involving casual observation,privacy,"Such comments may be intended as casual concern, but they can still be hurtful.",,guest/host; public setting; reciprocity; punctuality; attention; relationship closeness; family duty; status hierarchy; face-saving; public image; missing details; culture-specific expectation,"the behavior respects or accommodates China expectations around family involvement, role obligations, hierarchy, reciprocity, and preserving face; the person has clearly consented; the topic is raised privately; the relationship is close enough for the information requested","the behavior conflicts with China expectations around family involvement, role obligations, hierarchy, reciprocity, and preserving face; private information is exposed publicly; the target has not consented; the setting is professional or with strangers",relationship closeness is unclear; the audience is unclear; prior consent or comfort is unknown; age and role of each person; whether the issue affects family reputation; whether disagreement is public,,,"Country/cultural context: China. Norm domain: Casual Observation. Scenario pattern: social etiquette situation involving casual observation. Category: social etiquette. Culture-specific norm statement: Such comments may be intended as casual concern, but they can still be hurtful. Relevant latent variables: guest/host, public setting, reciprocity, punctuality, attention, relationship closeness, family duty, status hierarchy, face-saving, public image, missing details, culture-specific expectation. Acceptable if: the behavior respects or accommodates China expectations around family involvement, role obligations, hierarchy, reciprocity, and preserving face; the person has clearly consented; the topic is raised privately; the relationship is close enough for the information requested. Not acceptable if: the behavior conflicts with China expectations around family involvement, role obligations, hierarchy, reciprocity, and preserving face; private information is exposed publicly; the target has not consented; the setting is professional or with strangers. Context-dependent if: relationship closeness is unclear; the audience is unclear; prior consent or comfort is unknown; age and role of each person; whether the issue affects family reputation; whether disagreement is public."
NORM_SAC053,country_norm,SAC053,social_etiquette,Germany,fairness-and-precision,social etiquette situation involving fairness and precision,privacy,Exact bill splitting is commonly seen as fair and practical.,,guest/host; public setting; reciprocity; punctuality; attention; relationship closeness; rules; directness; privacy; prior agreement; missing details; culture-specific expectation,"the behavior respects or accommodates Germany expectations around directness, punctuality, rule consistency, privacy, and clear agreements; the person has clearly consented; the topic is raised privately; the relationship is close enough for the information requested","the behavior conflicts with Germany expectations around directness, punctuality, rule consistency, privacy, and clear agreements; private information is exposed publicly; the target has not consented; the setting is professional or with strangers",relationship closeness is unclear; the audience is unclear; prior consent or comfort is unknown; whether there is an explicit rule; whether directness is constructive; whether expectations were agreed,,,"Country/cultural context: Germany. Norm domain: Fairness And Precision. Scenario pattern: social etiquette situation involving fairness and precision. Category: social etiquette. Culture-specific norm statement: Exact bill splitting is commonly seen as fair and practical. Relevant latent variables: guest/host, public setting, reciprocity, punctuality, attention, relationship closeness, rules, directness, privacy, prior agreement, missing details, culture-specific expectation. Acceptable if: the behavior respects or accommodates Germany expectations around directness, punctuality, rule consistency, privacy, and clear agreements; the person has clearly consented; the topic is raised privately; the relationship is close enough for the information requested. Not acceptable if: the behavior conflicts with Germany expectations around directness, punctuality, rule consistency, privacy, and clear agreements; private information is exposed publicly; the target has not consented; the setting is professional or with strangers. Context-dependent if: relationship closeness is unclear; the audience is unclear; prior consent or comfort is unknown; whether there is an explicit rule; whether directness is constructive; whether expectations were agreed."
NORM_SAC054,country_norm,SAC054,social_etiquette,China,host-generosity,social etiquette situation involving host generosity,privacy,"The host may be expected to pay, but splitting can be acceptable among peers or younger groups.",,guest/host; public setting; reciprocity; punctuality; attention; relationship closeness; family duty; status hierarchy; face-saving; public image; missing details; culture-specific expectation,"the behavior respects or accommodates China expectations around family involvement, role obligations, hierarchy, reciprocity, and preserving face; the person has clearly consented; the topic is raised privately; the relationship is close enough for the information requested","the behavior conflicts with China expectations around family involvement, role obligations, hierarchy, reciprocity, and preserving face; private information is exposed publicly; the target has not consented; the setting is professional or with strangers",relationship closeness is unclear; the audience is unclear; prior consent or comfort is unknown; age and role of each person; whether the issue affects family reputation; whether disagreement is public,,,"Country/cultural context: China. Norm domain: Host Generosity. Scenario pattern: social etiquette situation involving host generosity. Category: social etiquette. Culture-specific norm statement: The host may be expected to pay, but splitting can be acceptable among peers or younger groups. Relevant latent variables: guest/host, public setting, reciprocity, punctuality, attention, relationship closeness, family duty, status hierarchy, face-saving, public image, missing details, culture-specific expectation. Acceptable if: the behavior respects or accommodates China expectations around family involvement, role obligations, hierarchy, reciprocity, and preserving face; the person has clearly consented; the topic is raised privately; the relationship is close enough for the information requested. Not acceptable if: the behavior conflicts with China expectations around family involvement, role obligations, hierarchy, reciprocity, and preserving face; private information is exposed publicly; the target has not consented; the setting is professional or with strangers. Context-dependent if: relationship closeness is unclear; the audience is unclear; prior consent or comfort is unknown; age and role of each person; whether the issue affects family reputation; whether disagreement is public."
NORM_SAC055,country_norm,SAC055,social_etiquette,Germany,punctuality,arriving late or missing agreed timing,punctuality,Punctuality is strongly valued and lateness may be seen as disrespectful.,,guest/host; public setting; reciprocity; punctuality; attention; relationship closeness; rules; directness; privacy; prior agreement; missing details; culture-specific expectation,"the behavior respects or accommodates Germany expectations around directness, punctuality, rule consistency, privacy, and clear agreements; lateness is minor, communicated, or culturally tolerated; the event is casual and flexible","the behavior conflicts with Germany expectations around directness, punctuality, rule consistency, privacy, and clear agreements; time was explicitly agreed; others are kept waiting in a formal context; reliability is central to the relationship",the event formality is unclear; the delay length is unknown; whether notice was given is unknown; whether there is an explicit rule; whether directness is constructive; whether expectations were agreed,,,"Country/cultural context: Germany. Norm domain: Punctuality. Scenario pattern: arriving late or missing agreed timing. Category: social etiquette. Culture-specific norm statement: Punctuality is strongly valued and lateness may be seen as disrespectful. Relevant latent variables: guest/host, public setting, reciprocity, punctuality, attention, relationship closeness, rules, directness, privacy, prior agreement, missing details, culture-specific expectation. Acceptable if: the behavior respects or accommodates Germany expectations around directness, punctuality, rule consistency, privacy, and clear agreements; lateness is minor, communicated, or culturally tolerated; the event is casual and flexible. Not acceptable if: the behavior conflicts with Germany expectations around directness, punctuality, rule consistency, privacy, and clear agreements; time was explicitly agreed; others are kept waiting in a formal context; reliability is central to the relationship. Context-dependent if: the event formality is unclear; the delay length is unknown; whether notice was given is unknown; whether there is an explicit rule; whether directness is constructive; whether expectations were agreed."
NORM_SAC056,country_norm,SAC056,social_etiquette,Brazil,flexible-time,arriving late or missing agreed timing,punctuality,"Some social settings have flexible timing, but lateness is not universally acceptable.",,guest/host; public setting; reciprocity; punctuality; attention; relationship closeness; trust; warmth; emotional expression; flexibility; missing details; culture-specific expectation,"the behavior respects or accommodates Brazil expectations around relational warmth, trust, expressiveness, flexible time, and closeness; lateness is minor, communicated, or culturally tolerated; the event is casual and flexible","the behavior conflicts with Brazil expectations around relational warmth, trust, expressiveness, flexible time, and closeness; time was explicitly agreed; others are kept waiting in a formal context; reliability is central to the relationship",the event formality is unclear; the delay length is unknown; whether notice was given is unknown; whether closeness has been established; whether expressiveness becomes disrespectful; whether timing was agreed,,,"Country/cultural context: Brazil. Norm domain: Flexible Time. Scenario pattern: arriving late or missing agreed timing. Category: social etiquette. Culture-specific norm statement: Some social settings have flexible timing, but lateness is not universally acceptable. Relevant latent variables: guest/host, public setting, reciprocity, punctuality, attention, relationship closeness, trust, warmth, emotional expression, flexibility, missing details, culture-specific expectation. Acceptable if: the behavior respects or accommodates Brazil expectations around relational warmth, trust, expressiveness, flexible time, and closeness; lateness is minor, communicated, or culturally tolerated; the event is casual and flexible. Not acceptable if: the behavior conflicts with Brazil expectations around relational warmth, trust, expressiveness, flexible time, and closeness; time was explicitly agreed; others are kept waiting in a formal context; reliability is central to the relationship. Context-dependent if: the event formality is unclear; the delay length is unknown; whether notice was given is unknown; whether closeness has been established; whether expressiveness becomes disrespectful; whether timing was agreed."
NORM_SAC057,country_norm,SAC057,social_etiquette,US,attention,social etiquette situation involving attention,privacy,Giving attention during conversation signals respect.,,guest/host; public setting; reciprocity; punctuality; attention; relationship closeness; consent; personal autonomy; privacy; workplace informality; missing details; culture-specific expectation,"the behavior respects or accommodates US expectations around individual autonomy, privacy, direct but respectful communication, and personal boundaries; the person has clearly consented; the topic is raised privately; the relationship is close enough for the information requested","the behavior conflicts with US expectations around individual autonomy, privacy, direct but respectful communication, and personal boundaries; private information is exposed publicly; the target has not consented; the setting is professional or with strangers",relationship closeness is unclear; the audience is unclear; prior consent or comfort is unknown; whether consent was given; whether the relationship is close; whether the setting is professional or personal,,,"Country/cultural context: US. Norm domain: Attention. Scenario pattern: social etiquette situation involving attention. Category: social etiquette. Culture-specific norm statement: Giving attention during conversation signals respect. Relevant latent variables: guest/host, public setting, reciprocity, punctuality, attention, relationship closeness, consent, personal autonomy, privacy, workplace informality, missing details, culture-specific expectation. Acceptable if: the behavior respects or accommodates US expectations around individual autonomy, privacy, direct but respectful communication, and personal boundaries; the person has clearly consented; the topic is raised privately; the relationship is close enough for the information requested. Not acceptable if: the behavior conflicts with US expectations around individual autonomy, privacy, direct but respectful communication, and personal boundaries; private information is exposed publicly; the target has not consented; the setting is professional or with strangers. Context-dependent if: relationship closeness is unclear; the audience is unclear; prior consent or comfort is unknown; whether consent was given; whether the relationship is close; whether the setting is professional or personal."
NORM_SAC058,country_norm,SAC058,social_etiquette,China,mobile-social,social etiquette situation involving mobile social,privacy,"Phone use is common in many settings, but acceptability depends on relationship, age, and context.",,guest/host; public setting; reciprocity; punctuality; attention; relationship closeness; family duty; status hierarchy; face-saving; public image; missing details; culture-specific expectation,"the behavior respects or accommodates China expectations around family involvement, role obligations, hierarchy, reciprocity, and preserving face; the person has clearly consented; the topic is raised privately; the relationship is close enough for the information requested","the behavior conflicts with China expectations around family involvement, role obligations, hierarchy, reciprocity, and preserving face; private information is exposed publicly; the target has not consented; the setting is professional or with strangers",relationship closeness is unclear; the audience is unclear; prior consent or comfort is unknown; age and role of each person; whether the issue affects family reputation; whether disagreement is public,,,"Country/cultural context: China. Norm domain: Mobile Social. Scenario pattern: social etiquette situation involving mobile social. Category: social etiquette. Culture-specific norm statement: Phone use is common in many settings, but acceptability depends on relationship, age, and context. Relevant latent variables: guest/host, public setting, reciprocity, punctuality, attention, relationship closeness, family duty, status hierarchy, face-saving, public image, missing details, culture-specific expectation. Acceptable if: the behavior respects or accommodates China expectations around family involvement, role obligations, hierarchy, reciprocity, and preserving face; the person has clearly consented; the topic is raised privately; the relationship is close enough for the information requested. Not acceptable if: the behavior conflicts with China expectations around family involvement, role obligations, hierarchy, reciprocity, and preserving face; private information is exposed publicly; the target has not consented; the setting is professional or with strangers. Context-dependent if: relationship closeness is unclear; the audience is unclear; prior consent or comfort is unknown; age and role of each person; whether the issue affects family reputation; whether disagreement is public."
NORM_SAC059,country_norm,SAC059,social_etiquette,US,reciprocity-boundary,social etiquette situation involving reciprocity boundary,reciprocity,Expensive gifts may feel generous or uncomfortable depending on relationship closeness.,,guest/host; public setting; reciprocity; punctuality; attention; relationship closeness; consent; personal autonomy; privacy; workplace informality; missing details; culture-specific expectation,"the actor sets a boundary without insulting or abandoning the other person; the behavior respects or accommodates US expectations around individual autonomy, privacy, direct but respectful communication, and personal boundaries; resources are limited or expectations were not established; the actor communicates constraints; the exchange is voluntary","the behavior conflicts with US expectations around individual autonomy, privacy, direct but respectful communication, and personal boundaries; the actor exploits generosity; the actor ignores a clear obligation; the relationship depends on mutual support",prior favors are unknown; resources are unknown; relationship closeness is unclear; whether consent was given; whether the relationship is close; whether the setting is professional or personal; whether the boundary was communicated respectfully is unknown,,,"Country/cultural context: US. Norm domain: Reciprocity Boundary. Scenario pattern: social etiquette situation involving reciprocity boundary. Category: social etiquette. Culture-specific norm statement: Expensive gifts may feel generous or uncomfortable depending on relationship closeness. Relevant latent variables: guest/host, public setting, reciprocity, punctuality, attention, relationship closeness, consent, personal autonomy, privacy, workplace informality, missing details, culture-specific expectation. Acceptable if: the actor sets a boundary without insulting or abandoning the other person; the behavior respects or accommodates US expectations around individual autonomy, privacy, direct but respectful communication, and personal boundaries; resources are limited or expectations were not established; the actor communicates constraints; the exchange is voluntary. Not acceptable if: the behavior conflicts with US expectations around individual autonomy, privacy, direct but respectful communication, and personal boundaries; the actor exploits generosity; the actor ignores a clear obligation; the relationship depends on mutual support. Context-dependent if: prior favors are unknown; resources are unknown; relationship closeness is unclear; whether consent was given; whether the relationship is close; whether the setting is professional or personal; whether the boundary was communicated respectfully is unknown."
NORM_SAC060,country_norm,SAC060,social_etiquette,Germany,modesty,social etiquette situation involving modesty,privacy,Very expensive gifts may be seen as excessive or creating unwanted obligation.,,guest/host; public setting; reciprocity; punctuality; attention; relationship closeness; rules; directness; privacy; prior agreement; missing details; culture-specific expectation,"the behavior respects or accommodates Germany expectations around directness, punctuality, rule consistency, privacy, and clear agreements; the person has clearly consented; the topic is raised privately; the relationship is close enough for the information requested","the behavior conflicts with Germany expectations around directness, punctuality, rule consistency, privacy, and clear agreements; private information is exposed publicly; the target has not consented; the setting is professional or with strangers",relationship closeness is unclear; the audience is unclear; prior consent or comfort is unknown; whether there is an explicit rule; whether directness is constructive; whether expectations were agreed,,,"Country/cultural context: Germany. Norm domain: Modesty. Scenario pattern: social etiquette situation involving modesty. Category: social etiquette. Culture-specific norm statement: Very expensive gifts may be seen as excessive or creating unwanted obligation. Relevant latent variables: guest/host, public setting, reciprocity, punctuality, attention, relationship closeness, rules, directness, privacy, prior agreement, missing details, culture-specific expectation. Acceptable if: the behavior respects or accommodates Germany expectations around directness, punctuality, rule consistency, privacy, and clear agreements; the person has clearly consented; the topic is raised privately; the relationship is close enough for the information requested. Not acceptable if: the behavior conflicts with Germany expectations around directness, punctuality, rule consistency, privacy, and clear agreements; private information is exposed publicly; the target has not consented; the setting is professional or with strangers. Context-dependent if: relationship closeness is unclear; the audience is unclear; prior consent or comfort is unknown; whether there is an explicit rule; whether directness is constructive; whether expectations were agreed."
NORM_SAC061,country_norm,SAC061,privacy,US,privacy,privacy situation involving privacy,privacy,People are generally allowed to keep personal plans private.,,actor; target; personal information; consent; visibility; relationship closeness; personal autonomy; privacy; workplace informality; missing details; culture-specific expectation,"the behavior respects or accommodates US expectations around individual autonomy, privacy, direct but respectful communication, and personal boundaries; the person has clearly consented; the topic is raised privately; the relationship is close enough for the information requested","the action exposes or accesses personal information without consent; the behavior conflicts with US expectations around individual autonomy, privacy, direct but respectful communication, and personal boundaries; private information is exposed publicly; the target has not consented; the setting is professional or with strangers",relationship closeness is unclear; the audience is unclear; prior consent or comfort is unknown; whether consent was given; whether the relationship is close; whether the setting is professional or personal; whether consent was explicit or implied is unknown,,,"Country/cultural context: US. Norm domain: Privacy. Scenario pattern: privacy situation involving privacy. Category: privacy. Culture-specific norm statement: People are generally allowed to keep personal plans private. Relevant latent variables: actor, target, personal information, consent, visibility, relationship closeness, personal autonomy, privacy, workplace informality, missing details, culture-specific expectation. Acceptable if: the behavior respects or accommodates US expectations around individual autonomy, privacy, direct but respectful communication, and personal boundaries; the person has clearly consented; the topic is raised privately; the relationship is close enough for the information requested. Not acceptable if: the action exposes or accesses personal information without consent; the behavior conflicts with US expectations around individual autonomy, privacy, direct but respectful communication, and personal boundaries; private information is exposed publicly; the target has not consented; the setting is professional or with strangers. Context-dependent if: relationship closeness is unclear; the audience is unclear; prior consent or comfort is unknown; whether consent was given; whether the relationship is close; whether the setting is professional or personal; whether consent was explicit or implied is unknown."
NORM_SAC062,country_norm,SAC062,privacy,Brazil,relational-closeness,privacy situation involving relational closeness,privacy,"Close friends may expect sharing, but privacy remains acceptable depending on relationship.",,actor; target; personal information; consent; visibility; relationship closeness; trust; warmth; emotional expression; flexibility; missing details; culture-specific expectation,"the behavior respects or accommodates Brazil expectations around relational warmth, trust, expressiveness, flexible time, and closeness; the person has clearly consented; the topic is raised privately; the relationship is close enough for the information requested","the behavior conflicts with Brazil expectations around relational warmth, trust, expressiveness, flexible time, and closeness; private information is exposed publicly; the target has not consented; the setting is professional or with strangers",relationship closeness is unclear; the audience is unclear; prior consent or comfort is unknown; whether closeness has been established; whether expressiveness becomes disrespectful; whether timing was agreed,,,"Country/cultural context: Brazil. Norm domain: Relational Closeness. Scenario pattern: privacy situation involving relational closeness. Category: privacy. Culture-specific norm statement: Close friends may expect sharing, but privacy remains acceptable depending on relationship. Relevant latent variables: actor, target, personal information, consent, visibility, relationship closeness, trust, warmth, emotional expression, flexibility, missing details, culture-specific expectation. Acceptable if: the behavior respects or accommodates Brazil expectations around relational warmth, trust, expressiveness, flexible time, and closeness; the person has clearly consented; the topic is raised privately; the relationship is close enough for the information requested. Not acceptable if: the behavior conflicts with Brazil expectations around relational warmth, trust, expressiveness, flexible time, and closeness; private information is exposed publicly; the target has not consented; the setting is professional or with strangers. Context-dependent if: relationship closeness is unclear; the audience is unclear; prior consent or comfort is unknown; whether closeness has been established; whether expressiveness becomes disrespectful; whether timing was agreed."
NORM_SAC063,country_norm,SAC063,privacy,US,autonomy,privacy situation involving autonomy,privacy,Adults commonly make travel decisions independently unless others are affected.,,actor; target; personal information; consent; visibility; relationship closeness; personal autonomy; privacy; workplace informality; missing details; culture-specific expectation,"the actor sets a boundary without insulting or abandoning the other person; the behavior respects or accommodates US expectations around individual autonomy, privacy, direct but respectful communication, and personal boundaries; the person has clearly consented; the topic is raised privately; the relationship is close enough for the information requested","the behavior conflicts with US expectations around individual autonomy, privacy, direct but respectful communication, and personal boundaries; private information is exposed publicly; the target has not consented; the setting is professional or with strangers",relationship closeness is unclear; the audience is unclear; prior consent or comfort is unknown; whether consent was given; whether the relationship is close; whether the setting is professional or personal; whether the boundary was communicated respectfully is unknown,,,"Country/cultural context: US. Norm domain: Autonomy. Scenario pattern: privacy situation involving autonomy. Category: privacy. Culture-specific norm statement: Adults commonly make travel decisions independently unless others are affected. Relevant latent variables: actor, target, personal information, consent, visibility, relationship closeness, personal autonomy, privacy, workplace informality, missing details, culture-specific expectation. Acceptable if: the actor sets a boundary without insulting or abandoning the other person; the behavior respects or accommodates US expectations around individual autonomy, privacy, direct but respectful communication, and personal boundaries; the person has clearly consented; the topic is raised privately; the relationship is close enough for the information requested. Not acceptable if: the behavior conflicts with US expectations around individual autonomy, privacy, direct but respectful communication, and personal boundaries; private information is exposed publicly; the target has not consented; the setting is professional or with strangers. Context-dependent if: relationship closeness is unclear; the audience is unclear; prior consent or comfort is unknown; whether consent was given; whether the relationship is close; whether the setting is professional or personal; whether the boundary was communicated respectfully is unknown."
NORM_SAC064,country_norm,SAC064,privacy,China,family-awareness,privacy situation involving family awareness,family,"Family may expect to know travel plans for safety and connection, but expectations vary.",,actor; target; personal information; consent; visibility; relationship closeness; family duty; status hierarchy; face-saving; reciprocity; public image; missing details; culture-specific expectation,"the behavior respects or accommodates China expectations around family involvement, role obligations, hierarchy, reciprocity, and preserving face; the actor is an adult making a personal decision; boundaries are communicated respectfully; family expectations are acknowledged","the behavior conflicts with China expectations around family involvement, role obligations, hierarchy, reciprocity, and preserving face; the action publicly disrespects elders or close family; the decision imposes serious costs on family without explanation",age/dependence is unknown; family closeness is unknown; the importance of the decision is unclear; age and role of each person; whether the issue affects family reputation; whether disagreement is public,,,"Country/cultural context: China. Norm domain: Family Awareness. Scenario pattern: privacy situation involving family awareness. Category: privacy. Culture-specific norm statement: Family may expect to know travel plans for safety and connection, but expectations vary. Relevant latent variables: actor, target, personal information, consent, visibility, relationship closeness, family duty, status hierarchy, face-saving, reciprocity, public image, missing details, culture-specific expectation. Acceptable if: the behavior respects or accommodates China expectations around family involvement, role obligations, hierarchy, reciprocity, and preserving face; the actor is an adult making a personal decision; boundaries are communicated respectfully; family expectations are acknowledged. Not acceptable if: the behavior conflicts with China expectations around family involvement, role obligations, hierarchy, reciprocity, and preserving face; the action publicly disrespects elders or close family; the decision imposes serious costs on family without explanation. Context-dependent if: age/dependence is unknown; family closeness is unknown; the importance of the decision is unclear; age and role of each person; whether the issue affects family reputation; whether disagreement is public."
NORM_SAC065,country_norm,SAC065,privacy,US,digital-privacy,checking a partner's phone without clear consent,privacy,Maintaining personal digital privacy is widely considered reasonable.,,actor; target; personal information; consent; visibility; relationship closeness; personal autonomy; privacy; workplace informality; missing details; culture-specific expectation,"the behavior respects or accommodates US expectations around individual autonomy, privacy, direct but respectful communication, and personal boundaries; the person has clearly consented; the topic is raised privately; the relationship is close enough for the information requested","the action exposes or accesses personal information without consent; the behavior conflicts with US expectations around individual autonomy, privacy, direct but respectful communication, and personal boundaries; private information is exposed publicly; the target has not consented; the setting is professional or with strangers",relationship closeness is unclear; the audience is unclear; prior consent or comfort is unknown; whether consent was given; whether the relationship is close; whether the setting is professional or personal; whether consent was explicit or implied is unknown,,,"Country/cultural context: US. Norm domain: Digital Privacy. Scenario pattern: checking a partner's phone without clear consent. Category: privacy. Culture-specific norm statement: Maintaining personal digital privacy is widely considered reasonable. Relevant latent variables: actor, target, personal information, consent, visibility, relationship closeness, personal autonomy, privacy, workplace informality, missing details, culture-specific expectation. Acceptable if: the behavior respects or accommodates US expectations around individual autonomy, privacy, direct but respectful communication, and personal boundaries; the person has clearly consented; the topic is raised privately; the relationship is close enough for the information requested. Not acceptable if: the action exposes or accesses personal information without consent; the behavior conflicts with US expectations around individual autonomy, privacy, direct but respectful communication, and personal boundaries; private information is exposed publicly; the target has not consented; the setting is professional or with strangers. Context-dependent if: relationship closeness is unclear; the audience is unclear; prior consent or comfort is unknown; whether consent was given; whether the relationship is close; whether the setting is professional or personal; whether consent was explicit or implied is unknown."
NORM_SAC066,country_norm,SAC066,privacy,Mexico,relationship-closeness,checking a partner's phone without clear consent,privacy,"Some partners may view sharing as trust, but privacy boundaries are still legitimate.",,actor; target; personal information; consent; visibility; relationship closeness; closeness; trust; family/social ties; privacy; warmth; missing details; culture-specific expectation,"the behavior respects or accommodates Mexico expectations around relationship closeness, family/social warmth, and respect for personal trust; the person has clearly consented; the topic is raised privately; the relationship is close enough for the information requested","the behavior conflicts with Mexico expectations around relationship closeness, family/social warmth, and respect for personal trust; private information is exposed publicly; the target has not consented; the setting is professional or with strangers",relationship closeness is unclear; the audience is unclear; prior consent or comfort is unknown; whether closeness justifies asking; whether the topic is private; whether consent is implied,,,"Country/cultural context: Mexico. Norm domain: Relationship Closeness. Scenario pattern: checking a partner's phone without clear consent. Category: privacy. Culture-specific norm statement: Some partners may view sharing as trust, but privacy boundaries are still legitimate. Relevant latent variables: actor, target, personal information, consent, visibility, relationship closeness, closeness, trust, family/social ties, privacy, warmth, missing details, culture-specific expectation. Acceptable if: the behavior respects or accommodates Mexico expectations around relationship closeness, family/social warmth, and respect for personal trust; the person has clearly consented; the topic is raised privately; the relationship is close enough for the information requested. Not acceptable if: the behavior conflicts with Mexico expectations around relationship closeness, family/social warmth, and respect for personal trust; private information is exposed publicly; the target has not consented; the setting is professional or with strangers. Context-dependent if: relationship closeness is unclear; the audience is unclear; prior consent or comfort is unknown; whether closeness justifies asking; whether the topic is private; whether consent is implied."
NORM_SAC067,country_norm,SAC067,privacy,US,consent,privacy situation involving privacy or consent,privacy,Posting someone’s image usually requires respect for consent and privacy.,,actor; target; personal information; consent; visibility; relationship closeness; personal autonomy; privacy; workplace informality; missing details; culture-specific expectation,"the behavior respects or accommodates US expectations around individual autonomy, privacy, direct but respectful communication, and personal boundaries; the person has clearly consented; the topic is raised privately; the relationship is close enough for the information requested","the action exposes or accesses personal information without consent; the behavior conflicts with US expectations around individual autonomy, privacy, direct but respectful communication, and personal boundaries; private information is exposed publicly; the target has not consented; the setting is professional or with strangers",relationship closeness is unclear; the audience is unclear; prior consent or comfort is unknown; whether consent was given; whether the relationship is close; whether the setting is professional or personal; whether consent was explicit or implied is unknown,,,"Country/cultural context: US. Norm domain: Consent. Scenario pattern: privacy situation involving privacy or consent. Category: privacy. Culture-specific norm statement: Posting someone’s image usually requires respect for consent and privacy. Relevant latent variables: actor, target, personal information, consent, visibility, relationship closeness, personal autonomy, privacy, workplace informality, missing details, culture-specific expectation. Acceptable if: the behavior respects or accommodates US expectations around individual autonomy, privacy, direct but respectful communication, and personal boundaries; the person has clearly consented; the topic is raised privately; the relationship is close enough for the information requested. Not acceptable if: the action exposes or accesses personal information without consent; the behavior conflicts with US expectations around individual autonomy, privacy, direct but respectful communication, and personal boundaries; private information is exposed publicly; the target has not consented; the setting is professional or with strangers. Context-dependent if: relationship closeness is unclear; the audience is unclear; prior consent or comfort is unknown; whether consent was given; whether the relationship is close; whether the setting is professional or personal; whether consent was explicit or implied is unknown."
NORM_SAC068,country_norm,SAC068,privacy,South Korea,image-conscious,privacy situation involving image conscious,privacy,"Managing one’s public image is socially important, so photo consent is meaningful.",,actor; target; personal information; consent; visibility; relationship closeness; public image; privacy; social evaluation; missing details; culture-specific expectation,"the behavior respects or accommodates South Korea expectations around image management, privacy, politeness, and sensitivity to social evaluation; the person has clearly consented; the topic is raised privately; the relationship is close enough for the information requested","the behavior conflicts with South Korea expectations around image management, privacy, politeness, and sensitivity to social evaluation; private information is exposed publicly; the target has not consented; the setting is professional or with strangers",relationship closeness is unclear; the audience is unclear; prior consent or comfort is unknown; whether consent was given; whether the action affects public image; how visible the behavior is,,,"Country/cultural context: South Korea. Norm domain: Image Conscious. Scenario pattern: privacy situation involving image conscious. Category: privacy. Culture-specific norm statement: Managing one’s public image is socially important, so photo consent is meaningful. Relevant latent variables: actor, target, personal information, consent, visibility, relationship closeness, public image, privacy, social evaluation, missing details, culture-specific expectation. Acceptable if: the behavior respects or accommodates South Korea expectations around image management, privacy, politeness, and sensitivity to social evaluation; the person has clearly consented; the topic is raised privately; the relationship is close enough for the information requested. Not acceptable if: the behavior conflicts with South Korea expectations around image management, privacy, politeness, and sensitivity to social evaluation; private information is exposed publicly; the target has not consented; the setting is professional or with strangers. Context-dependent if: relationship closeness is unclear; the audience is unclear; prior consent or comfort is unknown; whether consent was given; whether the action affects public image; how visible the behavior is."
NORM_SAC069,country_norm,SAC069,morality_fairness,US,commitment,morality fairness situation involving commitment,commitment,Not following through on commitments is generally unfair to teammates.,,actor; affected party; fairness; honesty; rule expectation; harm; consent; personal autonomy; privacy; relationship closeness; workplace informality; missing details; culture-specific expectation,"the behavior respects or accommodates US expectations around individual autonomy, privacy, direct but respectful communication, and personal boundaries; there is a serious reason; the actor gives notice and tries to repair the impact; the commitment was tentative","the behavior conflicts with US expectations around individual autonomy, privacy, direct but respectful communication, and personal boundaries; the actor breaks a clear promise casually; others relied on the commitment; the actor repeats the behavior",the reason is unknown; the strength of the commitment is unclear; the impact on others is unknown; whether consent was given; whether the relationship is close; whether the setting is professional or personal,,,"Country/cultural context: US. Norm domain: Commitment. Scenario pattern: morality fairness situation involving commitment. Category: morality fairness. Culture-specific norm statement: Not following through on commitments is generally unfair to teammates. Relevant latent variables: actor, affected party, fairness, honesty, rule expectation, harm, consent, personal autonomy, privacy, relationship closeness, workplace informality, missing details, culture-specific expectation. Acceptable if: the behavior respects or accommodates US expectations around individual autonomy, privacy, direct but respectful communication, and personal boundaries; there is a serious reason; the actor gives notice and tries to repair the impact; the commitment was tentative. Not acceptable if: the behavior conflicts with US expectations around individual autonomy, privacy, direct but respectful communication, and personal boundaries; the actor breaks a clear promise casually; others relied on the commitment; the actor repeats the behavior. Context-dependent if: the reason is unknown; the strength of the commitment is unclear; the impact on others is unknown; whether consent was given; whether the relationship is close; whether the setting is professional or personal."
NORM_SAC070,country_norm,SAC070,morality_fairness,Japan,group-responsibility,morality fairness situation involving group responsibility,privacy,Group obligation and reliability are strongly valued.,,actor; affected party; fairness; honesty; rule expectation; harm; seniority; role; honorifics; public/private setting; group harmony; missing details; culture-specific expectation,"the behavior respects or accommodates Japan expectations around hierarchy, role formality, group harmony, indirectness, and reliability; the person has clearly consented; the topic is raised privately; the relationship is close enough for the information requested","the behavior conflicts with Japan expectations around hierarchy, role formality, group harmony, indirectness, and reliability; private information is exposed publicly; the target has not consented; the setting is professional or with strangers",relationship closeness is unclear; the audience is unclear; prior consent or comfort is unknown; whether informality was explicitly invited; how public the action is; whether it burdens the group,,,"Country/cultural context: Japan. Norm domain: Group Responsibility. Scenario pattern: morality fairness situation involving group responsibility. Category: morality fairness. Culture-specific norm statement: Group obligation and reliability are strongly valued. Relevant latent variables: actor, affected party, fairness, honesty, rule expectation, harm, seniority, role, honorifics, public/private setting, group harmony, missing details, culture-specific expectation. Acceptable if: the behavior respects or accommodates Japan expectations around hierarchy, role formality, group harmony, indirectness, and reliability; the person has clearly consented; the topic is raised privately; the relationship is close enough for the information requested. Not acceptable if: the behavior conflicts with Japan expectations around hierarchy, role formality, group harmony, indirectness, and reliability; private information is exposed publicly; the target has not consented; the setting is professional or with strangers. Context-dependent if: relationship closeness is unclear; the audience is unclear; prior consent or comfort is unknown; whether informality was explicitly invited; how public the action is; whether it burdens the group."
NORM_SAC071,country_norm,SAC071,morality_fairness,US,contract,morality fairness situation involving contract,privacy,"Keeping agreements is valued, but refunds may depend on fairness, product condition, and prior terms.",,actor; affected party; fairness; honesty; rule expectation; harm; consent; personal autonomy; privacy; relationship closeness; workplace informality; missing details; culture-specific expectation,"the behavior respects or accommodates US expectations around individual autonomy, privacy, direct but respectful communication, and personal boundaries; the person has clearly consented; the topic is raised privately; the relationship is close enough for the information requested","the behavior conflicts with US expectations around individual autonomy, privacy, direct but respectful communication, and personal boundaries; private information is exposed publicly; the target has not consented; the setting is professional or with strangers",relationship closeness is unclear; the audience is unclear; prior consent or comfort is unknown; whether consent was given; whether the relationship is close; whether the setting is professional or personal,,,"Country/cultural context: US. Norm domain: Contract. Scenario pattern: morality fairness situation involving contract. Category: morality fairness. Culture-specific norm statement: Keeping agreements is valued, but refunds may depend on fairness, product condition, and prior terms. Relevant latent variables: actor, affected party, fairness, honesty, rule expectation, harm, consent, personal autonomy, privacy, relationship closeness, workplace informality, missing details, culture-specific expectation. Acceptable if: the behavior respects or accommodates US expectations around individual autonomy, privacy, direct but respectful communication, and personal boundaries; the person has clearly consented; the topic is raised privately; the relationship is close enough for the information requested. Not acceptable if: the behavior conflicts with US expectations around individual autonomy, privacy, direct but respectful communication, and personal boundaries; private information is exposed publicly; the target has not consented; the setting is professional or with strangers. Context-dependent if: relationship closeness is unclear; the audience is unclear; prior consent or comfort is unknown; whether consent was given; whether the relationship is close; whether the setting is professional or personal."
NORM_SAC072,country_norm,SAC072,morality_fairness,Germany,rule-and-contract,morality fairness situation involving rule and contract,privacy,Clear agreements are generally expected to be honored.,,actor; affected party; fairness; honesty; rule expectation; harm; rules; directness; punctuality; privacy; prior agreement; missing details; culture-specific expectation,"the behavior respects or accommodates Germany expectations around directness, punctuality, rule consistency, privacy, and clear agreements; the person has clearly consented; the topic is raised privately; the relationship is close enough for the information requested","the behavior conflicts with Germany expectations around directness, punctuality, rule consistency, privacy, and clear agreements; private information is exposed publicly; the target has not consented; the setting is professional or with strangers",relationship closeness is unclear; the audience is unclear; prior consent or comfort is unknown; whether there is an explicit rule; whether directness is constructive; whether expectations were agreed,,,"Country/cultural context: Germany. Norm domain: Rule And Contract. Scenario pattern: morality fairness situation involving rule and contract. Category: morality fairness. Culture-specific norm statement: Clear agreements are generally expected to be honored. Relevant latent variables: actor, affected party, fairness, honesty, rule expectation, harm, rules, directness, punctuality, privacy, prior agreement, missing details, culture-specific expectation. Acceptable if: the behavior respects or accommodates Germany expectations around directness, punctuality, rule consistency, privacy, and clear agreements; the person has clearly consented; the topic is raised privately; the relationship is close enough for the information requested. Not acceptable if: the behavior conflicts with Germany expectations around directness, punctuality, rule consistency, privacy, and clear agreements; private information is exposed publicly; the target has not consented; the setting is professional or with strangers. Context-dependent if: relationship closeness is unclear; the audience is unclear; prior consent or comfort is unknown; whether there is an explicit rule; whether directness is constructive; whether expectations were agreed."
NORM_SAC073,country_norm,SAC073,morality_fairness,US,accountability,morality fairness situation involving accountability,privacy,Late apologies can be acceptable when they acknowledge harm without demanding forgiveness.,,actor; affected party; fairness; honesty; rule expectation; harm; consent; personal autonomy; privacy; relationship closeness; workplace informality; missing details; culture-specific expectation,"the behavior respects or accommodates US expectations around individual autonomy, privacy, direct but respectful communication, and personal boundaries; the person has clearly consented; the topic is raised privately; the relationship is close enough for the information requested","the behavior conflicts with US expectations around individual autonomy, privacy, direct but respectful communication, and personal boundaries; private information is exposed publicly; the target has not consented; the setting is professional or with strangers",relationship closeness is unclear; the audience is unclear; prior consent or comfort is unknown; whether consent was given; whether the relationship is close; whether the setting is professional or personal,,,"Country/cultural context: US. Norm domain: Accountability. Scenario pattern: morality fairness situation involving accountability. Category: morality fairness. Culture-specific norm statement: Late apologies can be acceptable when they acknowledge harm without demanding forgiveness. Relevant latent variables: actor, affected party, fairness, honesty, rule expectation, harm, consent, personal autonomy, privacy, relationship closeness, workplace informality, missing details, culture-specific expectation. Acceptable if: the behavior respects or accommodates US expectations around individual autonomy, privacy, direct but respectful communication, and personal boundaries; the person has clearly consented; the topic is raised privately; the relationship is close enough for the information requested. Not acceptable if: the behavior conflicts with US expectations around individual autonomy, privacy, direct but respectful communication, and personal boundaries; private information is exposed publicly; the target has not consented; the setting is professional or with strangers. Context-dependent if: relationship closeness is unclear; the audience is unclear; prior consent or comfort is unknown; whether consent was given; whether the relationship is close; whether the setting is professional or personal."
NORM_SAC074,country_norm,SAC074,morality_fairness,Japan,restoring-harmony,morality fairness situation involving face or harmony,face,Apology can help repair relationships and restore social harmony.,,actor; affected party; fairness; honesty; rule expectation; harm; seniority; role; honorifics; public/private setting; group harmony; missing details; culture-specific expectation,"the behavior respects or accommodates Japan expectations around hierarchy, role formality, group harmony, indirectness, and reliability; criticism is private, indirect, and gives the person a way to save face; the issue is serious enough to require correction; the issue is handled privately or indirectly enough to preserve dignity","the action creates avoidable embarrassment or disrupts harmony; the behavior conflicts with Japan expectations around hierarchy, role formality, group harmony, indirectness, and reliability; the person is embarrassed in public; criticism is blunt or shaming; the action threatens family, group, or professional reputation",tone is unclear; the audience is unclear; the seriousness of the issue is unclear; whether informality was explicitly invited; how public the action is; whether it burdens the group,,,"Country/cultural context: Japan. Norm domain: Restoring Harmony. Scenario pattern: morality fairness situation involving face or harmony. Category: morality fairness. Culture-specific norm statement: Apology can help repair relationships and restore social harmony. Relevant latent variables: actor, affected party, fairness, honesty, rule expectation, harm, seniority, role, honorifics, public/private setting, group harmony, missing details, culture-specific expectation. Acceptable if: the behavior respects or accommodates Japan expectations around hierarchy, role formality, group harmony, indirectness, and reliability; criticism is private, indirect, and gives the person a way to save face; the issue is serious enough to require correction; the issue is handled privately or indirectly enough to preserve dignity. Not acceptable if: the action creates avoidable embarrassment or disrupts harmony; the behavior conflicts with Japan expectations around hierarchy, role formality, group harmony, indirectness, and reliability; the person is embarrassed in public; criticism is blunt or shaming; the action threatens family, group, or professional reputation. Context-dependent if: tone is unclear; the audience is unclear; the seriousness of the issue is unclear; whether informality was explicitly invited; how public the action is; whether it burdens the group."
NORM_SAC075,country_norm,SAC075,morality_fairness,US,autonomy-and-honesty,morality fairness situation involving autonomy and honesty,privacy,Some value honesty and warning the harmed person; others avoid intervening in private relationships.,,actor; affected party; fairness; honesty; rule expectation; harm; consent; personal autonomy; privacy; relationship closeness; workplace informality; missing details; culture-specific expectation,"the actor sets a boundary without insulting or abandoning the other person; the behavior respects or accommodates US expectations around individual autonomy, privacy, direct but respectful communication, and personal boundaries; the person has clearly consented; the topic is raised privately; the relationship is close enough for the information requested","the behavior conflicts with US expectations around individual autonomy, privacy, direct but respectful communication, and personal boundaries; private information is exposed publicly; the target has not consented; the setting is professional or with strangers",relationship closeness is unclear; the audience is unclear; prior consent or comfort is unknown; whether consent was given; whether the relationship is close; whether the setting is professional or personal; whether the boundary was communicated respectfully is unknown,,,"Country/cultural context: US. Norm domain: Autonomy And Honesty. Scenario pattern: morality fairness situation involving autonomy and honesty. Category: morality fairness. Culture-specific norm statement: Some value honesty and warning the harmed person; others avoid intervening in private relationships. Relevant latent variables: actor, affected party, fairness, honesty, rule expectation, harm, consent, personal autonomy, privacy, relationship closeness, workplace informality, missing details, culture-specific expectation. Acceptable if: the actor sets a boundary without insulting or abandoning the other person; the behavior respects or accommodates US expectations around individual autonomy, privacy, direct but respectful communication, and personal boundaries; the person has clearly consented; the topic is raised privately; the relationship is close enough for the information requested. Not acceptable if: the behavior conflicts with US expectations around individual autonomy, privacy, direct but respectful communication, and personal boundaries; private information is exposed publicly; the target has not consented; the setting is professional or with strangers. Context-dependent if: relationship closeness is unclear; the audience is unclear; prior consent or comfort is unknown; whether consent was given; whether the relationship is close; whether the setting is professional or personal; whether the boundary was communicated respectfully is unknown."
NORM_SAC076,country_norm,SAC076,friendship,US,consent-and-respect,friendship situation involving privacy or consent,privacy,Respecting requests about personal images is tied to trust and consent.,,friend; closeness; reciprocity; support expectation; honesty; boundary; consent; personal autonomy; privacy; relationship closeness; workplace informality; missing details; culture-specific expectation,"the behavior respects or accommodates US expectations around individual autonomy, privacy, direct but respectful communication, and personal boundaries; the person has clearly consented; the topic is raised privately; the relationship is close enough for the information requested","the action exposes or accesses personal information without consent; the behavior conflicts with US expectations around individual autonomy, privacy, direct but respectful communication, and personal boundaries; private information is exposed publicly; the target has not consented; the setting is professional or with strangers",relationship closeness is unclear; the audience is unclear; prior consent or comfort is unknown; whether consent was given; whether the relationship is close; whether the setting is professional or personal; whether consent was explicit or implied is unknown,,,"Country/cultural context: US. Norm domain: Consent And Respect. Scenario pattern: friendship situation involving privacy or consent. Category: friendship. Culture-specific norm statement: Respecting requests about personal images is tied to trust and consent. Relevant latent variables: friend, closeness, reciprocity, support expectation, honesty, boundary, consent, personal autonomy, privacy, relationship closeness, workplace informality, missing details, culture-specific expectation. Acceptable if: the behavior respects or accommodates US expectations around individual autonomy, privacy, direct but respectful communication, and personal boundaries; the person has clearly consented; the topic is raised privately; the relationship is close enough for the information requested. Not acceptable if: the action exposes or accesses personal information without consent; the behavior conflicts with US expectations around individual autonomy, privacy, direct but respectful communication, and personal boundaries; private information is exposed publicly; the target has not consented; the setting is professional or with strangers. Context-dependent if: relationship closeness is unclear; the audience is unclear; prior consent or comfort is unknown; whether consent was given; whether the relationship is close; whether the setting is professional or personal; whether consent was explicit or implied is unknown."
NORM_SAC077,country_norm,SAC077,friendship,Germany,privacy-respect,friendship situation involving privacy respect,privacy,Personal dignity and consent are strongly emphasized in social interactions.,,friend; closeness; reciprocity; support expectation; honesty; boundary; rules; directness; punctuality; privacy; prior agreement; missing details; culture-specific expectation,"the behavior respects or accommodates Germany expectations around directness, punctuality, rule consistency, privacy, and clear agreements; the person has clearly consented; the topic is raised privately; the relationship is close enough for the information requested","the action exposes or accesses personal information without consent; the behavior conflicts with Germany expectations around directness, punctuality, rule consistency, privacy, and clear agreements; private information is exposed publicly; the target has not consented; the setting is professional or with strangers",relationship closeness is unclear; the audience is unclear; prior consent or comfort is unknown; whether there is an explicit rule; whether directness is constructive; whether expectations were agreed; whether consent was explicit or implied is unknown,,,"Country/cultural context: Germany. Norm domain: Privacy Respect. Scenario pattern: friendship situation involving privacy respect. Category: friendship. Culture-specific norm statement: Personal dignity and consent are strongly emphasized in social interactions. Relevant latent variables: friend, closeness, reciprocity, support expectation, honesty, boundary, rules, directness, punctuality, privacy, prior agreement, missing details, culture-specific expectation. Acceptable if: the behavior respects or accommodates Germany expectations around directness, punctuality, rule consistency, privacy, and clear agreements; the person has clearly consented; the topic is raised privately; the relationship is close enough for the information requested. Not acceptable if: the action exposes or accesses personal information without consent; the behavior conflicts with Germany expectations around directness, punctuality, rule consistency, privacy, and clear agreements; private information is exposed publicly; the target has not consented; the setting is professional or with strangers. Context-dependent if: relationship closeness is unclear; the audience is unclear; prior consent or comfort is unknown; whether there is an explicit rule; whether directness is constructive; whether expectations were agreed; whether consent was explicit or implied is unknown."
NORM_SAC078,country_norm,SAC078,friendship,US,flexibility,friendship situation involving flexibility,privacy,"Self-care is valued, but reliability and communication still matter.",,friend; closeness; reciprocity; support expectation; honesty; boundary; consent; personal autonomy; privacy; relationship closeness; workplace informality; missing details; culture-specific expectation,"the behavior respects or accommodates US expectations around individual autonomy, privacy, direct but respectful communication, and personal boundaries; the person has clearly consented; the topic is raised privately; the relationship is close enough for the information requested","the behavior conflicts with US expectations around individual autonomy, privacy, direct but respectful communication, and personal boundaries; private information is exposed publicly; the target has not consented; the setting is professional or with strangers",relationship closeness is unclear; the audience is unclear; prior consent or comfort is unknown; whether consent was given; whether the relationship is close; whether the setting is professional or personal,,,"Country/cultural context: US. Norm domain: Flexibility. Scenario pattern: friendship situation involving flexibility. Category: friendship. Culture-specific norm statement: Self-care is valued, but reliability and communication still matter. Relevant latent variables: friend, closeness, reciprocity, support expectation, honesty, boundary, consent, personal autonomy, privacy, relationship closeness, workplace informality, missing details, culture-specific expectation. Acceptable if: the behavior respects or accommodates US expectations around individual autonomy, privacy, direct but respectful communication, and personal boundaries; the person has clearly consented; the topic is raised privately; the relationship is close enough for the information requested. Not acceptable if: the behavior conflicts with US expectations around individual autonomy, privacy, direct but respectful communication, and personal boundaries; private information is exposed publicly; the target has not consented; the setting is professional or with strangers. Context-dependent if: relationship closeness is unclear; the audience is unclear; prior consent or comfort is unknown; whether consent was given; whether the relationship is close; whether the setting is professional or personal."
NORM_SAC079,country_norm,SAC079,friendship,Japan,reliability,friendship situation involving commitment or reliability,commitment,Commitments are expected to be honored unless there is a strong reason.,,friend; closeness; reciprocity; support expectation; honesty; boundary; seniority; role; honorifics; public/private setting; group harmony; missing details; culture-specific expectation,"the behavior respects or accommodates Japan expectations around hierarchy, role formality, group harmony, indirectness, and reliability; there is a serious reason; the actor gives notice and tries to repair the impact; the commitment was tentative","the behavior conflicts with Japan expectations around hierarchy, role formality, group harmony, indirectness, and reliability; the actor breaks a clear promise casually; others relied on the commitment; the actor repeats the behavior",the reason is unknown; the strength of the commitment is unclear; the impact on others is unknown; whether informality was explicitly invited; how public the action is; whether it burdens the group,,,"Country/cultural context: Japan. Norm domain: Reliability. Scenario pattern: friendship situation involving commitment or reliability. Category: friendship. Culture-specific norm statement: Commitments are expected to be honored unless there is a strong reason. Relevant latent variables: friend, closeness, reciprocity, support expectation, honesty, boundary, seniority, role, honorifics, public/private setting, group harmony, missing details, culture-specific expectation. Acceptable if: the behavior respects or accommodates Japan expectations around hierarchy, role formality, group harmony, indirectness, and reliability; there is a serious reason; the actor gives notice and tries to repair the impact; the commitment was tentative. Not acceptable if: the behavior conflicts with Japan expectations around hierarchy, role formality, group harmony, indirectness, and reliability; the actor breaks a clear promise casually; others relied on the commitment; the actor repeats the behavior. Context-dependent if: the reason is unknown; the strength of the commitment is unclear; the impact on others is unknown; whether informality was explicitly invited; how public the action is; whether it burdens the group."
NORM_SAC080,country_norm,SAC080,friendship,US,politeness,friendship situation involving politeness,privacy,Honesty is acceptable but often softened to avoid hurting others.,,friend; closeness; reciprocity; support expectation; honesty; boundary; consent; personal autonomy; privacy; relationship closeness; workplace informality; missing details; culture-specific expectation,"the behavior respects or accommodates US expectations around individual autonomy, privacy, direct but respectful communication, and personal boundaries; the person has clearly consented; the topic is raised privately; the relationship is close enough for the information requested","the behavior conflicts with US expectations around individual autonomy, privacy, direct but respectful communication, and personal boundaries; private information is exposed publicly; the target has not consented; the setting is professional or with strangers",relationship closeness is unclear; the audience is unclear; prior consent or comfort is unknown; whether consent was given; whether the relationship is close; whether the setting is professional or personal,,,"Country/cultural context: US. Norm domain: Politeness. Scenario pattern: friendship situation involving politeness. Category: friendship. Culture-specific norm statement: Honesty is acceptable but often softened to avoid hurting others. Relevant latent variables: friend, closeness, reciprocity, support expectation, honesty, boundary, consent, personal autonomy, privacy, relationship closeness, workplace informality, missing details, culture-specific expectation. Acceptable if: the behavior respects or accommodates US expectations around individual autonomy, privacy, direct but respectful communication, and personal boundaries; the person has clearly consented; the topic is raised privately; the relationship is close enough for the information requested. Not acceptable if: the behavior conflicts with US expectations around individual autonomy, privacy, direct but respectful communication, and personal boundaries; private information is exposed publicly; the target has not consented; the setting is professional or with strangers. Context-dependent if: relationship closeness is unclear; the audience is unclear; prior consent or comfort is unknown; whether consent was given; whether the relationship is close; whether the setting is professional or personal."
NORM_SAC081,country_norm,SAC081,friendship,Japan,harmony,friendship situation involving face or harmony,face,Maintaining harmony often outweighs expressing negative opinions directly.,,friend; closeness; reciprocity; support expectation; honesty; boundary; seniority; role; honorifics; public/private setting; group harmony; missing details; culture-specific expectation,"the behavior respects or accommodates Japan expectations around hierarchy, role formality, group harmony, indirectness, and reliability; criticism is private, indirect, and gives the person a way to save face; the issue is serious enough to require correction; the issue is handled privately or indirectly enough to preserve dignity","the action creates avoidable embarrassment or disrupts harmony; the behavior conflicts with Japan expectations around hierarchy, role formality, group harmony, indirectness, and reliability; the person is embarrassed in public; criticism is blunt or shaming; the action threatens family, group, or professional reputation",tone is unclear; the audience is unclear; the seriousness of the issue is unclear; whether informality was explicitly invited; how public the action is; whether it burdens the group,,,"Country/cultural context: Japan. Norm domain: Harmony. Scenario pattern: friendship situation involving face or harmony. Category: friendship. Culture-specific norm statement: Maintaining harmony often outweighs expressing negative opinions directly. Relevant latent variables: friend, closeness, reciprocity, support expectation, honesty, boundary, seniority, role, honorifics, public/private setting, group harmony, missing details, culture-specific expectation. Acceptable if: the behavior respects or accommodates Japan expectations around hierarchy, role formality, group harmony, indirectness, and reliability; criticism is private, indirect, and gives the person a way to save face; the issue is serious enough to require correction; the issue is handled privately or indirectly enough to preserve dignity. Not acceptable if: the action creates avoidable embarrassment or disrupts harmony; the behavior conflicts with Japan expectations around hierarchy, role formality, group harmony, indirectness, and reliability; the person is embarrassed in public; criticism is blunt or shaming; the action threatens family, group, or professional reputation. Context-dependent if: tone is unclear; the audience is unclear; the seriousness of the issue is unclear; whether informality was explicitly invited; how public the action is; whether it burdens the group."
NORM_SAC082,country_norm,SAC082,friendship,US,communication,friendship situation involving communication,privacy,"Delays may be acceptable, but lack of response can signal disrespect.",,friend; closeness; reciprocity; support expectation; honesty; boundary; consent; personal autonomy; privacy; relationship closeness; workplace informality; missing details; culture-specific expectation,"the behavior respects or accommodates US expectations around individual autonomy, privacy, direct but respectful communication, and personal boundaries; the person has clearly consented; the topic is raised privately; the relationship is close enough for the information requested","the behavior conflicts with US expectations around individual autonomy, privacy, direct but respectful communication, and personal boundaries; private information is exposed publicly; the target has not consented; the setting is professional or with strangers",relationship closeness is unclear; the audience is unclear; prior consent or comfort is unknown; whether consent was given; whether the relationship is close; whether the setting is professional or personal,,,"Country/cultural context: US. Norm domain: Communication. Scenario pattern: friendship situation involving communication. Category: friendship. Culture-specific norm statement: Delays may be acceptable, but lack of response can signal disrespect. Relevant latent variables: friend, closeness, reciprocity, support expectation, honesty, boundary, consent, personal autonomy, privacy, relationship closeness, workplace informality, missing details, culture-specific expectation. Acceptable if: the behavior respects or accommodates US expectations around individual autonomy, privacy, direct but respectful communication, and personal boundaries; the person has clearly consented; the topic is raised privately; the relationship is close enough for the information requested. Not acceptable if: the behavior conflicts with US expectations around individual autonomy, privacy, direct but respectful communication, and personal boundaries; private information is exposed publicly; the target has not consented; the setting is professional or with strangers. Context-dependent if: relationship closeness is unclear; the audience is unclear; prior consent or comfort is unknown; whether consent was given; whether the relationship is close; whether the setting is professional or personal."
NORM_SAC083,country_norm,SAC083,friendship,Korea,responsiveness,friendship situation involving responsiveness,privacy,Timely communication is often associated with maintaining relationships.,,friend; closeness; reciprocity; support expectation; honesty; boundary; age; status; politeness level; responsiveness; public image; missing details; culture-specific expectation,"the behavior respects or accommodates Korea expectations around age/status hierarchy, politeness, responsiveness, and maintaining respectful relationships; the person has clearly consented; the topic is raised privately; the relationship is close enough for the information requested","the behavior conflicts with Korea expectations around age/status hierarchy, politeness, responsiveness, and maintaining respectful relationships; private information is exposed publicly; the target has not consented; the setting is professional or with strangers",relationship closeness is unclear; the audience is unclear; prior consent or comfort is unknown; relative age/status; whether criticism is public; whether delay signals disrespect,,,"Country/cultural context: Korea. Norm domain: Responsiveness. Scenario pattern: friendship situation involving responsiveness. Category: friendship. Culture-specific norm statement: Timely communication is often associated with maintaining relationships. Relevant latent variables: friend, closeness, reciprocity, support expectation, honesty, boundary, age, status, politeness level, responsiveness, public image, missing details, culture-specific expectation. Acceptable if: the behavior respects or accommodates Korea expectations around age/status hierarchy, politeness, responsiveness, and maintaining respectful relationships; the person has clearly consented; the topic is raised privately; the relationship is close enough for the information requested. Not acceptable if: the behavior conflicts with Korea expectations around age/status hierarchy, politeness, responsiveness, and maintaining respectful relationships; private information is exposed publicly; the target has not consented; the setting is professional or with strangers. Context-dependent if: relationship closeness is unclear; the audience is unclear; prior consent or comfort is unknown; relative age/status; whether criticism is public; whether delay signals disrespect."
NORM_SAC084,country_norm,SAC084,morality_loyalty,US,support,morality loyalty situation involving support,privacy,Providing emotional support is generally expected in close friendships.,,group member; group; loyalty; honesty; conflict of interest; relationship; consent; personal autonomy; privacy; relationship closeness; workplace informality; missing details; culture-specific expectation,"the behavior respects or accommodates US expectations around individual autonomy, privacy, direct but respectful communication, and personal boundaries; the person has clearly consented; the topic is raised privately; the relationship is close enough for the information requested","the behavior conflicts with US expectations around individual autonomy, privacy, direct but respectful communication, and personal boundaries; private information is exposed publicly; the target has not consented; the setting is professional or with strangers",relationship closeness is unclear; the audience is unclear; prior consent or comfort is unknown; whether consent was given; whether the relationship is close; whether the setting is professional or personal,,,"Country/cultural context: US. Norm domain: Support. Scenario pattern: morality loyalty situation involving support. Category: morality loyalty. Culture-specific norm statement: Providing emotional support is generally expected in close friendships. Relevant latent variables: group member, group, loyalty, honesty, conflict of interest, relationship, consent, personal autonomy, privacy, relationship closeness, workplace informality, missing details, culture-specific expectation. Acceptable if: the behavior respects or accommodates US expectations around individual autonomy, privacy, direct but respectful communication, and personal boundaries; the person has clearly consented; the topic is raised privately; the relationship is close enough for the information requested. Not acceptable if: the behavior conflicts with US expectations around individual autonomy, privacy, direct but respectful communication, and personal boundaries; private information is exposed publicly; the target has not consented; the setting is professional or with strangers. Context-dependent if: relationship closeness is unclear; the audience is unclear; prior consent or comfort is unknown; whether consent was given; whether the relationship is close; whether the setting is professional or personal."
NORM_SAC085,country_norm,SAC085,morality_loyalty,China,relational-duty,morality loyalty situation involving relational duty,privacy,Close relationships often carry expectations of mutual support.,,group member; group; loyalty; honesty; conflict of interest; relationship; family duty; status hierarchy; face-saving; reciprocity; public image; missing details; culture-specific expectation,"the behavior respects or accommodates China expectations around family involvement, role obligations, hierarchy, reciprocity, and preserving face; the person has clearly consented; the topic is raised privately; the relationship is close enough for the information requested","the behavior conflicts with China expectations around family involvement, role obligations, hierarchy, reciprocity, and preserving face; private information is exposed publicly; the target has not consented; the setting is professional or with strangers",relationship closeness is unclear; the audience is unclear; prior consent or comfort is unknown; age and role of each person; whether the issue affects family reputation; whether disagreement is public,,,"Country/cultural context: China. Norm domain: Relational Duty. Scenario pattern: morality loyalty situation involving relational duty. Category: morality loyalty. Culture-specific norm statement: Close relationships often carry expectations of mutual support. Relevant latent variables: group member, group, loyalty, honesty, conflict of interest, relationship, family duty, status hierarchy, face-saving, reciprocity, public image, missing details, culture-specific expectation. Acceptable if: the behavior respects or accommodates China expectations around family involvement, role obligations, hierarchy, reciprocity, and preserving face; the person has clearly consented; the topic is raised privately; the relationship is close enough for the information requested. Not acceptable if: the behavior conflicts with China expectations around family involvement, role obligations, hierarchy, reciprocity, and preserving face; private information is exposed publicly; the target has not consented; the setting is professional or with strangers. Context-dependent if: relationship closeness is unclear; the audience is unclear; prior consent or comfort is unknown; age and role of each person; whether the issue affects family reputation; whether disagreement is public."
NORM_SAC086,country_norm,SAC086,morality_loyalty,US,boundary,morality loyalty situation involving boundary,privacy,Protecting mental health through boundaries is generally accepted.,,group member; group; loyalty; honesty; conflict of interest; relationship; consent; personal autonomy; privacy; relationship closeness; workplace informality; missing details; culture-specific expectation,"the actor sets a boundary without insulting or abandoning the other person; the behavior respects or accommodates US expectations around individual autonomy, privacy, direct but respectful communication, and personal boundaries; the person has clearly consented; the topic is raised privately; the relationship is close enough for the information requested","the behavior conflicts with US expectations around individual autonomy, privacy, direct but respectful communication, and personal boundaries; private information is exposed publicly; the target has not consented; the setting is professional or with strangers",relationship closeness is unclear; the audience is unclear; prior consent or comfort is unknown; whether consent was given; whether the relationship is close; whether the setting is professional or personal; whether the boundary was communicated respectfully is unknown,,,"Country/cultural context: US. Norm domain: Boundary. Scenario pattern: morality loyalty situation involving boundary. Category: morality loyalty. Culture-specific norm statement: Protecting mental health through boundaries is generally accepted. Relevant latent variables: group member, group, loyalty, honesty, conflict of interest, relationship, consent, personal autonomy, privacy, relationship closeness, workplace informality, missing details, culture-specific expectation. Acceptable if: the actor sets a boundary without insulting or abandoning the other person; the behavior respects or accommodates US expectations around individual autonomy, privacy, direct but respectful communication, and personal boundaries; the person has clearly consented; the topic is raised privately; the relationship is close enough for the information requested. Not acceptable if: the behavior conflicts with US expectations around individual autonomy, privacy, direct but respectful communication, and personal boundaries; private information is exposed publicly; the target has not consented; the setting is professional or with strangers. Context-dependent if: relationship closeness is unclear; the audience is unclear; prior consent or comfort is unknown; whether consent was given; whether the relationship is close; whether the setting is professional or personal; whether the boundary was communicated respectfully is unknown."
NORM_SAC087,country_norm,SAC087,morality_loyalty,India,relational-continuity,morality loyalty situation involving relational continuity,privacy,"Maintaining relationships is valued, but distancing may be acceptable in difficult situations.",,group member; group; loyalty; honesty; conflict of interest; relationship; family obligation; community relationship; elder/status respect; resources; public reputation; missing details; culture-specific expectation,"the behavior respects or accommodates India expectations around family and community ties, social obligation, respect, and relational continuity; the person has clearly consented; the topic is raised privately; the relationship is close enough for the information requested","the behavior conflicts with India expectations around family and community ties, social obligation, respect, and relational continuity; private information is exposed publicly; the target has not consented; the setting is professional or with strangers",relationship closeness is unclear; the audience is unclear; prior consent or comfort is unknown; relationship closeness; available resources; whether refusal is respectful; community expectations,,,"Country/cultural context: India. Norm domain: Relational Continuity. Scenario pattern: morality loyalty situation involving relational continuity. Category: morality loyalty. Culture-specific norm statement: Maintaining relationships is valued, but distancing may be acceptable in difficult situations. Relevant latent variables: group member, group, loyalty, honesty, conflict of interest, relationship, family obligation, community relationship, elder/status respect, resources, public reputation, missing details, culture-specific expectation. Acceptable if: the behavior respects or accommodates India expectations around family and community ties, social obligation, respect, and relational continuity; the person has clearly consented; the topic is raised privately; the relationship is close enough for the information requested. Not acceptable if: the behavior conflicts with India expectations around family and community ties, social obligation, respect, and relational continuity; private information is exposed publicly; the target has not consented; the setting is professional or with strangers. Context-dependent if: relationship closeness is unclear; the audience is unclear; prior consent or comfort is unknown; relationship closeness; available resources; whether refusal is respectful; community expectations."
NORM_SAC088,country_norm,SAC088,authority,US,discussion,authority situation involving discussion,privacy,Questioning authority can be acceptable if respectful.,,subordinate; authority figure; hierarchy; respect; public/private setting; tone; consent; personal autonomy; privacy; relationship closeness; workplace informality; missing details; culture-specific expectation,"the behavior respects or accommodates US expectations around individual autonomy, privacy, direct but respectful communication, and personal boundaries; the person has clearly consented; the topic is raised privately; the relationship is close enough for the information requested","the behavior conflicts with US expectations around individual autonomy, privacy, direct but respectful communication, and personal boundaries; private information is exposed publicly; the target has not consented; the setting is professional or with strangers",relationship closeness is unclear; the audience is unclear; prior consent or comfort is unknown; whether consent was given; whether the relationship is close; whether the setting is professional or personal,,,"Country/cultural context: US. Norm domain: Discussion. Scenario pattern: authority situation involving discussion. Category: authority. Culture-specific norm statement: Questioning authority can be acceptable if respectful. Relevant latent variables: subordinate, authority figure, hierarchy, respect, public/private setting, tone, consent, personal autonomy, privacy, relationship closeness, workplace informality, missing details, culture-specific expectation. Acceptable if: the behavior respects or accommodates US expectations around individual autonomy, privacy, direct but respectful communication, and personal boundaries; the person has clearly consented; the topic is raised privately; the relationship is close enough for the information requested. Not acceptable if: the behavior conflicts with US expectations around individual autonomy, privacy, direct but respectful communication, and personal boundaries; private information is exposed publicly; the target has not consented; the setting is professional or with strangers. Context-dependent if: relationship closeness is unclear; the audience is unclear; prior consent or comfort is unknown; whether consent was given; whether the relationship is close; whether the setting is professional or personal."
NORM_SAC089,country_norm,SAC089,authority,Japan,respect-for-authority,authority situation involving hierarchy or respect,hierarchy,Public disagreement with teachers may be seen as disrespectful.,,subordinate; authority figure; hierarchy; respect; public/private setting; tone; seniority; role; honorifics; group harmony; missing details; culture-specific expectation,"the behavior respects or accommodates Japan expectations around hierarchy, role formality, group harmony, indirectness, and reliability; informality or disagreement is explicitly invited; the setting is egalitarian or informal; the challenge is constructive and respectfully phrased","the behavior conflicts with Japan expectations around hierarchy, role formality, group harmony, indirectness, and reliability; the action publicly undermines a superior or elder; formal titles or deference are expected; the actor ignores role/status differences",organizational culture is unknown; relative age/status is unknown; whether informality was invited is unknown; whether informality was explicitly invited; how public the action is; whether it burdens the group,,,"Country/cultural context: Japan. Norm domain: Respect For Authority. Scenario pattern: authority situation involving hierarchy or respect. Category: authority. Culture-specific norm statement: Public disagreement with teachers may be seen as disrespectful. Relevant latent variables: subordinate, authority figure, hierarchy, respect, public/private setting, tone, seniority, role, honorifics, group harmony, missing details, culture-specific expectation. Acceptable if: the behavior respects or accommodates Japan expectations around hierarchy, role formality, group harmony, indirectness, and reliability; informality or disagreement is explicitly invited; the setting is egalitarian or informal; the challenge is constructive and respectfully phrased. Not acceptable if: the behavior conflicts with Japan expectations around hierarchy, role formality, group harmony, indirectness, and reliability; the action publicly undermines a superior or elder; formal titles or deference are expected; the actor ignores role/status differences. Context-dependent if: organizational culture is unknown; relative age/status is unknown; whether informality was invited is unknown; whether informality was explicitly invited; how public the action is; whether it burdens the group."
NORM_SAC090,country_norm,SAC090,authority,US,fairness,authority situation involving fairness,privacy,"Students may question fairness, but public confrontation may be discouraged.",,subordinate; authority figure; hierarchy; respect; public/private setting; tone; consent; personal autonomy; privacy; relationship closeness; workplace informality; missing details; culture-specific expectation,"the behavior respects or accommodates US expectations around individual autonomy, privacy, direct but respectful communication, and personal boundaries; the person has clearly consented; the topic is raised privately; the relationship is close enough for the information requested","the behavior conflicts with US expectations around individual autonomy, privacy, direct but respectful communication, and personal boundaries; private information is exposed publicly; the target has not consented; the setting is professional or with strangers",relationship closeness is unclear; the audience is unclear; prior consent or comfort is unknown; whether consent was given; whether the relationship is close; whether the setting is professional or personal,,,"Country/cultural context: US. Norm domain: Fairness. Scenario pattern: authority situation involving fairness. Category: authority. Culture-specific norm statement: Students may question fairness, but public confrontation may be discouraged. Relevant latent variables: subordinate, authority figure, hierarchy, respect, public/private setting, tone, consent, personal autonomy, privacy, relationship closeness, workplace informality, missing details, culture-specific expectation. Acceptable if: the behavior respects or accommodates US expectations around individual autonomy, privacy, direct but respectful communication, and personal boundaries; the person has clearly consented; the topic is raised privately; the relationship is close enough for the information requested. Not acceptable if: the behavior conflicts with US expectations around individual autonomy, privacy, direct but respectful communication, and personal boundaries; private information is exposed publicly; the target has not consented; the setting is professional or with strangers. Context-dependent if: relationship closeness is unclear; the audience is unclear; prior consent or comfort is unknown; whether consent was given; whether the relationship is close; whether the setting is professional or personal."
NORM_SAC091,country_norm,SAC091,authority,China,hierarchy,authority situation involving hierarchy,hierarchy,Challenging authority publicly may be seen as inappropriate.,,subordinate; authority figure; hierarchy; respect; public/private setting; tone; family duty; status hierarchy; face-saving; reciprocity; public image; missing details; culture-specific expectation,"the behavior respects or accommodates China expectations around family involvement, role obligations, hierarchy, reciprocity, and preserving face; informality or disagreement is explicitly invited; the setting is egalitarian or informal; the challenge is constructive and respectfully phrased","the actor ignores expected titles, seniority, or formal role boundaries; the behavior conflicts with China expectations around family involvement, role obligations, hierarchy, reciprocity, and preserving face; the action publicly undermines a superior or elder; formal titles or deference are expected; the actor ignores role/status differences",organizational culture is unknown; relative age/status is unknown; whether informality was invited is unknown; age and role of each person; whether the issue affects family reputation; whether disagreement is public; whether formal address is expected is unknown,,,"Country/cultural context: China. Norm domain: Hierarchy. Scenario pattern: authority situation involving hierarchy. Category: authority. Culture-specific norm statement: Challenging authority publicly may be seen as inappropriate. Relevant latent variables: subordinate, authority figure, hierarchy, respect, public/private setting, tone, family duty, status hierarchy, face-saving, reciprocity, public image, missing details, culture-specific expectation. Acceptable if: the behavior respects or accommodates China expectations around family involvement, role obligations, hierarchy, reciprocity, and preserving face; informality or disagreement is explicitly invited; the setting is egalitarian or informal; the challenge is constructive and respectfully phrased. Not acceptable if: the actor ignores expected titles, seniority, or formal role boundaries; the behavior conflicts with China expectations around family involvement, role obligations, hierarchy, reciprocity, and preserving face; the action publicly undermines a superior or elder; formal titles or deference are expected; the actor ignores role/status differences. Context-dependent if: organizational culture is unknown; relative age/status is unknown; whether informality was invited is unknown; age and role of each person; whether the issue affects family reputation; whether disagreement is public; whether formal address is expected is unknown."
NORM_SAC092,country_norm,SAC092,care_harm,US,emotional-awareness,care harm situation involving care or harm,care,Causing embarrassment intentionally is generally discouraged.,,actor; affected person; harm risk; care duty; urgency; available alternatives; consent; personal autonomy; privacy; relationship closeness; workplace informality; missing details; culture-specific expectation,"the behavior respects or accommodates US expectations around individual autonomy, privacy, direct but respectful communication, and personal boundaries; the actor avoids harm while respecting autonomy; help is offered without coercion; urgent needs are handled responsibly","the behavior conflicts with US expectations around individual autonomy, privacy, direct but respectful communication, and personal boundaries; someone vulnerable is knowingly harmed or abandoned; safety is ignored; the actor has a clear duty of care",harm severity is unclear; responsibility is unclear; available alternatives are unknown; whether consent was given; whether the relationship is close; whether the setting is professional or personal,,,"Country/cultural context: US. Norm domain: Emotional Awareness. Scenario pattern: care harm situation involving care or harm. Category: care harm. Culture-specific norm statement: Causing embarrassment intentionally is generally discouraged. Relevant latent variables: actor, affected person, harm risk, care duty, urgency, available alternatives, consent, personal autonomy, privacy, relationship closeness, workplace informality, missing details, culture-specific expectation. Acceptable if: the behavior respects or accommodates US expectations around individual autonomy, privacy, direct but respectful communication, and personal boundaries; the actor avoids harm while respecting autonomy; help is offered without coercion; urgent needs are handled responsibly. Not acceptable if: the behavior conflicts with US expectations around individual autonomy, privacy, direct but respectful communication, and personal boundaries; someone vulnerable is knowingly harmed or abandoned; safety is ignored; the actor has a clear duty of care. Context-dependent if: harm severity is unclear; responsibility is unclear; available alternatives are unknown; whether consent was given; whether the relationship is close; whether the setting is professional or personal."
NORM_SAC093,country_norm,SAC093,care_harm,UK,humor,care harm situation involving care or harm,care,"Teasing can be acceptable, but depends on closeness and consent.",,actor; affected person; harm risk; care duty; urgency; available alternatives; tone; humor; politeness; relationship; missing details; culture-specific expectation,"the behavior respects or accommodates UK expectations around politeness, restraint, dry humor, and practical concern for others; the actor avoids harm while respecting autonomy; help is offered without coercion; urgent needs are handled responsibly","the behavior conflicts with UK expectations around politeness, restraint, dry humor, and practical concern for others; someone vulnerable is knowingly harmed or abandoned; safety is ignored; the actor has a clear duty of care",harm severity is unclear; responsibility is unclear; available alternatives are unknown; whether humor is understood; whether someone is harmed; whether intervention is needed,,,"Country/cultural context: UK. Norm domain: Humor. Scenario pattern: care harm situation involving care or harm. Category: care harm. Culture-specific norm statement: Teasing can be acceptable, but depends on closeness and consent. Relevant latent variables: actor, affected person, harm risk, care duty, urgency, available alternatives, tone, humor, politeness, relationship, missing details, culture-specific expectation. Acceptable if: the behavior respects or accommodates UK expectations around politeness, restraint, dry humor, and practical concern for others; the actor avoids harm while respecting autonomy; help is offered without coercion; urgent needs are handled responsibly. Not acceptable if: the behavior conflicts with UK expectations around politeness, restraint, dry humor, and practical concern for others; someone vulnerable is knowingly harmed or abandoned; safety is ignored; the actor has a clear duty of care. Context-dependent if: harm severity is unclear; responsibility is unclear; available alternatives are unknown; whether humor is understood; whether someone is harmed; whether intervention is needed."
NORM_SAC094,country_norm,SAC094,care_harm,Germany,directness,care harm situation involving directness,direct,Direct feedback is acceptable but still requires consideration.,,actor; affected person; harm risk; care duty; urgency; available alternatives; rules; directness; punctuality; privacy; prior agreement; missing details; culture-specific expectation,"direct wording is expected and remains constructive rather than insulting; the behavior respects or accommodates Germany expectations around directness, punctuality, rule consistency, privacy, and clear agreements; directness is constructive, specific, and expected in that setting; the relationship can support frank feedback","the behavior conflicts with Germany expectations around directness, punctuality, rule consistency, privacy, and clear agreements; directness becomes insulting, humiliating, or careless; the listener loses face or is criticized publicly",tone is unknown; the relationship is unknown; the feedback purpose is unclear; whether there is an explicit rule; whether directness is constructive; whether expectations were agreed; whether the directness was tactful is unknown,,,"Country/cultural context: Germany. Norm domain: Directness. Scenario pattern: care harm situation involving directness. Category: care harm. Culture-specific norm statement: Direct feedback is acceptable but still requires consideration. Relevant latent variables: actor, affected person, harm risk, care duty, urgency, available alternatives, rules, directness, punctuality, privacy, prior agreement, missing details, culture-specific expectation. Acceptable if: direct wording is expected and remains constructive rather than insulting; the behavior respects or accommodates Germany expectations around directness, punctuality, rule consistency, privacy, and clear agreements; directness is constructive, specific, and expected in that setting; the relationship can support frank feedback. Not acceptable if: the behavior conflicts with Germany expectations around directness, punctuality, rule consistency, privacy, and clear agreements; directness becomes insulting, humiliating, or careless; the listener loses face or is criticized publicly. Context-dependent if: tone is unknown; the relationship is unknown; the feedback purpose is unclear; whether there is an explicit rule; whether directness is constructive; whether expectations were agreed; whether the directness was tactful is unknown."
NORM_SAC095,country_norm,SAC095,care_harm,Thailand,face-saving,care harm situation involving face saving,face,Avoiding embarrassment is prioritized.,,actor; affected person; harm risk; care duty; urgency; available alternatives; face-saving; tone; public embarrassment; indirect communication; status; missing details; culture-specific expectation,"the behavior respects or accommodates Thailand expectations around face-saving, indirectness, calm interaction, and avoiding public embarrassment; criticism is private, indirect, and gives the person a way to save face; the issue is serious enough to require correction; the issue is handled privately or indirectly enough to preserve dignity","the action creates avoidable embarrassment or disrupts harmony; the behavior conflicts with Thailand expectations around face-saving, indirectness, calm interaction, and avoiding public embarrassment; the person is embarrassed in public; criticism is blunt or shaming; the action threatens family, group, or professional reputation",tone is unclear; the audience is unclear; the seriousness of the issue is unclear; whether criticism is public; whether alternatives preserve dignity; how direct the wording is,,,"Country/cultural context: Thailand. Norm domain: Face Saving. Scenario pattern: care harm situation involving face saving. Category: care harm. Culture-specific norm statement: Avoiding embarrassment is prioritized. Relevant latent variables: actor, affected person, harm risk, care duty, urgency, available alternatives, face-saving, tone, public embarrassment, indirect communication, status, missing details, culture-specific expectation. Acceptable if: the behavior respects or accommodates Thailand expectations around face-saving, indirectness, calm interaction, and avoiding public embarrassment; criticism is private, indirect, and gives the person a way to save face; the issue is serious enough to require correction; the issue is handled privately or indirectly enough to preserve dignity. Not acceptable if: the action creates avoidable embarrassment or disrupts harmony; the behavior conflicts with Thailand expectations around face-saving, indirectness, calm interaction, and avoiding public embarrassment; the person is embarrassed in public; criticism is blunt or shaming; the action threatens family, group, or professional reputation. Context-dependent if: tone is unclear; the audience is unclear; the seriousness of the issue is unclear; whether criticism is public; whether alternatives preserve dignity; how direct the wording is."
NORM_SAC096,country_norm,SAC096,workplace,US,coordination,workplace situation involving coordination,privacy,Communication is important for teamwork and planning.,,employee; coworker/manager; hierarchy; professional role; meeting/public setting; organizational culture; consent; personal autonomy; privacy; relationship closeness; workplace informality; missing details; culture-specific expectation,"the behavior respects or accommodates US expectations around individual autonomy, privacy, direct but respectful communication, and personal boundaries; the person has clearly consented; the topic is raised privately; the relationship is close enough for the information requested","the behavior conflicts with US expectations around individual autonomy, privacy, direct but respectful communication, and personal boundaries; private information is exposed publicly; the target has not consented; the setting is professional or with strangers",relationship closeness is unclear; the audience is unclear; prior consent or comfort is unknown; whether consent was given; whether the relationship is close; whether the setting is professional or personal,,,"Country/cultural context: US. Norm domain: Coordination. Scenario pattern: workplace situation involving coordination. Category: workplace. Culture-specific norm statement: Communication is important for teamwork and planning. Relevant latent variables: employee, coworker/manager, hierarchy, professional role, meeting/public setting, organizational culture, consent, personal autonomy, privacy, relationship closeness, workplace informality, missing details, culture-specific expectation. Acceptable if: the behavior respects or accommodates US expectations around individual autonomy, privacy, direct but respectful communication, and personal boundaries; the person has clearly consented; the topic is raised privately; the relationship is close enough for the information requested. Not acceptable if: the behavior conflicts with US expectations around individual autonomy, privacy, direct but respectful communication, and personal boundaries; private information is exposed publicly; the target has not consented; the setting is professional or with strangers. Context-dependent if: relationship closeness is unclear; the audience is unclear; prior consent or comfort is unknown; whether consent was given; whether the relationship is close; whether the setting is professional or personal."
NORM_SAC097,country_norm,SAC097,workplace,Japan,group-responsibility,workplace situation involving group responsibility,privacy,Team awareness and coordination are strongly emphasized.,,employee; coworker/manager; hierarchy; professional role; meeting/public setting; organizational culture; seniority; role; honorifics; public/private setting; group harmony; missing details; culture-specific expectation,"the behavior respects or accommodates Japan expectations around hierarchy, role formality, group harmony, indirectness, and reliability; the person has clearly consented; the topic is raised privately; the relationship is close enough for the information requested","the behavior conflicts with Japan expectations around hierarchy, role formality, group harmony, indirectness, and reliability; private information is exposed publicly; the target has not consented; the setting is professional or with strangers",relationship closeness is unclear; the audience is unclear; prior consent or comfort is unknown; whether informality was explicitly invited; how public the action is; whether it burdens the group,,,"Country/cultural context: Japan. Norm domain: Group Responsibility. Scenario pattern: workplace situation involving group responsibility. Category: workplace. Culture-specific norm statement: Team awareness and coordination are strongly emphasized. Relevant latent variables: employee, coworker/manager, hierarchy, professional role, meeting/public setting, organizational culture, seniority, role, honorifics, public/private setting, group harmony, missing details, culture-specific expectation. Acceptable if: the behavior respects or accommodates Japan expectations around hierarchy, role formality, group harmony, indirectness, and reliability; the person has clearly consented; the topic is raised privately; the relationship is close enough for the information requested. Not acceptable if: the behavior conflicts with Japan expectations around hierarchy, role formality, group harmony, indirectness, and reliability; private information is exposed publicly; the target has not consented; the setting is professional or with strangers. Context-dependent if: relationship closeness is unclear; the audience is unclear; prior consent or comfort is unknown; whether informality was explicitly invited; how public the action is; whether it burdens the group."
NORM_SAC098,country_norm,SAC098,workplace,US,autonomy,workplace situation involving autonomy,privacy,Independent work is valued but coordination is still important.,,employee; coworker/manager; hierarchy; professional role; meeting/public setting; organizational culture; consent; personal autonomy; privacy; relationship closeness; workplace informality; missing details; culture-specific expectation,"the actor sets a boundary without insulting or abandoning the other person; the behavior respects or accommodates US expectations around individual autonomy, privacy, direct but respectful communication, and personal boundaries; the person has clearly consented; the topic is raised privately; the relationship is close enough for the information requested","the behavior conflicts with US expectations around individual autonomy, privacy, direct but respectful communication, and personal boundaries; private information is exposed publicly; the target has not consented; the setting is professional or with strangers",relationship closeness is unclear; the audience is unclear; prior consent or comfort is unknown; whether consent was given; whether the relationship is close; whether the setting is professional or personal; whether the boundary was communicated respectfully is unknown,,,"Country/cultural context: US. Norm domain: Autonomy. Scenario pattern: workplace situation involving autonomy. Category: workplace. Culture-specific norm statement: Independent work is valued but coordination is still important. Relevant latent variables: employee, coworker/manager, hierarchy, professional role, meeting/public setting, organizational culture, consent, personal autonomy, privacy, relationship closeness, workplace informality, missing details, culture-specific expectation. Acceptable if: the actor sets a boundary without insulting or abandoning the other person; the behavior respects or accommodates US expectations around individual autonomy, privacy, direct but respectful communication, and personal boundaries; the person has clearly consented; the topic is raised privately; the relationship is close enough for the information requested. Not acceptable if: the behavior conflicts with US expectations around individual autonomy, privacy, direct but respectful communication, and personal boundaries; private information is exposed publicly; the target has not consented; the setting is professional or with strangers. Context-dependent if: relationship closeness is unclear; the audience is unclear; prior consent or comfort is unknown; whether consent was given; whether the relationship is close; whether the setting is professional or personal; whether the boundary was communicated respectfully is unknown."
NORM_SAC099,country_norm,SAC099,workplace,Germany,structure,workplace situation involving structure,privacy,Clear communication and structure are expected.,,employee; coworker/manager; hierarchy; professional role; meeting/public setting; organizational culture; rules; directness; punctuality; privacy; prior agreement; missing details; culture-specific expectation,"the behavior respects or accommodates Germany expectations around directness, punctuality, rule consistency, privacy, and clear agreements; the person has clearly consented; the topic is raised privately; the relationship is close enough for the information requested","the behavior conflicts with Germany expectations around directness, punctuality, rule consistency, privacy, and clear agreements; private information is exposed publicly; the target has not consented; the setting is professional or with strangers",relationship closeness is unclear; the audience is unclear; prior consent or comfort is unknown; whether there is an explicit rule; whether directness is constructive; whether expectations were agreed,,,"Country/cultural context: Germany. Norm domain: Structure. Scenario pattern: workplace situation involving structure. Category: workplace. Culture-specific norm statement: Clear communication and structure are expected. Relevant latent variables: employee, coworker/manager, hierarchy, professional role, meeting/public setting, organizational culture, rules, directness, punctuality, privacy, prior agreement, missing details, culture-specific expectation. Acceptable if: the behavior respects or accommodates Germany expectations around directness, punctuality, rule consistency, privacy, and clear agreements; the person has clearly consented; the topic is raised privately; the relationship is close enough for the information requested. Not acceptable if: the behavior conflicts with Germany expectations around directness, punctuality, rule consistency, privacy, and clear agreements; private information is exposed publicly; the target has not consented; the setting is professional or with strangers. Context-dependent if: relationship closeness is unclear; the audience is unclear; prior consent or comfort is unknown; whether there is an explicit rule; whether directness is constructive; whether expectations were agreed."
NORM_SAC100,country_norm,SAC100,fairness,US,fairness,fairness situation involving fairness,privacy,Keeping money given in error is generally seen as dishonest.,,actor; recipient; equity; rule consistency; resource distribution; transparency; consent; personal autonomy; privacy; relationship closeness; workplace informality; missing details; culture-specific expectation,"the behavior respects or accommodates US expectations around individual autonomy, privacy, direct but respectful communication, and personal boundaries; the person has clearly consented; the topic is raised privately; the relationship is close enough for the information requested","the behavior conflicts with US expectations around individual autonomy, privacy, direct but respectful communication, and personal boundaries; private information is exposed publicly; the target has not consented; the setting is professional or with strangers",relationship closeness is unclear; the audience is unclear; prior consent or comfort is unknown; whether consent was given; whether the relationship is close; whether the setting is professional or personal,,,"Country/cultural context: US. Norm domain: Fairness. Scenario pattern: fairness situation involving fairness. Category: fairness. Culture-specific norm statement: Keeping money given in error is generally seen as dishonest. Relevant latent variables: actor, recipient, equity, rule consistency, resource distribution, transparency, consent, personal autonomy, privacy, relationship closeness, workplace informality, missing details, culture-specific expectation. Acceptable if: the behavior respects or accommodates US expectations around individual autonomy, privacy, direct but respectful communication, and personal boundaries; the person has clearly consented; the topic is raised privately; the relationship is close enough for the information requested. Not acceptable if: the behavior conflicts with US expectations around individual autonomy, privacy, direct but respectful communication, and personal boundaries; private information is exposed publicly; the target has not consented; the setting is professional or with strangers. Context-dependent if: relationship closeness is unclear; the audience is unclear; prior consent or comfort is unknown; whether consent was given; whether the relationship is close; whether the setting is professional or personal."
NORM_SAC101,country_norm,SAC101,fairness,Japan,honesty,fairness situation involving honesty,privacy,Honesty in transactions is strongly emphasized.,,actor; recipient; equity; rule consistency; resource distribution; transparency; seniority; role; honorifics; public/private setting; group harmony; missing details; culture-specific expectation,"the behavior respects or accommodates Japan expectations around hierarchy, role formality, group harmony, indirectness, and reliability; the person has clearly consented; the topic is raised privately; the relationship is close enough for the information requested","the behavior conflicts with Japan expectations around hierarchy, role formality, group harmony, indirectness, and reliability; private information is exposed publicly; the target has not consented; the setting is professional or with strangers",relationship closeness is unclear; the audience is unclear; prior consent or comfort is unknown; whether informality was explicitly invited; how public the action is; whether it burdens the group,,,"Country/cultural context: Japan. Norm domain: Honesty. Scenario pattern: fairness situation involving honesty. Category: fairness. Culture-specific norm statement: Honesty in transactions is strongly emphasized. Relevant latent variables: actor, recipient, equity, rule consistency, resource distribution, transparency, seniority, role, honorifics, public/private setting, group harmony, missing details, culture-specific expectation. Acceptable if: the behavior respects or accommodates Japan expectations around hierarchy, role formality, group harmony, indirectness, and reliability; the person has clearly consented; the topic is raised privately; the relationship is close enough for the information requested. Not acceptable if: the behavior conflicts with Japan expectations around hierarchy, role formality, group harmony, indirectness, and reliability; private information is exposed publicly; the target has not consented; the setting is professional or with strangers. Context-dependent if: relationship closeness is unclear; the audience is unclear; prior consent or comfort is unknown; whether informality was explicitly invited; how public the action is; whether it burdens the group."
NORM_SAC102,country_norm,SAC102,fairness,US,reciprocity,fairness situation involving reciprocity,reciprocity,Returning borrowed items is expected.,,actor; recipient; equity; rule consistency; resource distribution; transparency; consent; personal autonomy; privacy; relationship closeness; workplace informality; missing details; culture-specific expectation,"the behavior respects or accommodates US expectations around individual autonomy, privacy, direct but respectful communication, and personal boundaries; resources are limited or expectations were not established; the actor communicates constraints; the exchange is voluntary","the behavior conflicts with US expectations around individual autonomy, privacy, direct but respectful communication, and personal boundaries; the actor exploits generosity; the actor ignores a clear obligation; the relationship depends on mutual support",prior favors are unknown; resources are unknown; relationship closeness is unclear; whether consent was given; whether the relationship is close; whether the setting is professional or personal,,,"Country/cultural context: US. Norm domain: Reciprocity. Scenario pattern: fairness situation involving reciprocity. Category: fairness. Culture-specific norm statement: Returning borrowed items is expected. Relevant latent variables: actor, recipient, equity, rule consistency, resource distribution, transparency, consent, personal autonomy, privacy, relationship closeness, workplace informality, missing details, culture-specific expectation. Acceptable if: the behavior respects or accommodates US expectations around individual autonomy, privacy, direct but respectful communication, and personal boundaries; resources are limited or expectations were not established; the actor communicates constraints; the exchange is voluntary. Not acceptable if: the behavior conflicts with US expectations around individual autonomy, privacy, direct but respectful communication, and personal boundaries; the actor exploits generosity; the actor ignores a clear obligation; the relationship depends on mutual support. Context-dependent if: prior favors are unknown; resources are unknown; relationship closeness is unclear; whether consent was given; whether the relationship is close; whether the setting is professional or personal."
NORM_SAC103,country_norm,SAC103,fairness,India,social-obligation,fairness situation involving reciprocity or obligation,reciprocity,Reciprocity is important in maintaining relationships.,,actor; recipient; equity; rule consistency; resource distribution; transparency; family obligation; community relationship; elder/status respect; resources; public reputation; missing details; culture-specific expectation,"the behavior respects or accommodates India expectations around family and community ties, social obligation, respect, and relational continuity; resources are limited or expectations were not established; the actor communicates constraints; the exchange is voluntary","the behavior conflicts with India expectations around family and community ties, social obligation, respect, and relational continuity; the actor exploits generosity; the actor ignores a clear obligation; the relationship depends on mutual support",prior favors are unknown; resources are unknown; relationship closeness is unclear; relationship closeness; available resources; whether refusal is respectful; community expectations,,,"Country/cultural context: India. Norm domain: Social Obligation. Scenario pattern: fairness situation involving reciprocity or obligation. Category: fairness. Culture-specific norm statement: Reciprocity is important in maintaining relationships. Relevant latent variables: actor, recipient, equity, rule consistency, resource distribution, transparency, family obligation, community relationship, elder/status respect, resources, public reputation, missing details, culture-specific expectation. Acceptable if: the behavior respects or accommodates India expectations around family and community ties, social obligation, respect, and relational continuity; resources are limited or expectations were not established; the actor communicates constraints; the exchange is voluntary. Not acceptable if: the behavior conflicts with India expectations around family and community ties, social obligation, respect, and relational continuity; the actor exploits generosity; the actor ignores a clear obligation; the relationship depends on mutual support. Context-dependent if: prior favors are unknown; resources are unknown; relationship closeness is unclear; relationship closeness; available resources; whether refusal is respectful; community expectations."
NORM_SAC104,country_norm,SAC104,social_etiquette,US,gratitude,deciding whether to help someone,care,Expressing appreciation is expected.,,guest/host; public setting; reciprocity; punctuality; attention; relationship closeness; consent; personal autonomy; privacy; workplace informality; missing details; culture-specific expectation,"the behavior respects or accommodates US expectations around individual autonomy, privacy, direct but respectful communication, and personal boundaries; the actor avoids harm while respecting autonomy; help is offered without coercion; urgent needs are handled responsibly","the behavior conflicts with US expectations around individual autonomy, privacy, direct but respectful communication, and personal boundaries; someone vulnerable is knowingly harmed or abandoned; safety is ignored; the actor has a clear duty of care",harm severity is unclear; responsibility is unclear; available alternatives are unknown; whether consent was given; whether the relationship is close; whether the setting is professional or personal,,,"Country/cultural context: US. Norm domain: Gratitude. Scenario pattern: deciding whether to help someone. Category: social etiquette. Culture-specific norm statement: Expressing appreciation is expected. Relevant latent variables: guest/host, public setting, reciprocity, punctuality, attention, relationship closeness, consent, personal autonomy, privacy, workplace informality, missing details, culture-specific expectation. Acceptable if: the behavior respects or accommodates US expectations around individual autonomy, privacy, direct but respectful communication, and personal boundaries; the actor avoids harm while respecting autonomy; help is offered without coercion; urgent needs are handled responsibly. Not acceptable if: the behavior conflicts with US expectations around individual autonomy, privacy, direct but respectful communication, and personal boundaries; someone vulnerable is knowingly harmed or abandoned; safety is ignored; the actor has a clear duty of care. Context-dependent if: harm severity is unclear; responsibility is unclear; available alternatives are unknown; whether consent was given; whether the relationship is close; whether the setting is professional or personal."
NORM_SAC105,country_norm,SAC105,social_etiquette,Japan,politeness,deciding whether to help someone,care,Gratitude is expressed explicitly and frequently.,,guest/host; public setting; reciprocity; punctuality; attention; relationship closeness; seniority; role; honorifics; public/private setting; group harmony; missing details; culture-specific expectation,"the behavior respects or accommodates Japan expectations around hierarchy, role formality, group harmony, indirectness, and reliability; the actor avoids harm while respecting autonomy; help is offered without coercion; urgent needs are handled responsibly","the behavior conflicts with Japan expectations around hierarchy, role formality, group harmony, indirectness, and reliability; someone vulnerable is knowingly harmed or abandoned; safety is ignored; the actor has a clear duty of care",harm severity is unclear; responsibility is unclear; available alternatives are unknown; whether informality was explicitly invited; how public the action is; whether it burdens the group,,,"Country/cultural context: Japan. Norm domain: Politeness. Scenario pattern: deciding whether to help someone. Category: social etiquette. Culture-specific norm statement: Gratitude is expressed explicitly and frequently. Relevant latent variables: guest/host, public setting, reciprocity, punctuality, attention, relationship closeness, seniority, role, honorifics, public/private setting, group harmony, missing details, culture-specific expectation. Acceptable if: the behavior respects or accommodates Japan expectations around hierarchy, role formality, group harmony, indirectness, and reliability; the actor avoids harm while respecting autonomy; help is offered without coercion; urgent needs are handled responsibly. Not acceptable if: the behavior conflicts with Japan expectations around hierarchy, role formality, group harmony, indirectness, and reliability; someone vulnerable is knowingly harmed or abandoned; safety is ignored; the actor has a clear duty of care. Context-dependent if: harm severity is unclear; responsibility is unclear; available alternatives are unknown; whether informality was explicitly invited; how public the action is; whether it burdens the group."
NORM_SAC106,country_norm,SAC106,social_etiquette,US,autonomy,social etiquette situation involving autonomy,privacy,Declining gifts is acceptable but should be polite.,,guest/host; public setting; reciprocity; punctuality; attention; relationship closeness; consent; personal autonomy; privacy; workplace informality; missing details; culture-specific expectation,"the actor sets a boundary without insulting or abandoning the other person; the behavior respects or accommodates US expectations around individual autonomy, privacy, direct but respectful communication, and personal boundaries; the person has clearly consented; the topic is raised privately; the relationship is close enough for the information requested","the behavior conflicts with US expectations around individual autonomy, privacy, direct but respectful communication, and personal boundaries; private information is exposed publicly; the target has not consented; the setting is professional or with strangers",relationship closeness is unclear; the audience is unclear; prior consent or comfort is unknown; whether consent was given; whether the relationship is close; whether the setting is professional or personal; whether the boundary was communicated respectfully is unknown,,,"Country/cultural context: US. Norm domain: Autonomy. Scenario pattern: social etiquette situation involving autonomy. Category: social etiquette. Culture-specific norm statement: Declining gifts is acceptable but should be polite. Relevant latent variables: guest/host, public setting, reciprocity, punctuality, attention, relationship closeness, consent, personal autonomy, privacy, workplace informality, missing details, culture-specific expectation. Acceptable if: the actor sets a boundary without insulting or abandoning the other person; the behavior respects or accommodates US expectations around individual autonomy, privacy, direct but respectful communication, and personal boundaries; the person has clearly consented; the topic is raised privately; the relationship is close enough for the information requested. Not acceptable if: the behavior conflicts with US expectations around individual autonomy, privacy, direct but respectful communication, and personal boundaries; private information is exposed publicly; the target has not consented; the setting is professional or with strangers. Context-dependent if: relationship closeness is unclear; the audience is unclear; prior consent or comfort is unknown; whether consent was given; whether the relationship is close; whether the setting is professional or personal; whether the boundary was communicated respectfully is unknown."
NORM_SAC107,country_norm,SAC107,social_etiquette,China,reciprocity,social etiquette situation involving reciprocity,reciprocity,Accepting gifts maintains social harmony and reciprocity.,,guest/host; public setting; reciprocity; punctuality; attention; relationship closeness; family duty; status hierarchy; face-saving; public image; missing details; culture-specific expectation,"the behavior respects or accommodates China expectations around family involvement, role obligations, hierarchy, reciprocity, and preserving face; resources are limited or expectations were not established; the actor communicates constraints; the exchange is voluntary","the behavior conflicts with China expectations around family involvement, role obligations, hierarchy, reciprocity, and preserving face; the actor exploits generosity; the actor ignores a clear obligation; the relationship depends on mutual support",prior favors are unknown; resources are unknown; relationship closeness is unclear; age and role of each person; whether the issue affects family reputation; whether disagreement is public,,,"Country/cultural context: China. Norm domain: Reciprocity. Scenario pattern: social etiquette situation involving reciprocity. Category: social etiquette. Culture-specific norm statement: Accepting gifts maintains social harmony and reciprocity. Relevant latent variables: guest/host, public setting, reciprocity, punctuality, attention, relationship closeness, family duty, status hierarchy, face-saving, public image, missing details, culture-specific expectation. Acceptable if: the behavior respects or accommodates China expectations around family involvement, role obligations, hierarchy, reciprocity, and preserving face; resources are limited or expectations were not established; the actor communicates constraints; the exchange is voluntary. Not acceptable if: the behavior conflicts with China expectations around family involvement, role obligations, hierarchy, reciprocity, and preserving face; the actor exploits generosity; the actor ignores a clear obligation; the relationship depends on mutual support. Context-dependent if: prior favors are unknown; resources are unknown; relationship closeness is unclear; age and role of each person; whether the issue affects family reputation; whether disagreement is public."
NORM_SAC108,country_norm,SAC108,social_etiquette,US,casual,social etiquette situation involving casual,privacy,"Not always required, but bringing something is appreciated.",,guest/host; public setting; reciprocity; punctuality; attention; relationship closeness; consent; personal autonomy; privacy; workplace informality; missing details; culture-specific expectation,"the behavior respects or accommodates US expectations around individual autonomy, privacy, direct but respectful communication, and personal boundaries; the person has clearly consented; the topic is raised privately; the relationship is close enough for the information requested","the behavior conflicts with US expectations around individual autonomy, privacy, direct but respectful communication, and personal boundaries; private information is exposed publicly; the target has not consented; the setting is professional or with strangers",relationship closeness is unclear; the audience is unclear; prior consent or comfort is unknown; whether consent was given; whether the relationship is close; whether the setting is professional or personal,,,"Country/cultural context: US. Norm domain: Casual. Scenario pattern: social etiquette situation involving casual. Category: social etiquette. Culture-specific norm statement: Not always required, but bringing something is appreciated. Relevant latent variables: guest/host, public setting, reciprocity, punctuality, attention, relationship closeness, consent, personal autonomy, privacy, workplace informality, missing details, culture-specific expectation. Acceptable if: the behavior respects or accommodates US expectations around individual autonomy, privacy, direct but respectful communication, and personal boundaries; the person has clearly consented; the topic is raised privately; the relationship is close enough for the information requested. Not acceptable if: the behavior conflicts with US expectations around individual autonomy, privacy, direct but respectful communication, and personal boundaries; private information is exposed publicly; the target has not consented; the setting is professional or with strangers. Context-dependent if: relationship closeness is unclear; the audience is unclear; prior consent or comfort is unknown; whether consent was given; whether the relationship is close; whether the setting is professional or personal."
NORM_SAC109,country_norm,SAC109,social_etiquette,France,hosting,social etiquette situation involving hosting,privacy,Guests are generally expected to bring a small gift.,,guest/host; public setting; reciprocity; punctuality; attention; relationship closeness; boundary; host/guest role; privacy; politeness; social occasion; missing details; culture-specific expectation,"the behavior respects or accommodates France expectations around personal boundaries, hosting customs, privacy, and respect for social form; the person has clearly consented; the topic is raised privately; the relationship is close enough for the information requested","the behavior conflicts with France expectations around personal boundaries, hosting customs, privacy, and respect for social form; private information is exposed publicly; the target has not consented; the setting is professional or with strangers",relationship closeness is unclear; the audience is unclear; prior consent or comfort is unknown; whether the host invited informality; whether refusal is polite; whether norms were explicit,,,"Country/cultural context: France. Norm domain: Hosting. Scenario pattern: social etiquette situation involving hosting. Category: social etiquette. Culture-specific norm statement: Guests are generally expected to bring a small gift. Relevant latent variables: guest/host, public setting, reciprocity, punctuality, attention, relationship closeness, boundary, host/guest role, privacy, politeness, social occasion, missing details, culture-specific expectation. Acceptable if: the behavior respects or accommodates France expectations around personal boundaries, hosting customs, privacy, and respect for social form; the person has clearly consented; the topic is raised privately; the relationship is close enough for the information requested. Not acceptable if: the behavior conflicts with France expectations around personal boundaries, hosting customs, privacy, and respect for social form; private information is exposed publicly; the target has not consented; the setting is professional or with strangers. Context-dependent if: relationship closeness is unclear; the audience is unclear; prior consent or comfort is unknown; whether the host invited informality; whether refusal is polite; whether norms were explicit."
NORM_SAC110,country_norm,SAC110,privacy,US,consent,privacy situation involving privacy or consent,privacy,Sharing private information without consent is discouraged.,,actor; target; personal information; consent; visibility; relationship closeness; personal autonomy; privacy; workplace informality; missing details; culture-specific expectation,"the behavior respects or accommodates US expectations around individual autonomy, privacy, direct but respectful communication, and personal boundaries; the person has clearly consented; the topic is raised privately; the relationship is close enough for the information requested","the action exposes or accesses personal information without consent; the behavior conflicts with US expectations around individual autonomy, privacy, direct but respectful communication, and personal boundaries; private information is exposed publicly; the target has not consented; the setting is professional or with strangers",relationship closeness is unclear; the audience is unclear; prior consent or comfort is unknown; whether consent was given; whether the relationship is close; whether the setting is professional or personal; whether consent was explicit or implied is unknown,,,"Country/cultural context: US. Norm domain: Consent. Scenario pattern: privacy situation involving privacy or consent. Category: privacy. Culture-specific norm statement: Sharing private information without consent is discouraged. Relevant latent variables: actor, target, personal information, consent, visibility, relationship closeness, personal autonomy, privacy, workplace informality, missing details, culture-specific expectation. Acceptable if: the behavior respects or accommodates US expectations around individual autonomy, privacy, direct but respectful communication, and personal boundaries; the person has clearly consented; the topic is raised privately; the relationship is close enough for the information requested. Not acceptable if: the action exposes or accesses personal information without consent; the behavior conflicts with US expectations around individual autonomy, privacy, direct but respectful communication, and personal boundaries; private information is exposed publicly; the target has not consented; the setting is professional or with strangers. Context-dependent if: relationship closeness is unclear; the audience is unclear; prior consent or comfort is unknown; whether consent was given; whether the relationship is close; whether the setting is professional or personal; whether consent was explicit or implied is unknown."
NORM_SAC111,country_norm,SAC111,privacy,Germany,privacy,privacy situation involving privacy,privacy,Privacy is strongly protected socially and legally.,,actor; target; personal information; consent; visibility; relationship closeness; rules; directness; punctuality; privacy; prior agreement; missing details; culture-specific expectation,"the behavior respects or accommodates Germany expectations around directness, punctuality, rule consistency, privacy, and clear agreements; the person has clearly consented; the topic is raised privately; the relationship is close enough for the information requested","the action exposes or accesses personal information without consent; the behavior conflicts with Germany expectations around directness, punctuality, rule consistency, privacy, and clear agreements; private information is exposed publicly; the target has not consented; the setting is professional or with strangers",relationship closeness is unclear; the audience is unclear; prior consent or comfort is unknown; whether there is an explicit rule; whether directness is constructive; whether expectations were agreed; whether consent was explicit or implied is unknown,,,"Country/cultural context: Germany. Norm domain: Privacy. Scenario pattern: privacy situation involving privacy. Category: privacy. Culture-specific norm statement: Privacy is strongly protected socially and legally. Relevant latent variables: actor, target, personal information, consent, visibility, relationship closeness, rules, directness, punctuality, privacy, prior agreement, missing details, culture-specific expectation. Acceptable if: the behavior respects or accommodates Germany expectations around directness, punctuality, rule consistency, privacy, and clear agreements; the person has clearly consented; the topic is raised privately; the relationship is close enough for the information requested. Not acceptable if: the action exposes or accesses personal information without consent; the behavior conflicts with Germany expectations around directness, punctuality, rule consistency, privacy, and clear agreements; private information is exposed publicly; the target has not consented; the setting is professional or with strangers. Context-dependent if: relationship closeness is unclear; the audience is unclear; prior consent or comfort is unknown; whether there is an explicit rule; whether directness is constructive; whether expectations were agreed; whether consent was explicit or implied is unknown."
NORM_SAC112,country_norm,SAC112,privacy,US,consent,privacy situation involving privacy or consent,privacy,Often acceptable but depends on context and sensitivity.,,actor; target; personal information; consent; visibility; relationship closeness; personal autonomy; privacy; workplace informality; missing details; culture-specific expectation,"the behavior respects or accommodates US expectations around individual autonomy, privacy, direct but respectful communication, and personal boundaries; the person has clearly consented; the topic is raised privately; the relationship is close enough for the information requested","the action exposes or accesses personal information without consent; the behavior conflicts with US expectations around individual autonomy, privacy, direct but respectful communication, and personal boundaries; private information is exposed publicly; the target has not consented; the setting is professional or with strangers",relationship closeness is unclear; the audience is unclear; prior consent or comfort is unknown; whether consent was given; whether the relationship is close; whether the setting is professional or personal; whether consent was explicit or implied is unknown,,,"Country/cultural context: US. Norm domain: Consent. Scenario pattern: privacy situation involving privacy or consent. Category: privacy. Culture-specific norm statement: Often acceptable but depends on context and sensitivity. Relevant latent variables: actor, target, personal information, consent, visibility, relationship closeness, personal autonomy, privacy, workplace informality, missing details, culture-specific expectation. Acceptable if: the behavior respects or accommodates US expectations around individual autonomy, privacy, direct but respectful communication, and personal boundaries; the person has clearly consented; the topic is raised privately; the relationship is close enough for the information requested. Not acceptable if: the action exposes or accesses personal information without consent; the behavior conflicts with US expectations around individual autonomy, privacy, direct but respectful communication, and personal boundaries; private information is exposed publicly; the target has not consented; the setting is professional or with strangers. Context-dependent if: relationship closeness is unclear; the audience is unclear; prior consent or comfort is unknown; whether consent was given; whether the relationship is close; whether the setting is professional or personal; whether consent was explicit or implied is unknown."
NORM_SAC113,country_norm,SAC113,privacy,South Korea,image,privacy situation involving image,privacy,Control over one’s image is socially important.,,actor; target; personal information; consent; visibility; relationship closeness; public image; privacy; social evaluation; missing details; culture-specific expectation,"the behavior respects or accommodates South Korea expectations around image management, privacy, politeness, and sensitivity to social evaluation; the person has clearly consented; the topic is raised privately; the relationship is close enough for the information requested","the behavior conflicts with South Korea expectations around image management, privacy, politeness, and sensitivity to social evaluation; private information is exposed publicly; the target has not consented; the setting is professional or with strangers",relationship closeness is unclear; the audience is unclear; prior consent or comfort is unknown; whether consent was given; whether the action affects public image; how visible the behavior is,,,"Country/cultural context: South Korea. Norm domain: Image. Scenario pattern: privacy situation involving image. Category: privacy. Culture-specific norm statement: Control over one’s image is socially important. Relevant latent variables: actor, target, personal information, consent, visibility, relationship closeness, public image, privacy, social evaluation, missing details, culture-specific expectation. Acceptable if: the behavior respects or accommodates South Korea expectations around image management, privacy, politeness, and sensitivity to social evaluation; the person has clearly consented; the topic is raised privately; the relationship is close enough for the information requested. Not acceptable if: the behavior conflicts with South Korea expectations around image management, privacy, politeness, and sensitivity to social evaluation; private information is exposed publicly; the target has not consented; the setting is professional or with strangers. Context-dependent if: relationship closeness is unclear; the audience is unclear; prior consent or comfort is unknown; whether consent was given; whether the action affects public image; how visible the behavior is."
NORM_SAC114,country_norm,SAC114,commitment,US,reliability,breaking or changing a commitment,commitment,Keeping promises is fundamental to trust.,,actor; recipient; promise/obligation; reliability; relationship; reason for breaking commitment; consent; personal autonomy; privacy; relationship closeness; workplace informality; missing details; culture-specific expectation,"the behavior respects or accommodates US expectations around individual autonomy, privacy, direct but respectful communication, and personal boundaries; there is a serious reason; the actor gives notice and tries to repair the impact; the commitment was tentative","the behavior conflicts with US expectations around individual autonomy, privacy, direct but respectful communication, and personal boundaries; the actor breaks a clear promise casually; others relied on the commitment; the actor repeats the behavior",the reason is unknown; the strength of the commitment is unclear; the impact on others is unknown; whether consent was given; whether the relationship is close; whether the setting is professional or personal,,,"Country/cultural context: US. Norm domain: Reliability. Scenario pattern: breaking or changing a commitment. Category: commitment. Culture-specific norm statement: Keeping promises is fundamental to trust. Relevant latent variables: actor, recipient, promise/obligation, reliability, relationship, reason for breaking commitment, consent, personal autonomy, privacy, relationship closeness, workplace informality, missing details, culture-specific expectation. Acceptable if: the behavior respects or accommodates US expectations around individual autonomy, privacy, direct but respectful communication, and personal boundaries; there is a serious reason; the actor gives notice and tries to repair the impact; the commitment was tentative. Not acceptable if: the behavior conflicts with US expectations around individual autonomy, privacy, direct but respectful communication, and personal boundaries; the actor breaks a clear promise casually; others relied on the commitment; the actor repeats the behavior. Context-dependent if: the reason is unknown; the strength of the commitment is unclear; the impact on others is unknown; whether consent was given; whether the relationship is close; whether the setting is professional or personal."
NORM_SAC115,country_norm,SAC115,commitment,Japan,obligation,breaking or changing a commitment,commitment,Reliability and fulfilling obligations are strongly emphasized.,,actor; recipient; promise/obligation; reliability; relationship; reason for breaking commitment; seniority; role; honorifics; public/private setting; group harmony; missing details; culture-specific expectation,"the behavior respects or accommodates Japan expectations around hierarchy, role formality, group harmony, indirectness, and reliability; there is a serious reason; the actor gives notice and tries to repair the impact; the commitment was tentative","the behavior conflicts with Japan expectations around hierarchy, role formality, group harmony, indirectness, and reliability; the actor breaks a clear promise casually; others relied on the commitment; the actor repeats the behavior",the reason is unknown; the strength of the commitment is unclear; the impact on others is unknown; whether informality was explicitly invited; how public the action is; whether it burdens the group,,,"Country/cultural context: Japan. Norm domain: Obligation. Scenario pattern: breaking or changing a commitment. Category: commitment. Culture-specific norm statement: Reliability and fulfilling obligations are strongly emphasized. Relevant latent variables: actor, recipient, promise/obligation, reliability, relationship, reason for breaking commitment, seniority, role, honorifics, public/private setting, group harmony, missing details, culture-specific expectation. Acceptable if: the behavior respects or accommodates Japan expectations around hierarchy, role formality, group harmony, indirectness, and reliability; there is a serious reason; the actor gives notice and tries to repair the impact; the commitment was tentative. Not acceptable if: the behavior conflicts with Japan expectations around hierarchy, role formality, group harmony, indirectness, and reliability; the actor breaks a clear promise casually; others relied on the commitment; the actor repeats the behavior. Context-dependent if: the reason is unknown; the strength of the commitment is unclear; the impact on others is unknown; whether informality was explicitly invited; how public the action is; whether it burdens the group."
NORM_SAC116,country_norm,SAC116,commitment,US,flexibility,commitment situation involving commitment or reliability,commitment,Changing plans is acceptable with communication.,,actor; recipient; promise/obligation; reliability; relationship; reason for breaking commitment; consent; personal autonomy; privacy; relationship closeness; workplace informality; missing details; culture-specific expectation,"the behavior respects or accommodates US expectations around individual autonomy, privacy, direct but respectful communication, and personal boundaries; there is a serious reason; the actor gives notice and tries to repair the impact; the commitment was tentative","the behavior conflicts with US expectations around individual autonomy, privacy, direct but respectful communication, and personal boundaries; the actor breaks a clear promise casually; others relied on the commitment; the actor repeats the behavior",the reason is unknown; the strength of the commitment is unclear; the impact on others is unknown; whether consent was given; whether the relationship is close; whether the setting is professional or personal,,,"Country/cultural context: US. Norm domain: Flexibility. Scenario pattern: commitment situation involving commitment or reliability. Category: commitment. Culture-specific norm statement: Changing plans is acceptable with communication. Relevant latent variables: actor, recipient, promise/obligation, reliability, relationship, reason for breaking commitment, consent, personal autonomy, privacy, relationship closeness, workplace informality, missing details, culture-specific expectation. Acceptable if: the behavior respects or accommodates US expectations around individual autonomy, privacy, direct but respectful communication, and personal boundaries; there is a serious reason; the actor gives notice and tries to repair the impact; the commitment was tentative. Not acceptable if: the behavior conflicts with US expectations around individual autonomy, privacy, direct but respectful communication, and personal boundaries; the actor breaks a clear promise casually; others relied on the commitment; the actor repeats the behavior. Context-dependent if: the reason is unknown; the strength of the commitment is unclear; the impact on others is unknown; whether consent was given; whether the relationship is close; whether the setting is professional or personal."
NORM_SAC117,country_norm,SAC117,commitment,Germany,agreement,commitment situation involving commitment or reliability,commitment,Agreements are expected to be honored unless unavoidable.,,actor; recipient; promise/obligation; reliability; relationship; reason for breaking commitment; rules; directness; punctuality; privacy; prior agreement; missing details; culture-specific expectation,"the behavior respects or accommodates Germany expectations around directness, punctuality, rule consistency, privacy, and clear agreements; there is a serious reason; the actor gives notice and tries to repair the impact; the commitment was tentative","the behavior conflicts with Germany expectations around directness, punctuality, rule consistency, privacy, and clear agreements; the actor breaks a clear promise casually; others relied on the commitment; the actor repeats the behavior",the reason is unknown; the strength of the commitment is unclear; the impact on others is unknown; whether there is an explicit rule; whether directness is constructive; whether expectations were agreed,,,"Country/cultural context: Germany. Norm domain: Agreement. Scenario pattern: commitment situation involving commitment or reliability. Category: commitment. Culture-specific norm statement: Agreements are expected to be honored unless unavoidable. Relevant latent variables: actor, recipient, promise/obligation, reliability, relationship, reason for breaking commitment, rules, directness, punctuality, privacy, prior agreement, missing details, culture-specific expectation. Acceptable if: the behavior respects or accommodates Germany expectations around directness, punctuality, rule consistency, privacy, and clear agreements; there is a serious reason; the actor gives notice and tries to repair the impact; the commitment was tentative. Not acceptable if: the behavior conflicts with Germany expectations around directness, punctuality, rule consistency, privacy, and clear agreements; the actor breaks a clear promise casually; others relied on the commitment; the actor repeats the behavior. Context-dependent if: the reason is unknown; the strength of the commitment is unclear; the impact on others is unknown; whether there is an explicit rule; whether directness is constructive; whether expectations were agreed."
NORM_SAC118,country_norm,SAC118,care_harm,US,situational-help,deciding whether to help someone,care,Helping is encouraged but depends on ability and safety.,,actor; affected person; harm risk; care duty; urgency; available alternatives; consent; personal autonomy; privacy; relationship closeness; workplace informality; missing details; culture-specific expectation,"the behavior respects or accommodates US expectations around individual autonomy, privacy, direct but respectful communication, and personal boundaries; the actor avoids harm while respecting autonomy; help is offered without coercion; urgent needs are handled responsibly","the behavior conflicts with US expectations around individual autonomy, privacy, direct but respectful communication, and personal boundaries; someone vulnerable is knowingly harmed or abandoned; safety is ignored; the actor has a clear duty of care",harm severity is unclear; responsibility is unclear; available alternatives are unknown; whether consent was given; whether the relationship is close; whether the setting is professional or personal,,,"Country/cultural context: US. Norm domain: Situational Help. Scenario pattern: deciding whether to help someone. Category: care harm. Culture-specific norm statement: Helping is encouraged but depends on ability and safety. Relevant latent variables: actor, affected person, harm risk, care duty, urgency, available alternatives, consent, personal autonomy, privacy, relationship closeness, workplace informality, missing details, culture-specific expectation. Acceptable if: the behavior respects or accommodates US expectations around individual autonomy, privacy, direct but respectful communication, and personal boundaries; the actor avoids harm while respecting autonomy; help is offered without coercion; urgent needs are handled responsibly. Not acceptable if: the behavior conflicts with US expectations around individual autonomy, privacy, direct but respectful communication, and personal boundaries; someone vulnerable is knowingly harmed or abandoned; safety is ignored; the actor has a clear duty of care. Context-dependent if: harm severity is unclear; responsibility is unclear; available alternatives are unknown; whether consent was given; whether the relationship is close; whether the setting is professional or personal."
NORM_SAC119,country_norm,SAC119,care_harm,India,community,deciding whether to help someone,care,Helping others is often socially expected in community contexts.,,actor; affected person; harm risk; care duty; urgency; available alternatives; family obligation; community relationship; elder/status respect; resources; public reputation; missing details; culture-specific expectation,"the behavior respects or accommodates India expectations around family and community ties, social obligation, respect, and relational continuity; the actor avoids harm while respecting autonomy; help is offered without coercion; urgent needs are handled responsibly","the behavior conflicts with India expectations around family and community ties, social obligation, respect, and relational continuity; someone vulnerable is knowingly harmed or abandoned; safety is ignored; the actor has a clear duty of care",harm severity is unclear; responsibility is unclear; available alternatives are unknown; relationship closeness; available resources; whether refusal is respectful; community expectations,,,"Country/cultural context: India. Norm domain: Community. Scenario pattern: deciding whether to help someone. Category: care harm. Culture-specific norm statement: Helping others is often socially expected in community contexts. Relevant latent variables: actor, affected person, harm risk, care duty, urgency, available alternatives, family obligation, community relationship, elder/status respect, resources, public reputation, missing details, culture-specific expectation. Acceptable if: the behavior respects or accommodates India expectations around family and community ties, social obligation, respect, and relational continuity; the actor avoids harm while respecting autonomy; help is offered without coercion; urgent needs are handled responsibly. Not acceptable if: the behavior conflicts with India expectations around family and community ties, social obligation, respect, and relational continuity; someone vulnerable is knowingly harmed or abandoned; safety is ignored; the actor has a clear duty of care. Context-dependent if: harm severity is unclear; responsibility is unclear; available alternatives are unknown; relationship closeness; available resources; whether refusal is respectful; community expectations."
NORM_SAC120,country_norm,SAC120,care_harm,US,respect,care harm situation involving hierarchy or respect,hierarchy,Public ridicule is generally discouraged.,,actor; affected person; harm risk; care duty; urgency; available alternatives; consent; personal autonomy; privacy; relationship closeness; workplace informality; missing details; culture-specific expectation,"the behavior respects or accommodates US expectations around individual autonomy, privacy, direct but respectful communication, and personal boundaries; informality or disagreement is explicitly invited; the setting is egalitarian or informal; the challenge is constructive and respectfully phrased","the behavior conflicts with US expectations around individual autonomy, privacy, direct but respectful communication, and personal boundaries; the action publicly undermines a superior or elder; formal titles or deference are expected; the actor ignores role/status differences",organizational culture is unknown; relative age/status is unknown; whether informality was invited is unknown; whether consent was given; whether the relationship is close; whether the setting is professional or personal,,,"Country/cultural context: US. Norm domain: Respect. Scenario pattern: care harm situation involving hierarchy or respect. Category: care harm. Culture-specific norm statement: Public ridicule is generally discouraged. Relevant latent variables: actor, affected person, harm risk, care duty, urgency, available alternatives, consent, personal autonomy, privacy, relationship closeness, workplace informality, missing details, culture-specific expectation. Acceptable if: the behavior respects or accommodates US expectations around individual autonomy, privacy, direct but respectful communication, and personal boundaries; informality or disagreement is explicitly invited; the setting is egalitarian or informal; the challenge is constructive and respectfully phrased. Not acceptable if: the behavior conflicts with US expectations around individual autonomy, privacy, direct but respectful communication, and personal boundaries; the action publicly undermines a superior or elder; formal titles or deference are expected; the actor ignores role/status differences. Context-dependent if: organizational culture is unknown; relative age/status is unknown; whether informality was invited is unknown; whether consent was given; whether the relationship is close; whether the setting is professional or personal."
CONTRAST_001,contrastive_scenario_pattern,,,,,not informing parents about a major life decision,,,,,,,,US; China,SAC001; SAC002,"Contrastive scenario pattern: not informing parents about a major life decision. Use this chunk when the same behavior may be judged differently across cultures. US / Adult Independence: Adult autonomy and privacy are commonly respected; informing parents is kind but not always expected. Acceptable if: the behavior respects or accommodates US expectations around individual autonomy, privacy, direct but respectful communication, and personal boundaries; the actor is an adult making a personal decision; boundaries are communicated respectfully; family expectations are acknowledged. Not acceptable if: the behavior conflicts with US expectations around individual autonomy, privacy, direct but respectful communication, and personal boundaries; the action publicly disrespects elders or close family; the decision imposes serious costs on family without explanation. Context-dependent if: age/dependence is unknown; family closeness is unknown; the importance of the decision is unclear; whether consent was given. China / Family Involvement: Major life decisions are often shared with family, but expectations vary by age, distance, and family relationship. Acceptable if: the behavior respects or accommodates China expectations around family involvement, role obligations, hierarchy, reciprocity, and preserving face; the actor is an adult making a personal decision; boundaries are communicated respectfully; family expectations are acknowledged. Not acceptable if: the behavior conflicts with China expectations around family involvement, role obligations, hierarchy, reciprocity, and preserving face; the action publicly disrespects elders or close family; the decision imposes serious costs on family without explanation. Context-dependent if: age/dependence is unknown; family closeness is unknown; the importance of the decision is unclear; age and role of each person."
CONTRAST_002,contrastive_scenario_pattern,,,,,skipping a family gathering for alone time,,,,,,,,US; Italy,SAC003; SAC004,"Contrastive scenario pattern: skipping a family gathering for alone time. Use this chunk when the same behavior may be judged differently across cultures. US / Personal Boundary: Personal time and emotional boundaries are generally accepted, especially if communicated respectfully. Acceptable if: the actor sets a boundary without insulting or abandoning the other person; the behavior respects or accommodates US expectations around individual autonomy, privacy, direct but respectful communication, and personal boundaries; the actor is an adult making a personal decision; boundaries are communicated respectfully. Not acceptable if: the behavior conflicts with US expectations around individual autonomy, privacy, direct but respectful communication, and personal boundaries; the action publicly disrespects elders or close family; the decision imposes serious costs on family without explanation. Context-dependent if: age/dependence is unknown; family closeness is unknown; the importance of the decision is unclear; whether consent was given. Italy / Family Gathering: Family gatherings can be socially important, but acceptability depends on frequency, explanation, and relationship closeness. Acceptable if: the behavior respects or accommodates Italy expectations around family connection, expressive discussion, social warmth, and workplace or family presence; the actor is an adult making a personal decision; boundaries are communicated respectfully; family expectations are acknowledged. Not acceptable if: the behavior conflicts with Italy expectations around family connection, expressive discussion, social warmth, and workplace or family presence; the action publicly disrespects elders or close family; the decision imposes serious costs on family without explanation. Context-dependent if: age/dependence is unknown; family closeness is unknown; the importance of the decision is unclear; whether absence is explained."
CONTRAST_003,contrastive_scenario_pattern,,,,,declining financial help to a sibling,,,,,,,,US; India,SAC005; SAC006,"Contrastive scenario pattern: declining financial help to a sibling. Use this chunk when the same behavior may be judged differently across cultures. US / Financial Independence: Individual financial responsibility is emphasized, but emergencies or close family obligations may change expectations. Acceptable if: the behavior respects or accommodates US expectations around individual autonomy, privacy, direct but respectful communication, and personal boundaries; resources are limited or expectations were not established; the actor communicates constraints; the exchange is voluntary. Not acceptable if: the behavior conflicts with US expectations around individual autonomy, privacy, direct but respectful communication, and personal boundaries; the actor exploits generosity; the actor ignores a clear obligation; the relationship depends on mutual support. Context-dependent if: prior favors are unknown; resources are unknown; relationship closeness is unclear; whether consent was given. India / Extended Family: Family support may be expected, but obligation depends on resources, relationship, and circumstances. Acceptable if: the behavior respects or accommodates India expectations around family and community ties, social obligation, respect, and relational continuity; resources are limited or expectations were not established; the actor communicates constraints; the exchange is voluntary. Not acceptable if: the behavior conflicts with India expectations around family and community ties, social obligation, respect, and relational continuity; the actor exploits generosity; the actor ignores a clear obligation; the relationship depends on mutual support. Context-dependent if: prior favors are unknown; resources are unknown; relationship closeness is unclear; relationship closeness."
CONTRAST_004,contrastive_scenario_pattern,,,,,criticizing parents in public,,,,,,,,Korea; US,SAC007; SAC008,"Contrastive scenario pattern: criticizing parents in public. Use this chunk when the same behavior may be judged differently across cultures. Korea / Elder Respect: Public criticism of parents can be seen as disrespectful because elder respect and family reputation are important. Acceptable if: the behavior respects or accommodates Korea expectations around age/status hierarchy, politeness, responsiveness, and maintaining respectful relationships; criticism is private, indirect, and gives the person a way to save face; the issue is serious enough to require correction. Not acceptable if: the behavior conflicts with Korea expectations around age/status hierarchy, politeness, responsiveness, and maintaining respectful relationships; the person is embarrassed in public; criticism is blunt or shaming; the action threatens family, group, or professional reputation. Context-dependent if: tone is unclear; the audience is unclear; the seriousness of the issue is unclear; relative age/status. US / Individual Expression: Open disagreement is allowed, but public criticism may still be viewed as hurtful depending on tone. Acceptable if: the behavior respects or accommodates US expectations around individual autonomy, privacy, direct but respectful communication, and personal boundaries; criticism is private, indirect, and gives the person a way to save face; the issue is serious enough to require correction. Not acceptable if: the behavior conflicts with US expectations around individual autonomy, privacy, direct but respectful communication, and personal boundaries; the person is embarrassed in public; criticism is blunt or shaming; the action threatens family, group, or professional reputation. Context-dependent if: tone is unclear; the audience is unclear; the seriousness of the issue is unclear; whether consent was given."
CONTRAST_005,contrastive_scenario_pattern,,,,,setting boundaries around family marriage advice,,,,,,,,US; China,SAC009; SAC010,"Contrastive scenario pattern: setting boundaries around family marriage advice. Use this chunk when the same behavior may be judged differently across cultures. US / Personal Boundary: Directly setting boundaries around personal life decisions is generally acceptable when done respectfully. Acceptable if: the actor sets a boundary without insulting or abandoning the other person; the behavior respects or accommodates US expectations around individual autonomy, privacy, direct but respectful communication, and personal boundaries; the actor is an adult making a personal decision; boundaries are communicated respectfully. Not acceptable if: the behavior conflicts with US expectations around individual autonomy, privacy, direct but respectful communication, and personal boundaries; the action publicly disrespects elders or close family; the decision imposes serious costs on family without explanation. Context-dependent if: age/dependence is unknown; family closeness is unknown; the importance of the decision is unclear; whether consent was given. China / Family Advice: Marriage advice from relatives may be common, but younger adults may still set boundaries depending on tone and relationship. Acceptable if: the behavior respects or accommodates China expectations around family involvement, role obligations, hierarchy, reciprocity, and preserving face; the actor is an adult making a personal decision; boundaries are communicated respectfully; family expectations are acknowledged. Not acceptable if: the behavior conflicts with China expectations around family involvement, role obligations, hierarchy, reciprocity, and preserving face; the action publicly disrespects elders or close family; the decision imposes serious costs on family without explanation. Context-dependent if: age/dependence is unknown; family closeness is unknown; the importance of the decision is unclear; age and role of each person."
CONTRAST_006,contrastive_scenario_pattern,,,,,asking a coworker personal relationship questions,,,,,,,,US; India,SAC011; SAC012,"Contrastive scenario pattern: asking a coworker personal relationship questions. Use this chunk when the same behavior may be judged differently across cultures. US / Workplace Privacy: Relationship status is usually considered private in professional settings. Acceptable if: the behavior respects or accommodates US expectations around individual autonomy, privacy, direct but respectful communication, and personal boundaries; the person has clearly consented; the topic is raised privately; the relationship is close enough for the information requested. Not acceptable if: the action exposes or accesses personal information without consent; the behavior conflicts with US expectations around individual autonomy, privacy, direct but respectful communication, and personal boundaries; private information is exposed publicly; the target has not consented. Context-dependent if: relationship closeness is unclear; the audience is unclear; prior consent or comfort is unknown; whether consent was given. India / Marriage Salience: Marriage may be commonly discussed socially, but asking in a workplace can still be intrusive. Acceptable if: the behavior respects or accommodates India expectations around family and community ties, social obligation, respect, and relational continuity; the person has clearly consented; the topic is raised privately; the relationship is close enough for the information requested. Not acceptable if: the behavior conflicts with India expectations around family and community ties, social obligation, respect, and relational continuity; private information is exposed publicly; the target has not consented; the setting is professional or with strangers. Context-dependent if: relationship closeness is unclear; the audience is unclear; prior consent or comfort is unknown; relationship closeness."
CONTRAST_007,contrastive_scenario_pattern,,,,,asking about dating life in front of others,,,,,,,,US; Japan,SAC013; SAC014,"Contrastive scenario pattern: asking about dating life in front of others. Use this chunk when the same behavior may be judged differently across cultures. US / Privacy: Acceptability depends on closeness, consent, and whether the person is comfortable discussing it publicly. Acceptable if: the behavior respects or accommodates US expectations around individual autonomy, privacy, direct but respectful communication, and personal boundaries; the person has clearly consented; the topic is raised privately; the relationship is close enough for the information requested. Not acceptable if: the action exposes or accesses personal information without consent; the behavior conflicts with US expectations around individual autonomy, privacy, direct but respectful communication, and personal boundaries; private information is exposed publicly; the target has not consented. Context-dependent if: relationship closeness is unclear; the audience is unclear; prior consent or comfort is unknown; whether consent was given. Japan / Privacy And Harmony: Publicly raising private topics may embarrass the person and disturb social harmony. Acceptable if: the behavior respects or accommodates Japan expectations around hierarchy, role formality, group harmony, indirectness, and reliability; the person has clearly consented; the topic is raised privately; the relationship is close enough for the information requested. Not acceptable if: the action exposes or accesses personal information without consent; the action creates avoidable embarrassment or disrupts harmony; the behavior conflicts with Japan expectations around hierarchy, role formality, group harmony, indirectness, and reliability; private information is exposed publicly. Context-dependent if: relationship closeness is unclear; the audience is unclear; prior consent or comfort is unknown; whether informality was explicitly invited."
CONTRAST_008,contrastive_scenario_pattern,,,,,checking a partner's phone without clear consent,,,,,,,,US; Brazil,SAC015; SAC016,"Contrastive scenario pattern: checking a partner's phone without clear consent. Use this chunk when the same behavior may be judged differently across cultures. US / Relationship Privacy: Privacy and consent are important in relationships; suspicion does not usually justify checking someone’s phone. Acceptable if: the behavior respects or accommodates US expectations around individual autonomy, privacy, direct but respectful communication, and personal boundaries; the person has clearly consented; the topic is raised privately; the relationship is close enough for the information requested. Not acceptable if: the action exposes or accesses personal information without consent; the behavior conflicts with US expectations around individual autonomy, privacy, direct but respectful communication, and personal boundaries; private information is exposed publicly; the target has not consented. Context-dependent if: relationship closeness is unclear; the audience is unclear; prior consent or comfort is unknown; whether consent was given. Brazil / Relationship Trust: Trust and privacy are still important; jealousy may be understood emotionally but does not make the action acceptable. Acceptable if: the behavior respects or accommodates Brazil expectations around relational warmth, trust, expressiveness, flexible time, and closeness; the person has clearly consented; the topic is raised privately; the relationship is close enough for the information requested. Not acceptable if: the behavior conflicts with Brazil expectations around relational warmth, trust, expressiveness, flexible time, and closeness; private information is exposed publicly; the target has not consented; the setting is professional or with strangers. Context-dependent if: relationship closeness is unclear; the audience is unclear; prior consent or comfort is unknown; whether closeness has been established."
CONTRAST_009,contrastive_scenario_pattern,,,,,giving blunt negative feedback to a partner,,,,,,,,Germany; Thailand,SAC017; SAC018,"Contrastive scenario pattern: giving blunt negative feedback to a partner. Use this chunk when the same behavior may be judged differently across cultures. Germany / Direct Communication: Direct feedback may be acceptable, but kindness and relationship context still matter. Acceptable if: direct wording is expected and remains constructive rather than insulting; the behavior respects or accommodates Germany expectations around directness, punctuality, rule consistency, privacy, and clear agreements; directness is constructive, specific, and expected in that setting; the relationship can support frank feedback. Not acceptable if: the behavior conflicts with Germany expectations around directness, punctuality, rule consistency, privacy, and clear agreements; directness becomes insulting, humiliating, or careless; the listener loses face or is criticized publicly. Context-dependent if: tone is unknown; the relationship is unknown; the feedback purpose is unclear; whether there is an explicit rule. Thailand / Face Saving: Direct negative comments may embarrass the person; softer indirect feedback is preferred. Acceptable if: the behavior respects or accommodates Thailand expectations around face-saving, indirectness, calm interaction, and avoiding public embarrassment; directness is constructive, specific, and expected in that setting; the relationship can support frank feedback; the issue is handled privately or indirectly enough to preserve dignity. Not acceptable if: the action creates avoidable embarrassment or disrupts harmony; the behavior conflicts with Thailand expectations around face-saving, indirectness, calm interaction, and avoiding public embarrassment; directness becomes insulting, humiliating, or careless; the listener loses face or is criticized publicly. Context-dependent if: tone is unknown; the relationship is unknown; the feedback purpose is unclear; whether criticism is public."
CONTRAST_010,contrastive_scenario_pattern,,,,,relationship situation involving autonomy,,,,,,,,US; China,SAC019; SAC020,"Contrastive scenario pattern: relationship situation involving autonomy. Use this chunk when the same behavior may be judged differently across cultures. US / Autonomy: Relationship pacing is often treated as an individual choice. Acceptable if: the actor sets a boundary without insulting or abandoning the other person; the behavior respects or accommodates US expectations around individual autonomy, privacy, direct but respectful communication, and personal boundaries; the person has clearly consented; the topic is raised privately. Not acceptable if: the behavior conflicts with US expectations around individual autonomy, privacy, direct but respectful communication, and personal boundaries; private information is exposed publicly; the target has not consented; the setting is professional or with strangers. Context-dependent if: relationship closeness is unclear; the audience is unclear; prior consent or comfort is unknown; whether consent was given. China / Family Introduction: Meeting family may signal seriousness, but timing expectations vary across families and regions. Acceptable if: the behavior respects or accommodates China expectations around family involvement, role obligations, hierarchy, reciprocity, and preserving face; the actor is an adult making a personal decision; boundaries are communicated respectfully; family expectations are acknowledged. Not acceptable if: the behavior conflicts with China expectations around family involvement, role obligations, hierarchy, reciprocity, and preserving face; the action publicly disrespects elders or close family; the decision imposes serious costs on family without explanation. Context-dependent if: age/dependence is unknown; family closeness is unknown; the importance of the decision is unclear; age and role of each person."
CONTRAST_011,contrastive_scenario_pattern,,,,,addressing a boss or senior colleague informally,,,,,,,,US; Japan,SAC021; SAC022,"Contrastive scenario pattern: addressing a boss or senior colleague informally. Use this chunk when the same behavior may be judged differently across cultures. US / Informal Workplace: Many workplaces use first names to signal approachability and flat hierarchy. Acceptable if: informality is normal in this specific setting or has been invited; the behavior respects or accommodates US expectations around individual autonomy, privacy, direct but respectful communication, and personal boundaries; informality or disagreement is explicitly invited; the setting is egalitarian or informal. Not acceptable if: the actor ignores expected titles, seniority, or formal role boundaries; the behavior conflicts with US expectations around individual autonomy, privacy, direct but respectful communication, and personal boundaries; the action publicly undermines a superior or elder; formal titles or deference are expected. Context-dependent if: organizational culture is unknown; relative age/status is unknown; whether informality was invited is unknown; whether consent was given. Japan / Formal Hierarchy: Titles and honorifics often express respect for hierarchy and role. Acceptable if: the behavior respects or accommodates Japan expectations around hierarchy, role formality, group harmony, indirectness, and reliability; informality or disagreement is explicitly invited; the setting is egalitarian or informal; the challenge is constructive and respectfully phrased. Not acceptable if: the actor ignores expected titles, seniority, or formal role boundaries; the behavior conflicts with Japan expectations around hierarchy, role formality, group harmony, indirectness, and reliability; the action publicly undermines a superior or elder; formal titles or deference are expected. Context-dependent if: organizational culture is unknown; relative age/status is unknown; whether informality was invited is unknown; whether informality was explicitly invited."
CONTRAST_012,contrastive_scenario_pattern,,,,,challenging a manager in a public team meeting,,,,,,,,Netherlands; China,SAC023; SAC024,"Contrastive scenario pattern: challenging a manager in a public team meeting. Use this chunk when the same behavior may be judged differently across cultures. Netherlands / Direct Discussion: Direct disagreement can be acceptable when focused on ideas rather than personal criticism. Acceptable if: direct wording is expected and remains constructive rather than insulting; the behavior respects or accommodates Netherlands expectations around direct discussion, egalitarian workplace norms, and frank but constructive disagreement; informality or disagreement is explicitly invited; the setting is egalitarian or informal. Not acceptable if: the behavior conflicts with Netherlands expectations around direct discussion, egalitarian workplace norms, and frank but constructive disagreement; the action publicly undermines a superior or elder; formal titles or deference are expected; the actor ignores role/status differences. Context-dependent if: organizational culture is unknown; relative age/status is unknown; whether informality was invited is unknown; whether challenge is constructive. China / Authority And Face: Public disagreement with a manager may cause loss of face; private discussion is often preferred. Acceptable if: the behavior respects or accommodates China expectations around family involvement, role obligations, hierarchy, reciprocity, and preserving face; informality or disagreement is explicitly invited; the setting is egalitarian or informal; the challenge is constructive and respectfully phrased. Not acceptable if: the action creates avoidable embarrassment or disrupts harmony; the behavior conflicts with China expectations around family involvement, role obligations, hierarchy, reciprocity, and preserving face; the action publicly undermines a superior or elder; formal titles or deference are expected. Context-dependent if: organizational culture is unknown; relative age/status is unknown; whether informality was invited is unknown; age and role of each person."
CONTRAST_013,contrastive_scenario_pattern,,,,,workplace situation involving work life boundary,,,,,,,,Germany; Japan,SAC025; SAC026,"Contrastive scenario pattern: workplace situation involving work life boundary. Use this chunk when the same behavior may be judged differently across cultures. Germany / Work Life Boundary: Leaving on time after completing work is generally compatible with work-life balance norms. Acceptable if: the actor sets a boundary without insulting or abandoning the other person; the behavior respects or accommodates Germany expectations around directness, punctuality, rule consistency, privacy, and clear agreements; the person has clearly consented; the topic is raised privately. Not acceptable if: the behavior conflicts with Germany expectations around directness, punctuality, rule consistency, privacy, and clear agreements; private information is exposed publicly; the target has not consented; the setting is professional or with strangers. Context-dependent if: relationship closeness is unclear; the audience is unclear; prior consent or comfort is unknown; whether there is an explicit rule. Japan / Overtime Presence: Staying later may signal commitment in some workplaces, though norms are changing. Acceptable if: the behavior respects or accommodates Japan expectations around hierarchy, role formality, group harmony, indirectness, and reliability; lateness is minor, communicated, or culturally tolerated; the event is casual and flexible. Not acceptable if: the behavior conflicts with Japan expectations around hierarchy, role formality, group harmony, indirectness, and reliability; time was explicitly agreed; others are kept waiting in a formal context; reliability is central to the relationship. Context-dependent if: the event formality is unclear; the delay length is unknown; whether notice was given is unknown; whether informality was explicitly invited."
CONTRAST_014,contrastive_scenario_pattern,,,,,workplace situation involving work life separation,,,,,,,,US; Japan,SAC027; SAC028,"Contrastive scenario pattern: workplace situation involving work life separation. Use this chunk when the same behavior may be judged differently across cultures. US / Work Life Separation: After-work socializing is usually optional and personal time is respected. Acceptable if: the behavior respects or accommodates US expectations around individual autonomy, privacy, direct but respectful communication, and personal boundaries; the person has clearly consented; the topic is raised privately; the relationship is close enough for the information requested. Not acceptable if: the behavior conflicts with US expectations around individual autonomy, privacy, direct but respectful communication, and personal boundaries; private information is exposed publicly; the target has not consented; the setting is professional or with strangers. Context-dependent if: relationship closeness is unclear; the audience is unclear; prior consent or comfort is unknown; whether consent was given. Japan / Team Bonding: After-work gatherings may support team cohesion, but expectations vary by company and generation. Acceptable if: the behavior respects or accommodates Japan expectations around hierarchy, role formality, group harmony, indirectness, and reliability; the person has clearly consented; the topic is raised privately; the relationship is close enough for the information requested. Not acceptable if: the behavior conflicts with Japan expectations around hierarchy, role formality, group harmony, indirectness, and reliability; private information is exposed publicly; the target has not consented; the setting is professional or with strangers. Context-dependent if: relationship closeness is unclear; the audience is unclear; prior consent or comfort is unknown; whether informality was explicitly invited."
CONTRAST_015,contrastive_scenario_pattern,,,,,workplace situation involving direct feedback,,,,,,,,Germany; Thailand,SAC029; SAC030,"Contrastive scenario pattern: workplace situation involving direct feedback. Use this chunk when the same behavior may be judged differently across cultures. Germany / Direct Feedback: Directness may be acceptable, but professional respect and specificity are still expected. Acceptable if: direct wording is expected and remains constructive rather than insulting; the behavior respects or accommodates Germany expectations around directness, punctuality, rule consistency, privacy, and clear agreements; directness is constructive, specific, and expected in that setting; the relationship can support frank feedback. Not acceptable if: the behavior conflicts with Germany expectations around directness, punctuality, rule consistency, privacy, and clear agreements; directness becomes insulting, humiliating, or careless; the listener loses face or is criticized publicly. Context-dependent if: tone is unknown; the relationship is unknown; the feedback purpose is unclear; whether there is an explicit rule. Thailand / Face Saving: Feedback is often expected to be softened to avoid embarrassment. Acceptable if: the behavior respects or accommodates Thailand expectations around face-saving, indirectness, calm interaction, and avoiding public embarrassment; criticism is private, indirect, and gives the person a way to save face; the issue is serious enough to require correction; the issue is handled privately or indirectly enough to preserve dignity. Not acceptable if: the action creates avoidable embarrassment or disrupts harmony; the behavior conflicts with Thailand expectations around face-saving, indirectness, calm interaction, and avoiding public embarrassment; the person is embarrassed in public; criticism is blunt or shaming. Context-dependent if: tone is unclear; the audience is unclear; the seriousness of the issue is unclear; whether criticism is public."
CONTRAST_016,contrastive_scenario_pattern,,,,,workplace situation involving boundary,,,,,,,,France; Japan,SAC031; SAC032,"Contrastive scenario pattern: workplace situation involving boundary. Use this chunk when the same behavior may be judged differently across cultures. France / Boundary: Delayed replies to non-urgent messages can be acceptable, especially outside work hours. Acceptable if: the actor sets a boundary without insulting or abandoning the other person; the behavior respects or accommodates France expectations around personal boundaries, hosting customs, privacy, and respect for social form; the person has clearly consented; the topic is raised privately. Not acceptable if: the behavior conflicts with France expectations around personal boundaries, hosting customs, privacy, and respect for social form; private information is exposed publicly; the target has not consented; the setting is professional or with strangers. Context-dependent if: relationship closeness is unclear; the audience is unclear; prior consent or comfort is unknown; whether the host invited informality. Japan / Responsiveness: Promptness is valued, but expectations depend on urgency and workplace policy. Acceptable if: the behavior respects or accommodates Japan expectations around hierarchy, role formality, group harmony, indirectness, and reliability; the person has clearly consented; the topic is raised privately; the relationship is close enough for the information requested. Not acceptable if: the behavior conflicts with Japan expectations around hierarchy, role formality, group harmony, indirectness, and reliability; private information is exposed publicly; the target has not consented; the setting is professional or with strangers. Context-dependent if: relationship closeness is unclear; the audience is unclear; prior consent or comfort is unknown; whether informality was explicitly invited."
CONTRAST_017,contrastive_scenario_pattern,,,,,workplace situation involving accountability,,,,,,,,US; China,SAC033; SAC034,"Contrastive scenario pattern: workplace situation involving accountability. Use this chunk when the same behavior may be judged differently across cultures. US / Accountability: Reporting may be acceptable for serious issues, but minor mistakes are often handled directly first. Acceptable if: the behavior respects or accommodates US expectations around individual autonomy, privacy, direct but respectful communication, and personal boundaries; the person has clearly consented; the topic is raised privately; the relationship is close enough for the information requested. Not acceptable if: the behavior conflicts with US expectations around individual autonomy, privacy, direct but respectful communication, and personal boundaries; private information is exposed publicly; the target has not consented; the setting is professional or with strangers. Context-dependent if: relationship closeness is unclear; the audience is unclear; prior consent or comfort is unknown; whether consent was given. China / Group Harmony: Bypassing the coworker may be seen as damaging harmony and trust unless the issue is serious. Acceptable if: the behavior respects or accommodates China expectations around family involvement, role obligations, hierarchy, reciprocity, and preserving face; criticism is private, indirect, and gives the person a way to save face; the issue is serious enough to require correction; the issue is handled privately or indirectly enough to preserve dignity. Not acceptable if: the action creates avoidable embarrassment or disrupts harmony; the behavior conflicts with China expectations around family involvement, role obligations, hierarchy, reciprocity, and preserving face; the person is embarrassed in public; criticism is blunt or shaming. Context-dependent if: tone is unclear; the audience is unclear; the seriousness of the issue is unclear; age and role of each person."
CONTRAST_018,contrastive_scenario_pattern,,,,,workplace situation involving expressive discussion,,,,,,,,Italy; Japan,SAC035; SAC036,"Contrastive scenario pattern: workplace situation involving expressive discussion. Use this chunk when the same behavior may be judged differently across cultures. Italy / Expressive Discussion: Conversational overlap can occur, but repeated interruption may still be disrespectful. Acceptable if: the behavior respects or accommodates Italy expectations around family connection, expressive discussion, social warmth, and workplace or family presence; the person has clearly consented; the topic is raised privately; the relationship is close enough for the information requested. Not acceptable if: the behavior conflicts with Italy expectations around family connection, expressive discussion, social warmth, and workplace or family presence; private information is exposed publicly; the target has not consented; the setting is professional or with strangers. Context-dependent if: relationship closeness is unclear; the audience is unclear; prior consent or comfort is unknown; whether absence is explained. Japan / Turn Taking: Interrupting can signal disrespect and disrupt orderly discussion. Acceptable if: the behavior respects or accommodates Japan expectations around hierarchy, role formality, group harmony, indirectness, and reliability; the person has clearly consented; the topic is raised privately; the relationship is close enough for the information requested. Not acceptable if: the behavior conflicts with Japan expectations around hierarchy, role formality, group harmony, indirectness, and reliability; private information is exposed publicly; the target has not consented; the setting is professional or with strangers. Context-dependent if: relationship closeness is unclear; the audience is unclear; prior consent or comfort is unknown; whether informality was explicitly invited."
CONTRAST_019,contrastive_scenario_pattern,,,,,communication situation involving directness or feedback,,,,,,,,US; Japan,SAC037; SAC038,"Contrastive scenario pattern: communication situation involving directness or feedback. Use this chunk when the same behavior may be judged differently across cultures. US / Constructive Feedback: Feedback is acceptable when invited, but harsh wording may hurt the relationship. Acceptable if: the behavior respects or accommodates US expectations around individual autonomy, privacy, direct but respectful communication, and personal boundaries; directness is constructive, specific, and expected in that setting; the relationship can support frank feedback. Not acceptable if: the behavior conflicts with US expectations around individual autonomy, privacy, direct but respectful communication, and personal boundaries; directness becomes insulting, humiliating, or careless; the listener loses face or is criticized publicly. Context-dependent if: tone is unknown; the relationship is unknown; the feedback purpose is unclear; whether consent was given. Japan / Indirect Feedback: Indirect phrasing is often preferred to preserve the friend’s dignity. Acceptable if: direct wording is expected and remains constructive rather than insulting; the behavior respects or accommodates Japan expectations around hierarchy, role formality, group harmony, indirectness, and reliability; directness is constructive, specific, and expected in that setting; the relationship can support frank feedback. Not acceptable if: the behavior conflicts with Japan expectations around hierarchy, role formality, group harmony, indirectness, and reliability; directness becomes insulting, humiliating, or careless; the listener loses face or is criticized publicly. Context-dependent if: tone is unknown; the relationship is unknown; the feedback purpose is unclear; whether informality was explicitly invited."
CONTRAST_020,contrastive_scenario_pattern,,,,,communication situation involving hierarchy or respect,,,,,,,,US; Brazil,SAC039; SAC040,"Contrastive scenario pattern: communication situation involving hierarchy or respect. Use this chunk when the same behavior may be judged differently across cultures. US / Conversational Respect: Abruptly ending a call is usually considered disrespectful unless there is a safety concern. Acceptable if: the behavior respects or accommodates US expectations around individual autonomy, privacy, direct but respectful communication, and personal boundaries; informality or disagreement is explicitly invited; the setting is egalitarian or informal; the challenge is constructive and respectfully phrased. Not acceptable if: the behavior conflicts with US expectations around individual autonomy, privacy, direct but respectful communication, and personal boundaries; the action publicly undermines a superior or elder; formal titles or deference are expected; the actor ignores role/status differences. Context-dependent if: organizational culture is unknown; relative age/status is unknown; whether informality was invited is unknown; whether consent was given. Brazil / Expressive Conflict: Emotional expression may be more tolerated, but abruptly ending communication can still damage trust. Acceptable if: the behavior respects or accommodates Brazil expectations around relational warmth, trust, expressiveness, flexible time, and closeness; the person has clearly consented; the topic is raised privately; the relationship is close enough for the information requested. Not acceptable if: the behavior conflicts with Brazil expectations around relational warmth, trust, expressiveness, flexible time, and closeness; private information is exposed publicly; the target has not consented; the setting is professional or with strangers. Context-dependent if: relationship closeness is unclear; the audience is unclear; prior consent or comfort is unknown; whether closeness has been established."
CONTRAST_021,contrastive_scenario_pattern,,,,,communication situation involving confidence,,,,,,,,US; Japan,SAC041; SAC042,"Contrastive scenario pattern: communication situation involving confidence. Use this chunk when the same behavior may be judged differently across cultures. US / Confidence: Eye contact often signals confidence, but neurodiversity, shyness, or respect may affect interpretation. Acceptable if: the behavior respects or accommodates US expectations around individual autonomy, privacy, direct but respectful communication, and personal boundaries; the person has clearly consented; the topic is raised privately; the relationship is close enough for the information requested. Not acceptable if: the behavior conflicts with US expectations around individual autonomy, privacy, direct but respectful communication, and personal boundaries; private information is exposed publicly; the target has not consented; the setting is professional or with strangers. Context-dependent if: relationship closeness is unclear; the audience is unclear; prior consent or comfort is unknown; whether consent was given. Japan / Respect: Reduced direct eye contact can be interpreted as respectful rather than evasive. Acceptable if: the behavior respects or accommodates Japan expectations around hierarchy, role formality, group harmony, indirectness, and reliability; informality or disagreement is explicitly invited; the setting is egalitarian or informal; the challenge is constructive and respectfully phrased. Not acceptable if: the behavior conflicts with Japan expectations around hierarchy, role formality, group harmony, indirectness, and reliability; the action publicly undermines a superior or elder; formal titles or deference are expected; the actor ignores role/status differences. Context-dependent if: organizational culture is unknown; relative age/status is unknown; whether informality was invited is unknown; whether informality was explicitly invited."
CONTRAST_022,contrastive_scenario_pattern,,,,,communication situation involving hierarchy and politeness,,,,,,,,Korea; US,SAC043; SAC044,"Contrastive scenario pattern: communication situation involving hierarchy and politeness. Use this chunk when the same behavior may be judged differently across cultures. Korea / Hierarchy And Politeness: Formal speech can show respect, especially when relationship closeness is unclear. Acceptable if: the behavior respects or accommodates Korea expectations around age/status hierarchy, politeness, responsiveness, and maintaining respectful relationships; informality or disagreement is explicitly invited; the setting is egalitarian or informal; the challenge is constructive and respectfully phrased. Not acceptable if: the actor ignores expected titles, seniority, or formal role boundaries; the behavior conflicts with Korea expectations around age/status hierarchy, politeness, responsiveness, and maintaining respectful relationships; the action publicly undermines a superior or elder; formal titles or deference are expected. Context-dependent if: organizational culture is unknown; relative age/status is unknown; whether informality was invited is unknown; relative age/status. US / Informality: Formal language is polite but may create distance in casual peer interactions. Acceptable if: informality is normal in this specific setting or has been invited; the behavior respects or accommodates US expectations around individual autonomy, privacy, direct but respectful communication, and personal boundaries; the person has clearly consented; the topic is raised privately. Not acceptable if: the actor ignores expected titles, seniority, or formal role boundaries; the behavior conflicts with US expectations around individual autonomy, privacy, direct but respectful communication, and personal boundaries; private information is exposed publicly; the target has not consented. Context-dependent if: relationship closeness is unclear; the audience is unclear; prior consent or comfort is unknown; whether consent was given."
CONTRAST_023,contrastive_scenario_pattern,,,,,communication situation involving emotional expression,,,,,,,,US; Finland,SAC045; SAC046,"Contrastive scenario pattern: communication situation involving emotional expression. Use this chunk when the same behavior may be judged differently across cultures. US / Emotional Expression: Open emotional communication is often valued, but privacy is also respected. Acceptable if: the behavior respects or accommodates US expectations around individual autonomy, privacy, direct but respectful communication, and personal boundaries; the person has clearly consented; the topic is raised privately; the relationship is close enough for the information requested. Not acceptable if: the behavior conflicts with US expectations around individual autonomy, privacy, direct but respectful communication, and personal boundaries; private information is exposed publicly; the target has not consented; the setting is professional or with strangers. Context-dependent if: relationship closeness is unclear; the audience is unclear; prior consent or comfort is unknown; whether consent was given. Finland / Reserved Communication: Concise communication and emotional privacy are often socially acceptable. Acceptable if: the behavior respects or accommodates Finland expectations around reserved communication, privacy, personal space, and low-pressure interaction; the person has clearly consented; the topic is raised privately; the relationship is close enough for the information requested. Not acceptable if: the behavior conflicts with Finland expectations around reserved communication, privacy, personal space, and low-pressure interaction; private information is exposed publicly; the target has not consented; the setting is professional or with strangers. Context-dependent if: relationship closeness is unclear; the audience is unclear; prior consent or comfort is unknown; whether silence means discomfort."
CONTRAST_024,contrastive_scenario_pattern,,,,,social etiquette situation involving privacy,,,,,,,,US urban; Southern US,SAC047; SAC048,"Contrastive scenario pattern: social etiquette situation involving privacy. Use this chunk when the same behavior may be judged differently across cultures. US urban / Privacy: In many large cities, limited interaction with strangers is normal. Acceptable if: the behavior respects or accommodates US urban expectations around privacy, personal space, and low obligation toward strangers in dense public settings; the person has clearly consented; the topic is raised privately; the relationship is close enough for the information requested. Not acceptable if: the action exposes or accesses personal information without consent; the behavior conflicts with US urban expectations around privacy, personal space, and low obligation toward strangers in dense public settings; private information is exposed publicly; the target has not consented. Context-dependent if: relationship closeness is unclear; the audience is unclear; prior consent or comfort is unknown; whether interaction was invited. Southern US / Friendliness: Greeting strangers can be expected in some communities, but not every setting requires it. Acceptable if: the behavior respects or accommodates Southern US expectations around public friendliness, casual warmth, and politeness toward strangers; the person has clearly consented; the topic is raised privately; the relationship is close enough for the information requested. Not acceptable if: the behavior conflicts with Southern US expectations around public friendliness, casual warmth, and politeness toward strangers; private information is exposed publicly; the target has not consented; the setting is professional or with strangers. Context-dependent if: relationship closeness is unclear; the audience is unclear; prior consent or comfort is unknown; whether friendliness becomes intrusive."
CONTRAST_025,contrastive_scenario_pattern,,,,,social etiquette situation involving privacy,,,,,,,,US; China,SAC049; SAC050,"Contrastive scenario pattern: social etiquette situation involving privacy. Use this chunk when the same behavior may be judged differently across cultures. US / Privacy: Age can be treated as personal information, especially for adults. Acceptable if: the behavior respects or accommodates US expectations around individual autonomy, privacy, direct but respectful communication, and personal boundaries; the person has clearly consented; the topic is raised privately; the relationship is close enough for the information requested. Not acceptable if: the action exposes or accesses personal information without consent; the behavior conflicts with US expectations around individual autonomy, privacy, direct but respectful communication, and personal boundaries; private information is exposed publicly; the target has not consented. Context-dependent if: relationship closeness is unclear; the audience is unclear; prior consent or comfort is unknown; whether consent was given. China / Social Role: Age may help determine forms of address and seniority, but context and relationship matter. Acceptable if: the behavior respects or accommodates China expectations around family involvement, role obligations, hierarchy, reciprocity, and preserving face; the person has clearly consented; the topic is raised privately; the relationship is close enough for the information requested. Not acceptable if: the behavior conflicts with China expectations around family involvement, role obligations, hierarchy, reciprocity, and preserving face; private information is exposed publicly; the target has not consented; the setting is professional or with strangers. Context-dependent if: relationship closeness is unclear; the audience is unclear; prior consent or comfort is unknown; age and role of each person."
CONTRAST_026,contrastive_scenario_pattern,,,,,social etiquette situation involving body privacy,,,,,,,,US; China,SAC051; SAC052,"Contrastive scenario pattern: social etiquette situation involving body privacy. Use this chunk when the same behavior may be judged differently across cultures. US / Body Privacy: Unsolicited body comments are commonly viewed as hurtful or inappropriate. Acceptable if: the behavior respects or accommodates US expectations around individual autonomy, privacy, direct but respectful communication, and personal boundaries; the person has clearly consented; the topic is raised privately; the relationship is close enough for the information requested. Not acceptable if: the action exposes or accesses personal information without consent; the behavior conflicts with US expectations around individual autonomy, privacy, direct but respectful communication, and personal boundaries; private information is exposed publicly; the target has not consented. Context-dependent if: relationship closeness is unclear; the audience is unclear; prior consent or comfort is unknown; whether consent was given. China / Casual Observation: Such comments may be intended as casual concern, but they can still be hurtful. Acceptable if: the behavior respects or accommodates China expectations around family involvement, role obligations, hierarchy, reciprocity, and preserving face; the person has clearly consented; the topic is raised privately; the relationship is close enough for the information requested. Not acceptable if: the behavior conflicts with China expectations around family involvement, role obligations, hierarchy, reciprocity, and preserving face; private information is exposed publicly; the target has not consented; the setting is professional or with strangers. Context-dependent if: relationship closeness is unclear; the audience is unclear; prior consent or comfort is unknown; age and role of each person."
CONTRAST_027,contrastive_scenario_pattern,,,,,social etiquette situation involving fairness and precision,,,,,,,,Germany; China,SAC053; SAC054,"Contrastive scenario pattern: social etiquette situation involving fairness and precision. Use this chunk when the same behavior may be judged differently across cultures. Germany / Fairness And Precision: Exact bill splitting is commonly seen as fair and practical. Acceptable if: the behavior respects or accommodates Germany expectations around directness, punctuality, rule consistency, privacy, and clear agreements; the person has clearly consented; the topic is raised privately; the relationship is close enough for the information requested. Not acceptable if: the behavior conflicts with Germany expectations around directness, punctuality, rule consistency, privacy, and clear agreements; private information is exposed publicly; the target has not consented; the setting is professional or with strangers. Context-dependent if: relationship closeness is unclear; the audience is unclear; prior consent or comfort is unknown; whether there is an explicit rule. China / Host Generosity: The host may be expected to pay, but splitting can be acceptable among peers or younger groups. Acceptable if: the behavior respects or accommodates China expectations around family involvement, role obligations, hierarchy, reciprocity, and preserving face; the person has clearly consented; the topic is raised privately; the relationship is close enough for the information requested. Not acceptable if: the behavior conflicts with China expectations around family involvement, role obligations, hierarchy, reciprocity, and preserving face; private information is exposed publicly; the target has not consented; the setting is professional or with strangers. Context-dependent if: relationship closeness is unclear; the audience is unclear; prior consent or comfort is unknown; age and role of each person."
CONTRAST_028,contrastive_scenario_pattern,,,,,arriving late or missing agreed timing,,,,,,,,Germany; Brazil,SAC055; SAC056,"Contrastive scenario pattern: arriving late or missing agreed timing. Use this chunk when the same behavior may be judged differently across cultures. Germany / Punctuality: Punctuality is strongly valued and lateness may be seen as disrespectful. Acceptable if: the behavior respects or accommodates Germany expectations around directness, punctuality, rule consistency, privacy, and clear agreements; lateness is minor, communicated, or culturally tolerated; the event is casual and flexible. Not acceptable if: the behavior conflicts with Germany expectations around directness, punctuality, rule consistency, privacy, and clear agreements; time was explicitly agreed; others are kept waiting in a formal context; reliability is central to the relationship. Context-dependent if: the event formality is unclear; the delay length is unknown; whether notice was given is unknown; whether there is an explicit rule. Brazil / Flexible Time: Some social settings have flexible timing, but lateness is not universally acceptable. Acceptable if: the behavior respects or accommodates Brazil expectations around relational warmth, trust, expressiveness, flexible time, and closeness; lateness is minor, communicated, or culturally tolerated; the event is casual and flexible. Not acceptable if: the behavior conflicts with Brazil expectations around relational warmth, trust, expressiveness, flexible time, and closeness; time was explicitly agreed; others are kept waiting in a formal context; reliability is central to the relationship. Context-dependent if: the event formality is unclear; the delay length is unknown; whether notice was given is unknown; whether closeness has been established."
CONTRAST_029,contrastive_scenario_pattern,,,,,social etiquette situation involving attention,,,,,,,,US; China,SAC057; SAC058,"Contrastive scenario pattern: social etiquette situation involving attention. Use this chunk when the same behavior may be judged differently across cultures. US / Attention: Giving attention during conversation signals respect. Acceptable if: the behavior respects or accommodates US expectations around individual autonomy, privacy, direct but respectful communication, and personal boundaries; the person has clearly consented; the topic is raised privately; the relationship is close enough for the information requested. Not acceptable if: the behavior conflicts with US expectations around individual autonomy, privacy, direct but respectful communication, and personal boundaries; private information is exposed publicly; the target has not consented; the setting is professional or with strangers. Context-dependent if: relationship closeness is unclear; the audience is unclear; prior consent or comfort is unknown; whether consent was given. China / Mobile Social: Phone use is common in many settings, but acceptability depends on relationship, age, and context. Acceptable if: the behavior respects or accommodates China expectations around family involvement, role obligations, hierarchy, reciprocity, and preserving face; the person has clearly consented; the topic is raised privately; the relationship is close enough for the information requested. Not acceptable if: the behavior conflicts with China expectations around family involvement, role obligations, hierarchy, reciprocity, and preserving face; private information is exposed publicly; the target has not consented; the setting is professional or with strangers. Context-dependent if: relationship closeness is unclear; the audience is unclear; prior consent or comfort is unknown; age and role of each person."
CONTRAST_030,contrastive_scenario_pattern,,,,,social etiquette situation involving reciprocity boundary,,,,,,,,US; Germany,SAC059; SAC060,"Contrastive scenario pattern: social etiquette situation involving reciprocity boundary. Use this chunk when the same behavior may be judged differently across cultures. US / Reciprocity Boundary: Expensive gifts may feel generous or uncomfortable depending on relationship closeness. Acceptable if: the actor sets a boundary without insulting or abandoning the other person; the behavior respects or accommodates US expectations around individual autonomy, privacy, direct but respectful communication, and personal boundaries; resources are limited or expectations were not established; the actor communicates constraints. Not acceptable if: the behavior conflicts with US expectations around individual autonomy, privacy, direct but respectful communication, and personal boundaries; the actor exploits generosity; the actor ignores a clear obligation; the relationship depends on mutual support. Context-dependent if: prior favors are unknown; resources are unknown; relationship closeness is unclear; whether consent was given. Germany / Modesty: Very expensive gifts may be seen as excessive or creating unwanted obligation. Acceptable if: the behavior respects or accommodates Germany expectations around directness, punctuality, rule consistency, privacy, and clear agreements; the person has clearly consented; the topic is raised privately; the relationship is close enough for the information requested. Not acceptable if: the behavior conflicts with Germany expectations around directness, punctuality, rule consistency, privacy, and clear agreements; private information is exposed publicly; the target has not consented; the setting is professional or with strangers. Context-dependent if: relationship closeness is unclear; the audience is unclear; prior consent or comfort is unknown; whether there is an explicit rule."
CONTRAST_031,contrastive_scenario_pattern,,,,,privacy situation involving privacy,,,,,,,,US; Brazil,SAC061; SAC062,"Contrastive scenario pattern: privacy situation involving privacy. Use this chunk when the same behavior may be judged differently across cultures. US / Privacy: People are generally allowed to keep personal plans private. Acceptable if: the behavior respects or accommodates US expectations around individual autonomy, privacy, direct but respectful communication, and personal boundaries; the person has clearly consented; the topic is raised privately; the relationship is close enough for the information requested. Not acceptable if: the action exposes or accesses personal information without consent; the behavior conflicts with US expectations around individual autonomy, privacy, direct but respectful communication, and personal boundaries; private information is exposed publicly; the target has not consented. Context-dependent if: relationship closeness is unclear; the audience is unclear; prior consent or comfort is unknown; whether consent was given. Brazil / Relational Closeness: Close friends may expect sharing, but privacy remains acceptable depending on relationship. Acceptable if: the behavior respects or accommodates Brazil expectations around relational warmth, trust, expressiveness, flexible time, and closeness; the person has clearly consented; the topic is raised privately; the relationship is close enough for the information requested. Not acceptable if: the behavior conflicts with Brazil expectations around relational warmth, trust, expressiveness, flexible time, and closeness; private information is exposed publicly; the target has not consented; the setting is professional or with strangers. Context-dependent if: relationship closeness is unclear; the audience is unclear; prior consent or comfort is unknown; whether closeness has been established."
CONTRAST_032,contrastive_scenario_pattern,,,,,privacy situation involving autonomy,,,,,,,,US; China,SAC063; SAC064,"Contrastive scenario pattern: privacy situation involving autonomy. Use this chunk when the same behavior may be judged differently across cultures. US / Autonomy: Adults commonly make travel decisions independently unless others are affected. Acceptable if: the actor sets a boundary without insulting or abandoning the other person; the behavior respects or accommodates US expectations around individual autonomy, privacy, direct but respectful communication, and personal boundaries; the person has clearly consented; the topic is raised privately. Not acceptable if: the behavior conflicts with US expectations around individual autonomy, privacy, direct but respectful communication, and personal boundaries; private information is exposed publicly; the target has not consented; the setting is professional or with strangers. Context-dependent if: relationship closeness is unclear; the audience is unclear; prior consent or comfort is unknown; whether consent was given. China / Family Awareness: Family may expect to know travel plans for safety and connection, but expectations vary. Acceptable if: the behavior respects or accommodates China expectations around family involvement, role obligations, hierarchy, reciprocity, and preserving face; the actor is an adult making a personal decision; boundaries are communicated respectfully; family expectations are acknowledged. Not acceptable if: the behavior conflicts with China expectations around family involvement, role obligations, hierarchy, reciprocity, and preserving face; the action publicly disrespects elders or close family; the decision imposes serious costs on family without explanation. Context-dependent if: age/dependence is unknown; family closeness is unknown; the importance of the decision is unclear; age and role of each person."
CONTRAST_033,contrastive_scenario_pattern,,,,,checking a partner's phone without clear consent,,,,,,,,US; Mexico,SAC065; SAC066,"Contrastive scenario pattern: checking a partner's phone without clear consent. Use this chunk when the same behavior may be judged differently across cultures. US / Digital Privacy: Maintaining personal digital privacy is widely considered reasonable. Acceptable if: the behavior respects or accommodates US expectations around individual autonomy, privacy, direct but respectful communication, and personal boundaries; the person has clearly consented; the topic is raised privately; the relationship is close enough for the information requested. Not acceptable if: the action exposes or accesses personal information without consent; the behavior conflicts with US expectations around individual autonomy, privacy, direct but respectful communication, and personal boundaries; private information is exposed publicly; the target has not consented. Context-dependent if: relationship closeness is unclear; the audience is unclear; prior consent or comfort is unknown; whether consent was given. Mexico / Relationship Closeness: Some partners may view sharing as trust, but privacy boundaries are still legitimate. Acceptable if: the behavior respects or accommodates Mexico expectations around relationship closeness, family/social warmth, and respect for personal trust; the person has clearly consented; the topic is raised privately; the relationship is close enough for the information requested. Not acceptable if: the behavior conflicts with Mexico expectations around relationship closeness, family/social warmth, and respect for personal trust; private information is exposed publicly; the target has not consented; the setting is professional or with strangers. Context-dependent if: relationship closeness is unclear; the audience is unclear; prior consent or comfort is unknown; whether closeness justifies asking."
CONTRAST_034,contrastive_scenario_pattern,,,,,privacy situation involving privacy or consent,,,,,,,,US; South Korea,SAC067; SAC068,"Contrastive scenario pattern: privacy situation involving privacy or consent. Use this chunk when the same behavior may be judged differently across cultures. US / Consent: Posting someone’s image usually requires respect for consent and privacy. Acceptable if: the behavior respects or accommodates US expectations around individual autonomy, privacy, direct but respectful communication, and personal boundaries; the person has clearly consented; the topic is raised privately; the relationship is close enough for the information requested. Not acceptable if: the action exposes or accesses personal information without consent; the behavior conflicts with US expectations around individual autonomy, privacy, direct but respectful communication, and personal boundaries; private information is exposed publicly; the target has not consented. Context-dependent if: relationship closeness is unclear; the audience is unclear; prior consent or comfort is unknown; whether consent was given. South Korea / Image Conscious: Managing one’s public image is socially important, so photo consent is meaningful. Acceptable if: the behavior respects or accommodates South Korea expectations around image management, privacy, politeness, and sensitivity to social evaluation; the person has clearly consented; the topic is raised privately; the relationship is close enough for the information requested. Not acceptable if: the behavior conflicts with South Korea expectations around image management, privacy, politeness, and sensitivity to social evaluation; private information is exposed publicly; the target has not consented; the setting is professional or with strangers. Context-dependent if: relationship closeness is unclear; the audience is unclear; prior consent or comfort is unknown; whether consent was given."
CONTRAST_035,contrastive_scenario_pattern,,,,,morality fairness situation involving commitment,,,,,,,,US; Japan,SAC069; SAC070,"Contrastive scenario pattern: morality fairness situation involving commitment. Use this chunk when the same behavior may be judged differently across cultures. US / Commitment: Not following through on commitments is generally unfair to teammates. Acceptable if: the behavior respects or accommodates US expectations around individual autonomy, privacy, direct but respectful communication, and personal boundaries; there is a serious reason; the actor gives notice and tries to repair the impact; the commitment was tentative. Not acceptable if: the behavior conflicts with US expectations around individual autonomy, privacy, direct but respectful communication, and personal boundaries; the actor breaks a clear promise casually; others relied on the commitment; the actor repeats the behavior. Context-dependent if: the reason is unknown; the strength of the commitment is unclear; the impact on others is unknown; whether consent was given. Japan / Group Responsibility: Group obligation and reliability are strongly valued. Acceptable if: the behavior respects or accommodates Japan expectations around hierarchy, role formality, group harmony, indirectness, and reliability; the person has clearly consented; the topic is raised privately; the relationship is close enough for the information requested. Not acceptable if: the behavior conflicts with Japan expectations around hierarchy, role formality, group harmony, indirectness, and reliability; private information is exposed publicly; the target has not consented; the setting is professional or with strangers. Context-dependent if: relationship closeness is unclear; the audience is unclear; prior consent or comfort is unknown; whether informality was explicitly invited."
CONTRAST_036,contrastive_scenario_pattern,,,,,morality fairness situation involving contract,,,,,,,,US; Germany,SAC071; SAC072,"Contrastive scenario pattern: morality fairness situation involving contract. Use this chunk when the same behavior may be judged differently across cultures. US / Contract: Keeping agreements is valued, but refunds may depend on fairness, product condition, and prior terms. Acceptable if: the behavior respects or accommodates US expectations around individual autonomy, privacy, direct but respectful communication, and personal boundaries; the person has clearly consented; the topic is raised privately; the relationship is close enough for the information requested. Not acceptable if: the behavior conflicts with US expectations around individual autonomy, privacy, direct but respectful communication, and personal boundaries; private information is exposed publicly; the target has not consented; the setting is professional or with strangers. Context-dependent if: relationship closeness is unclear; the audience is unclear; prior consent or comfort is unknown; whether consent was given. Germany / Rule And Contract: Clear agreements are generally expected to be honored. Acceptable if: the behavior respects or accommodates Germany expectations around directness, punctuality, rule consistency, privacy, and clear agreements; the person has clearly consented; the topic is raised privately; the relationship is close enough for the information requested. Not acceptable if: the behavior conflicts with Germany expectations around directness, punctuality, rule consistency, privacy, and clear agreements; private information is exposed publicly; the target has not consented; the setting is professional or with strangers. Context-dependent if: relationship closeness is unclear; the audience is unclear; prior consent or comfort is unknown; whether there is an explicit rule."
CONTRAST_037,contrastive_scenario_pattern,,,,,morality fairness situation involving accountability,,,,,,,,US; Japan,SAC073; SAC074,"Contrastive scenario pattern: morality fairness situation involving accountability. Use this chunk when the same behavior may be judged differently across cultures. US / Accountability: Late apologies can be acceptable when they acknowledge harm without demanding forgiveness. Acceptable if: the behavior respects or accommodates US expectations around individual autonomy, privacy, direct but respectful communication, and personal boundaries; the person has clearly consented; the topic is raised privately; the relationship is close enough for the information requested. Not acceptable if: the behavior conflicts with US expectations around individual autonomy, privacy, direct but respectful communication, and personal boundaries; private information is exposed publicly; the target has not consented; the setting is professional or with strangers. Context-dependent if: relationship closeness is unclear; the audience is unclear; prior consent or comfort is unknown; whether consent was given. Japan / Restoring Harmony: Apology can help repair relationships and restore social harmony. Acceptable if: the behavior respects or accommodates Japan expectations around hierarchy, role formality, group harmony, indirectness, and reliability; criticism is private, indirect, and gives the person a way to save face; the issue is serious enough to require correction; the issue is handled privately or indirectly enough to preserve dignity. Not acceptable if: the action creates avoidable embarrassment or disrupts harmony; the behavior conflicts with Japan expectations around hierarchy, role formality, group harmony, indirectness, and reliability; the person is embarrassed in public; criticism is blunt or shaming. Context-dependent if: tone is unclear; the audience is unclear; the seriousness of the issue is unclear; whether informality was explicitly invited."
CONTRAST_039,contrastive_scenario_pattern,,,,,friendship situation involving privacy or consent,,,,,,,,US; Germany,SAC076; SAC077,"Contrastive scenario pattern: friendship situation involving privacy or consent. Use this chunk when the same behavior may be judged differently across cultures. US / Consent And Respect: Respecting requests about personal images is tied to trust and consent. Acceptable if: the behavior respects or accommodates US expectations around individual autonomy, privacy, direct but respectful communication, and personal boundaries; the person has clearly consented; the topic is raised privately; the relationship is close enough for the information requested. Not acceptable if: the action exposes or accesses personal information without consent; the behavior conflicts with US expectations around individual autonomy, privacy, direct but respectful communication, and personal boundaries; private information is exposed publicly; the target has not consented. Context-dependent if: relationship closeness is unclear; the audience is unclear; prior consent or comfort is unknown; whether consent was given. Germany / Privacy Respect: Personal dignity and consent are strongly emphasized in social interactions. Acceptable if: the behavior respects or accommodates Germany expectations around directness, punctuality, rule consistency, privacy, and clear agreements; the person has clearly consented; the topic is raised privately; the relationship is close enough for the information requested. Not acceptable if: the action exposes or accesses personal information without consent; the behavior conflicts with Germany expectations around directness, punctuality, rule consistency, privacy, and clear agreements; private information is exposed publicly; the target has not consented. Context-dependent if: relationship closeness is unclear; the audience is unclear; prior consent or comfort is unknown; whether there is an explicit rule."
CONTRAST_040,contrastive_scenario_pattern,,,,,friendship situation involving flexibility,,,,,,,,US; Japan,SAC078; SAC079,"Contrastive scenario pattern: friendship situation involving flexibility. Use this chunk when the same behavior may be judged differently across cultures. US / Flexibility: Self-care is valued, but reliability and communication still matter. Acceptable if: the behavior respects or accommodates US expectations around individual autonomy, privacy, direct but respectful communication, and personal boundaries; the person has clearly consented; the topic is raised privately; the relationship is close enough for the information requested. Not acceptable if: the behavior conflicts with US expectations around individual autonomy, privacy, direct but respectful communication, and personal boundaries; private information is exposed publicly; the target has not consented; the setting is professional or with strangers. Context-dependent if: relationship closeness is unclear; the audience is unclear; prior consent or comfort is unknown; whether consent was given. Japan / Reliability: Commitments are expected to be honored unless there is a strong reason. Acceptable if: the behavior respects or accommodates Japan expectations around hierarchy, role formality, group harmony, indirectness, and reliability; there is a serious reason; the actor gives notice and tries to repair the impact; the commitment was tentative. Not acceptable if: the behavior conflicts with Japan expectations around hierarchy, role formality, group harmony, indirectness, and reliability; the actor breaks a clear promise casually; others relied on the commitment; the actor repeats the behavior. Context-dependent if: the reason is unknown; the strength of the commitment is unclear; the impact on others is unknown; whether informality was explicitly invited."
CONTRAST_041,contrastive_scenario_pattern,,,,,friendship situation involving politeness,,,,,,,,US; Japan,SAC080; SAC081,"Contrastive scenario pattern: friendship situation involving politeness. Use this chunk when the same behavior may be judged differently across cultures. US / Politeness: Honesty is acceptable but often softened to avoid hurting others. Acceptable if: the behavior respects or accommodates US expectations around individual autonomy, privacy, direct but respectful communication, and personal boundaries; the person has clearly consented; the topic is raised privately; the relationship is close enough for the information requested. Not acceptable if: the behavior conflicts with US expectations around individual autonomy, privacy, direct but respectful communication, and personal boundaries; private information is exposed publicly; the target has not consented; the setting is professional or with strangers. Context-dependent if: relationship closeness is unclear; the audience is unclear; prior consent or comfort is unknown; whether consent was given. Japan / Harmony: Maintaining harmony often outweighs expressing negative opinions directly. Acceptable if: the behavior respects or accommodates Japan expectations around hierarchy, role formality, group harmony, indirectness, and reliability; criticism is private, indirect, and gives the person a way to save face; the issue is serious enough to require correction; the issue is handled privately or indirectly enough to preserve dignity. Not acceptable if: the action creates avoidable embarrassment or disrupts harmony; the behavior conflicts with Japan expectations around hierarchy, role formality, group harmony, indirectness, and reliability; the person is embarrassed in public; criticism is blunt or shaming. Context-dependent if: tone is unclear; the audience is unclear; the seriousness of the issue is unclear; whether informality was explicitly invited."
CONTRAST_042,contrastive_scenario_pattern,,,,,friendship situation involving communication,,,,,,,,US; Korea,SAC082; SAC083,"Contrastive scenario pattern: friendship situation involving communication. Use this chunk when the same behavior may be judged differently across cultures. US / Communication: Delays may be acceptable, but lack of response can signal disrespect. Acceptable if: the behavior respects or accommodates US expectations around individual autonomy, privacy, direct but respectful communication, and personal boundaries; the person has clearly consented; the topic is raised privately; the relationship is close enough for the information requested. Not acceptable if: the behavior conflicts with US expectations around individual autonomy, privacy, direct but respectful communication, and personal boundaries; private information is exposed publicly; the target has not consented; the setting is professional or with strangers. Context-dependent if: relationship closeness is unclear; the audience is unclear; prior consent or comfort is unknown; whether consent was given. Korea / Responsiveness: Timely communication is often associated with maintaining relationships. Acceptable if: the behavior respects or accommodates Korea expectations around age/status hierarchy, politeness, responsiveness, and maintaining respectful relationships; the person has clearly consented; the topic is raised privately; the relationship is close enough for the information requested. Not acceptable if: the behavior conflicts with Korea expectations around age/status hierarchy, politeness, responsiveness, and maintaining respectful relationships; private information is exposed publicly; the target has not consented; the setting is professional or with strangers. Context-dependent if: relationship closeness is unclear; the audience is unclear; prior consent or comfort is unknown; relative age/status."
CONTRAST_043,contrastive_scenario_pattern,,,,,morality loyalty situation involving support,,,,,,,,US; China,SAC084; SAC085,"Contrastive scenario pattern: morality loyalty situation involving support. Use this chunk when the same behavior may be judged differently across cultures. US / Support: Providing emotional support is generally expected in close friendships. Acceptable if: the behavior respects or accommodates US expectations around individual autonomy, privacy, direct but respectful communication, and personal boundaries; the person has clearly consented; the topic is raised privately; the relationship is close enough for the information requested. Not acceptable if: the behavior conflicts with US expectations around individual autonomy, privacy, direct but respectful communication, and personal boundaries; private information is exposed publicly; the target has not consented; the setting is professional or with strangers. Context-dependent if: relationship closeness is unclear; the audience is unclear; prior consent or comfort is unknown; whether consent was given. China / Relational Duty: Close relationships often carry expectations of mutual support. Acceptable if: the behavior respects or accommodates China expectations around family involvement, role obligations, hierarchy, reciprocity, and preserving face; the person has clearly consented; the topic is raised privately; the relationship is close enough for the information requested. Not acceptable if: the behavior conflicts with China expectations around family involvement, role obligations, hierarchy, reciprocity, and preserving face; private information is exposed publicly; the target has not consented; the setting is professional or with strangers. Context-dependent if: relationship closeness is unclear; the audience is unclear; prior consent or comfort is unknown; age and role of each person."
CONTRAST_044,contrastive_scenario_pattern,,,,,morality loyalty situation involving boundary,,,,,,,,US; India,SAC086; SAC087,"Contrastive scenario pattern: morality loyalty situation involving boundary. Use this chunk when the same behavior may be judged differently across cultures. US / Boundary: Protecting mental health through boundaries is generally accepted. Acceptable if: the actor sets a boundary without insulting or abandoning the other person; the behavior respects or accommodates US expectations around individual autonomy, privacy, direct but respectful communication, and personal boundaries; the person has clearly consented; the topic is raised privately. Not acceptable if: the behavior conflicts with US expectations around individual autonomy, privacy, direct but respectful communication, and personal boundaries; private information is exposed publicly; the target has not consented; the setting is professional or with strangers. Context-dependent if: relationship closeness is unclear; the audience is unclear; prior consent or comfort is unknown; whether consent was given. India / Relational Continuity: Maintaining relationships is valued, but distancing may be acceptable in difficult situations. Acceptable if: the behavior respects or accommodates India expectations around family and community ties, social obligation, respect, and relational continuity; the person has clearly consented; the topic is raised privately; the relationship is close enough for the information requested. Not acceptable if: the behavior conflicts with India expectations around family and community ties, social obligation, respect, and relational continuity; private information is exposed publicly; the target has not consented; the setting is professional or with strangers. Context-dependent if: relationship closeness is unclear; the audience is unclear; prior consent or comfort is unknown; relationship closeness."
CONTRAST_045,contrastive_scenario_pattern,,,,,authority situation involving discussion,,,,,,,,US; Japan,SAC088; SAC089,"Contrastive scenario pattern: authority situation involving discussion. Use this chunk when the same behavior may be judged differently across cultures. US / Discussion: Questioning authority can be acceptable if respectful. Acceptable if: the behavior respects or accommodates US expectations around individual autonomy, privacy, direct but respectful communication, and personal boundaries; the person has clearly consented; the topic is raised privately; the relationship is close enough for the information requested. Not acceptable if: the behavior conflicts with US expectations around individual autonomy, privacy, direct but respectful communication, and personal boundaries; private information is exposed publicly; the target has not consented; the setting is professional or with strangers. Context-dependent if: relationship closeness is unclear; the audience is unclear; prior consent or comfort is unknown; whether consent was given. Japan / Respect For Authority: Public disagreement with teachers may be seen as disrespectful. Acceptable if: the behavior respects or accommodates Japan expectations around hierarchy, role formality, group harmony, indirectness, and reliability; informality or disagreement is explicitly invited; the setting is egalitarian or informal; the challenge is constructive and respectfully phrased. Not acceptable if: the behavior conflicts with Japan expectations around hierarchy, role formality, group harmony, indirectness, and reliability; the action publicly undermines a superior or elder; formal titles or deference are expected; the actor ignores role/status differences. Context-dependent if: organizational culture is unknown; relative age/status is unknown; whether informality was invited is unknown; whether informality was explicitly invited."
CONTRAST_046,contrastive_scenario_pattern,,,,,authority situation involving fairness,,,,,,,,US; China,SAC090; SAC091,"Contrastive scenario pattern: authority situation involving fairness. Use this chunk when the same behavior may be judged differently across cultures. US / Fairness: Students may question fairness, but public confrontation may be discouraged. Acceptable if: the behavior respects or accommodates US expectations around individual autonomy, privacy, direct but respectful communication, and personal boundaries; the person has clearly consented; the topic is raised privately; the relationship is close enough for the information requested. Not acceptable if: the behavior conflicts with US expectations around individual autonomy, privacy, direct but respectful communication, and personal boundaries; private information is exposed publicly; the target has not consented; the setting is professional or with strangers. Context-dependent if: relationship closeness is unclear; the audience is unclear; prior consent or comfort is unknown; whether consent was given. China / Hierarchy: Challenging authority publicly may be seen as inappropriate. Acceptable if: the behavior respects or accommodates China expectations around family involvement, role obligations, hierarchy, reciprocity, and preserving face; informality or disagreement is explicitly invited; the setting is egalitarian or informal; the challenge is constructive and respectfully phrased. Not acceptable if: the actor ignores expected titles, seniority, or formal role boundaries; the behavior conflicts with China expectations around family involvement, role obligations, hierarchy, reciprocity, and preserving face; the action publicly undermines a superior or elder; formal titles or deference are expected. Context-dependent if: organizational culture is unknown; relative age/status is unknown; whether informality was invited is unknown; age and role of each person."
CONTRAST_047,contrastive_scenario_pattern,,,,,care harm situation involving care or harm,,,,,,,,US; UK,SAC092; SAC093,"Contrastive scenario pattern: care harm situation involving care or harm. Use this chunk when the same behavior may be judged differently across cultures. US / Emotional Awareness: Causing embarrassment intentionally is generally discouraged. Acceptable if: the behavior respects or accommodates US expectations around individual autonomy, privacy, direct but respectful communication, and personal boundaries; the actor avoids harm while respecting autonomy; help is offered without coercion; urgent needs are handled responsibly. Not acceptable if: the behavior conflicts with US expectations around individual autonomy, privacy, direct but respectful communication, and personal boundaries; someone vulnerable is knowingly harmed or abandoned; safety is ignored; the actor has a clear duty of care. Context-dependent if: harm severity is unclear; responsibility is unclear; available alternatives are unknown; whether consent was given. UK / Humor: Teasing can be acceptable, but depends on closeness and consent. Acceptable if: the behavior respects or accommodates UK expectations around politeness, restraint, dry humor, and practical concern for others; the actor avoids harm while respecting autonomy; help is offered without coercion; urgent needs are handled responsibly. Not acceptable if: the behavior conflicts with UK expectations around politeness, restraint, dry humor, and practical concern for others; someone vulnerable is knowingly harmed or abandoned; safety is ignored; the actor has a clear duty of care. Context-dependent if: harm severity is unclear; responsibility is unclear; available alternatives are unknown; whether humor is understood."
CONTRAST_048,contrastive_scenario_pattern,,,,,care harm situation involving directness,,,,,,,,Germany; Thailand,SAC094; SAC095,"Contrastive scenario pattern: care harm situation involving directness. Use this chunk when the same behavior may be judged differently across cultures. Germany / Directness: Direct feedback is acceptable but still requires consideration. Acceptable if: direct wording is expected and remains constructive rather than insulting; the behavior respects or accommodates Germany expectations around directness, punctuality, rule consistency, privacy, and clear agreements; directness is constructive, specific, and expected in that setting; the relationship can support frank feedback. Not acceptable if: the behavior conflicts with Germany expectations around directness, punctuality, rule consistency, privacy, and clear agreements; directness becomes insulting, humiliating, or careless; the listener loses face or is criticized publicly. Context-dependent if: tone is unknown; the relationship is unknown; the feedback purpose is unclear; whether there is an explicit rule. Thailand / Face Saving: Avoiding embarrassment is prioritized. Acceptable if: the behavior respects or accommodates Thailand expectations around face-saving, indirectness, calm interaction, and avoiding public embarrassment; criticism is private, indirect, and gives the person a way to save face; the issue is serious enough to require correction; the issue is handled privately or indirectly enough to preserve dignity. Not acceptable if: the action creates avoidable embarrassment or disrupts harmony; the behavior conflicts with Thailand expectations around face-saving, indirectness, calm interaction, and avoiding public embarrassment; the person is embarrassed in public; criticism is blunt or shaming. Context-dependent if: tone is unclear; the audience is unclear; the seriousness of the issue is unclear; whether criticism is public."
CONTRAST_049,contrastive_scenario_pattern,,,,,workplace situation involving coordination,,,,,,,,US; Japan,SAC096; SAC097,"Contrastive scenario pattern: workplace situation involving coordination. Use this chunk when the same behavior may be judged differently across cultures. US / Coordination: Communication is important for teamwork and planning. Acceptable if: the behavior respects or accommodates US expectations around individual autonomy, privacy, direct but respectful communication, and personal boundaries; the person has clearly consented; the topic is raised privately; the relationship is close enough for the information requested. Not acceptable if: the behavior conflicts with US expectations around individual autonomy, privacy, direct but respectful communication, and personal boundaries; private information is exposed publicly; the target has not consented; the setting is professional or with strangers. Context-dependent if: relationship closeness is unclear; the audience is unclear; prior consent or comfort is unknown; whether consent was given. Japan / Group Responsibility: Team awareness and coordination are strongly emphasized. Acceptable if: the behavior respects or accommodates Japan expectations around hierarchy, role formality, group harmony, indirectness, and reliability; the person has clearly consented; the topic is raised privately; the relationship is close enough for the information requested. Not acceptable if: the behavior conflicts with Japan expectations around hierarchy, role formality, group harmony, indirectness, and reliability; private information is exposed publicly; the target has not consented; the setting is professional or with strangers. Context-dependent if: relationship closeness is unclear; the audience is unclear; prior consent or comfort is unknown; whether informality was explicitly invited."
CONTRAST_050,contrastive_scenario_pattern,,,,,workplace situation involving autonomy,,,,,,,,US; Germany,SAC098; SAC099,"Contrastive scenario pattern: workplace situation involving autonomy. Use this chunk when the same behavior may be judged differently across cultures. US / Autonomy: Independent work is valued but coordination is still important. Acceptable if: the actor sets a boundary without insulting or abandoning the other person; the behavior respects or accommodates US expectations around individual autonomy, privacy, direct but respectful communication, and personal boundaries; the person has clearly consented; the topic is raised privately. Not acceptable if: the behavior conflicts with US expectations around individual autonomy, privacy, direct but respectful communication, and personal boundaries; private information is exposed publicly; the target has not consented; the setting is professional or with strangers. Context-dependent if: relationship closeness is unclear; the audience is unclear; prior consent or comfort is unknown; whether consent was given. Germany / Structure: Clear communication and structure are expected. Acceptable if: the behavior respects or accommodates Germany expectations around directness, punctuality, rule consistency, privacy, and clear agreements; the person has clearly consented; the topic is raised privately; the relationship is close enough for the information requested. Not acceptable if: the behavior conflicts with Germany expectations around directness, punctuality, rule consistency, privacy, and clear agreements; private information is exposed publicly; the target has not consented; the setting is professional or with strangers. Context-dependent if: relationship closeness is unclear; the audience is unclear; prior consent or comfort is unknown; whether there is an explicit rule."
CONTRAST_051,contrastive_scenario_pattern,,,,,fairness situation involving fairness,,,,,,,,US; Japan,SAC100; SAC101,"Contrastive scenario pattern: fairness situation involving fairness. Use this chunk when the same behavior may be judged differently across cultures. US / Fairness: Keeping money given in error is generally seen as dishonest. Acceptable if: the behavior respects or accommodates US expectations around individual autonomy, privacy, direct but respectful communication, and personal boundaries; the person has clearly consented; the topic is raised privately; the relationship is close enough for the information requested. Not acceptable if: the behavior conflicts with US expectations around individual autonomy, privacy, direct but respectful communication, and personal boundaries; private information is exposed publicly; the target has not consented; the setting is professional or with strangers. Context-dependent if: relationship closeness is unclear; the audience is unclear; prior consent or comfort is unknown; whether consent was given. Japan / Honesty: Honesty in transactions is strongly emphasized. Acceptable if: the behavior respects or accommodates Japan expectations around hierarchy, role formality, group harmony, indirectness, and reliability; the person has clearly consented; the topic is raised privately; the relationship is close enough for the information requested. Not acceptable if: the behavior conflicts with Japan expectations around hierarchy, role formality, group harmony, indirectness, and reliability; private information is exposed publicly; the target has not consented; the setting is professional or with strangers. Context-dependent if: relationship closeness is unclear; the audience is unclear; prior consent or comfort is unknown; whether informality was explicitly invited."
CONTRAST_052,contrastive_scenario_pattern,,,,,fairness situation involving reciprocity,,,,,,,,US; India,SAC102; SAC103,"Contrastive scenario pattern: fairness situation involving reciprocity. Use this chunk when the same behavior may be judged differently across cultures. US / Reciprocity: Returning borrowed items is expected. Acceptable if: the behavior respects or accommodates US expectations around individual autonomy, privacy, direct but respectful communication, and personal boundaries; resources are limited or expectations were not established; the actor communicates constraints; the exchange is voluntary. Not acceptable if: the behavior conflicts with US expectations around individual autonomy, privacy, direct but respectful communication, and personal boundaries; the actor exploits generosity; the actor ignores a clear obligation; the relationship depends on mutual support. Context-dependent if: prior favors are unknown; resources are unknown; relationship closeness is unclear; whether consent was given. India / Social Obligation: Reciprocity is important in maintaining relationships. Acceptable if: the behavior respects or accommodates India expectations around family and community ties, social obligation, respect, and relational continuity; resources are limited or expectations were not established; the actor communicates constraints; the exchange is voluntary. Not acceptable if: the behavior conflicts with India expectations around family and community ties, social obligation, respect, and relational continuity; the actor exploits generosity; the actor ignores a clear obligation; the relationship depends on mutual support. Context-dependent if: prior favors are unknown; resources are unknown; relationship closeness is unclear; relationship closeness."
CONTRAST_053,contrastive_scenario_pattern,,,,,deciding whether to help someone,,,,,,,,US; Japan,SAC104; SAC105,"Contrastive scenario pattern: deciding whether to help someone. Use this chunk when the same behavior may be judged differently across cultures. US / Gratitude: Expressing appreciation is expected. Acceptable if: the behavior respects or accommodates US expectations around individual autonomy, privacy, direct but respectful communication, and personal boundaries; the actor avoids harm while respecting autonomy; help is offered without coercion; urgent needs are handled responsibly. Not acceptable if: the behavior conflicts with US expectations around individual autonomy, privacy, direct but respectful communication, and personal boundaries; someone vulnerable is knowingly harmed or abandoned; safety is ignored; the actor has a clear duty of care. Context-dependent if: harm severity is unclear; responsibility is unclear; available alternatives are unknown; whether consent was given. Japan / Politeness: Gratitude is expressed explicitly and frequently. Acceptable if: the behavior respects or accommodates Japan expectations around hierarchy, role formality, group harmony, indirectness, and reliability; the actor avoids harm while respecting autonomy; help is offered without coercion; urgent needs are handled responsibly. Not acceptable if: the behavior conflicts with Japan expectations around hierarchy, role formality, group harmony, indirectness, and reliability; someone vulnerable is knowingly harmed or abandoned; safety is ignored; the actor has a clear duty of care. Context-dependent if: harm severity is unclear; responsibility is unclear; available alternatives are unknown; whether informality was explicitly invited."
CONTRAST_054,contrastive_scenario_pattern,,,,,social etiquette situation involving autonomy,,,,,,,,US; China,SAC106; SAC107,"Contrastive scenario pattern: social etiquette situation involving autonomy. Use this chunk when the same behavior may be judged differently across cultures. US / Autonomy: Declining gifts is acceptable but should be polite. Acceptable if: the actor sets a boundary without insulting or abandoning the other person; the behavior respects or accommodates US expectations around individual autonomy, privacy, direct but respectful communication, and personal boundaries; the person has clearly consented; the topic is raised privately. Not acceptable if: the behavior conflicts with US expectations around individual autonomy, privacy, direct but respectful communication, and personal boundaries; private information is exposed publicly; the target has not consented; the setting is professional or with strangers. Context-dependent if: relationship closeness is unclear; the audience is unclear; prior consent or comfort is unknown; whether consent was given. China / Reciprocity: Accepting gifts maintains social harmony and reciprocity. Acceptable if: the behavior respects or accommodates China expectations around family involvement, role obligations, hierarchy, reciprocity, and preserving face; resources are limited or expectations were not established; the actor communicates constraints; the exchange is voluntary. Not acceptable if: the behavior conflicts with China expectations around family involvement, role obligations, hierarchy, reciprocity, and preserving face; the actor exploits generosity; the actor ignores a clear obligation; the relationship depends on mutual support. Context-dependent if: prior favors are unknown; resources are unknown; relationship closeness is unclear; age and role of each person."
CONTRAST_055,contrastive_scenario_pattern,,,,,social etiquette situation involving casual,,,,,,,,US; France,SAC108; SAC109,"Contrastive scenario pattern: social etiquette situation involving casual. Use this chunk when the same behavior may be judged differently across cultures. US / Casual: Not always required, but bringing something is appreciated. Acceptable if: the behavior respects or accommodates US expectations around individual autonomy, privacy, direct but respectful communication, and personal boundaries; the person has clearly consented; the topic is raised privately; the relationship is close enough for the information requested. Not acceptable if: the behavior conflicts with US expectations around individual autonomy, privacy, direct but respectful communication, and personal boundaries; private information is exposed publicly; the target has not consented; the setting is professional or with strangers. Context-dependent if: relationship closeness is unclear; the audience is unclear; prior consent or comfort is unknown; whether consent was given. France / Hosting: Guests are generally expected to bring a small gift. Acceptable if: the behavior respects or accommodates France expectations around personal boundaries, hosting customs, privacy, and respect for social form; the person has clearly consented; the topic is raised privately; the relationship is close enough for the information requested. Not acceptable if: the behavior conflicts with France expectations around personal boundaries, hosting customs, privacy, and respect for social form; private information is exposed publicly; the target has not consented; the setting is professional or with strangers. Context-dependent if: relationship closeness is unclear; the audience is unclear; prior consent or comfort is unknown; whether the host invited informality."
CONTRAST_056,contrastive_scenario_pattern,,,,,privacy situation involving privacy or consent,,,,,,,,US; Germany,SAC110; SAC111,"Contrastive scenario pattern: privacy situation involving privacy or consent. Use this chunk when the same behavior may be judged differently across cultures. US / Consent: Sharing private information without consent is discouraged. Acceptable if: the behavior respects or accommodates US expectations around individual autonomy, privacy, direct but respectful communication, and personal boundaries; the person has clearly consented; the topic is raised privately; the relationship is close enough for the information requested. Not acceptable if: the action exposes or accesses personal information without consent; the behavior conflicts with US expectations around individual autonomy, privacy, direct but respectful communication, and personal boundaries; private information is exposed publicly; the target has not consented. Context-dependent if: relationship closeness is unclear; the audience is unclear; prior consent or comfort is unknown; whether consent was given. Germany / Privacy: Privacy is strongly protected socially and legally. Acceptable if: the behavior respects or accommodates Germany expectations around directness, punctuality, rule consistency, privacy, and clear agreements; the person has clearly consented; the topic is raised privately; the relationship is close enough for the information requested. Not acceptable if: the action exposes or accesses personal information without consent; the behavior conflicts with Germany expectations around directness, punctuality, rule consistency, privacy, and clear agreements; private information is exposed publicly; the target has not consented. Context-dependent if: relationship closeness is unclear; the audience is unclear; prior consent or comfort is unknown; whether there is an explicit rule."
CONTRAST_057,contrastive_scenario_pattern,,,,,privacy situation involving privacy or consent,,,,,,,,US; South Korea,SAC112; SAC113,"Contrastive scenario pattern: privacy situation involving privacy or consent. Use this chunk when the same behavior may be judged differently across cultures. US / Consent: Often acceptable but depends on context and sensitivity. Acceptable if: the behavior respects or accommodates US expectations around individual autonomy, privacy, direct but respectful communication, and personal boundaries; the person has clearly consented; the topic is raised privately; the relationship is close enough for the information requested. Not acceptable if: the action exposes or accesses personal information without consent; the behavior conflicts with US expectations around individual autonomy, privacy, direct but respectful communication, and personal boundaries; private information is exposed publicly; the target has not consented. Context-dependent if: relationship closeness is unclear; the audience is unclear; prior consent or comfort is unknown; whether consent was given. South Korea / Image: Control over one’s image is socially important. Acceptable if: the behavior respects or accommodates South Korea expectations around image management, privacy, politeness, and sensitivity to social evaluation; the person has clearly consented; the topic is raised privately; the relationship is close enough for the information requested. Not acceptable if: the behavior conflicts with South Korea expectations around image management, privacy, politeness, and sensitivity to social evaluation; private information is exposed publicly; the target has not consented; the setting is professional or with strangers. Context-dependent if: relationship closeness is unclear; the audience is unclear; prior consent or comfort is unknown; whether consent was given."
CONTRAST_058,contrastive_scenario_pattern,,,,,breaking or changing a commitment,,,,,,,,US; Japan,SAC114; SAC115,"Contrastive scenario pattern: breaking or changing a commitment. Use this chunk when the same behavior may be judged differently across cultures. US / Reliability: Keeping promises is fundamental to trust. Acceptable if: the behavior respects or accommodates US expectations around individual autonomy, privacy, direct but respectful communication, and personal boundaries; there is a serious reason; the actor gives notice and tries to repair the impact; the commitment was tentative. Not acceptable if: the behavior conflicts with US expectations around individual autonomy, privacy, direct but respectful communication, and personal boundaries; the actor breaks a clear promise casually; others relied on the commitment; the actor repeats the behavior. Context-dependent if: the reason is unknown; the strength of the commitment is unclear; the impact on others is unknown; whether consent was given. Japan / Obligation: Reliability and fulfilling obligations are strongly emphasized. Acceptable if: the behavior respects or accommodates Japan expectations around hierarchy, role formality, group harmony, indirectness, and reliability; there is a serious reason; the actor gives notice and tries to repair the impact; the commitment was tentative. Not acceptable if: the behavior conflicts with Japan expectations around hierarchy, role formality, group harmony, indirectness, and reliability; the actor breaks a clear promise casually; others relied on the commitment; the actor repeats the behavior. Context-dependent if: the reason is unknown; the strength of the commitment is unclear; the impact on others is unknown; whether informality was explicitly invited."
CONTRAST_059,contrastive_scenario_pattern,,,,,commitment situation involving commitment or reliability,,,,,,,,US; Germany,SAC116; SAC117,"Contrastive scenario pattern: commitment situation involving commitment or reliability. Use this chunk when the same behavior may be judged differently across cultures. US / Flexibility: Changing plans is acceptable with communication. Acceptable if: the behavior respects or accommodates US expectations around individual autonomy, privacy, direct but respectful communication, and personal boundaries; there is a serious reason; the actor gives notice and tries to repair the impact; the commitment was tentative. Not acceptable if: the behavior conflicts with US expectations around individual autonomy, privacy, direct but respectful communication, and personal boundaries; the actor breaks a clear promise casually; others relied on the commitment; the actor repeats the behavior. Context-dependent if: the reason is unknown; the strength of the commitment is unclear; the impact on others is unknown; whether consent was given. Germany / Agreement: Agreements are expected to be honored unless unavoidable. Acceptable if: the behavior respects or accommodates Germany expectations around directness, punctuality, rule consistency, privacy, and clear agreements; there is a serious reason; the actor gives notice and tries to repair the impact; the commitment was tentative. Not acceptable if: the behavior conflicts with Germany expectations around directness, punctuality, rule consistency, privacy, and clear agreements; the actor breaks a clear promise casually; others relied on the commitment; the actor repeats the behavior. Context-dependent if: the reason is unknown; the strength of the commitment is unclear; the impact on others is unknown; whether there is an explicit rule."
CONTRAST_060,contrastive_scenario_pattern,,,,,deciding whether to help someone,,,,,,,,US; India,SAC118; SAC119,"Contrastive scenario pattern: deciding whether to help someone. Use this chunk when the same behavior may be judged differently across cultures. US / Situational Help: Helping is encouraged but depends on ability and safety. Acceptable if: the behavior respects or accommodates US expectations around individual autonomy, privacy, direct but respectful communication, and personal boundaries; the actor avoids harm while respecting autonomy; help is offered without coercion; urgent needs are handled responsibly. Not acceptable if: the behavior conflicts with US expectations around individual autonomy, privacy, direct but respectful communication, and personal boundaries; someone vulnerable is knowingly harmed or abandoned; safety is ignored; the actor has a clear duty of care. Context-dependent if: harm severity is unclear; responsibility is unclear; available alternatives are unknown; whether consent was given. India / Community: Helping others is often socially expected in community contexts. Acceptable if: the behavior respects or accommodates India expectations around family and community ties, social obligation, respect, and relational continuity; the actor avoids harm while respecting autonomy; help is offered without coercion; urgent needs are handled responsibly. Not acceptable if: the behavior conflicts with India expectations around family and community ties, social obligation, respect, and relational continuity; someone vulnerable is knowingly harmed or abandoned; safety is ignored; the actor has a clear duty of care. Context-dependent if: harm severity is unclear; responsibility is unclear; available alternatives are unknown; relationship closeness."
